timestamp,ee_x,ee_y,ee_z,pose_6d_0,pose_6d_1,pose_6d_2,pose_6d_3,pose_6d_4,pose_6d_5,gripper,obj_x,obj_y,obj_z
1772596635.4104285,0.43150003232473777,0.14588206350558078,0.4972211261635754,0.8692935586215944,-0.48166810571653385,0.11101596675456513,-0.49429473508933985,-0.8476249166476433,0.19288523930315424,3,0.48072949605208243,-0.04797794031182588,0.1094363041528675
1772596635.4539433,0.43130560311340826,0.1464637921095175,0.49718728502141446,0.8698940445119908,-0.4805633250600445,0.11110014369839936,-0.4932364643691036,-0.848203952308534,0.19304881637774599,3,0.48072949605208243,-0.04797794031182588,0.1094363041528675
1772596635.497765,0.43134625787516834,0.14634061824624098,0.4971551300874034,0.8697814501350456,-0.480788919888706,0.1110056012696159,-0.49343540266953356,-0.848083464984178,0.19306977964659766,3,0.48072949605208243,-0.04797794031182588,0.1094363041528675
1772596635.541901,0.4314417704620731,0.1460859416485345,0.4970529338568507,0.8695733823838955,-0.48123007112515187,0.1107237612001738,-0.4938028665875693,-0.8478515256377538,0.19314895656884257,3,0.48072949605208243,-0.04797794031182588,0.1094363041528675
1772596635.5420473,0.4314417704620731,0.1460859416485345,0.4970529338568507,0.8695733823838955,-0.48123007112515187,0.1107237612001738,-0.4938028665875693,-0.8478515256377538,0.19314895656884257,3,0.48072949605208243,-0.04797794031182588,0.1094363041528675
1772596635.585814,0.43145548330227224,0.1460241609343208,0.4969925613132009,0.8695387213267195,-0.4813237985855205,0.11058848506376899,-0.4938641922589561,-0.8477999005288787,0.193218757546033,3,0.48072949605208243,-0.04797794031182588,0.1094363041528675
1772596635.6014721,0.43145548330227224,0.1460241609343208,0.4969925613132009,0.8695387213267195,-0.4813237985855205,0.11058848506376899,-0.4938641922589561,-0.8477999005288787,0.193218757546033,3,0.48072949605208243,-0.04797794031182588,0.1094363041528675
1772596635.6419413,0.43143829689838037,0.14606263442589637,0.49699744081333364,0.8695736604936933,-0.48125590031601856,0.11060925542927055,-0.4938026174035229,-0.847835376844135,0.19322046686879213,3,0.48072949605208243,-0.04797794031182588,0.1094363041528675
1772596635.6858778,0.431433617390888,0.14607601398641673,0.49697717634792693,0.8695961555555055,-0.4812254882818874,0.11056471259377736,-0.49376306648647605,-0.8478530116559121,0.19324415851422844,3,0.48072949605208243,-0.04797794031182588,0.1094363041528675
1772596635.733805,0.43145000342134127,0.14603774781327603,0.4969629934375328,0.8695614224601488,-0.4812975601578641,0.11052416548053995,-0.4938243125720004,-0.847816033283996,0.1932498952635719,3,0.48072949605208243,-0.04797794031182588,0.1094363041528675
1772596635.7818508,0.43144474957015083,0.14603979115408963,0.49696540659727817,0.8695604957596778,-0.48129753582862556,0.11053156209642953,-0.49382593620829374,-0.8478149149358812,0.1932506526257216,3,0.48072949605208243,-0.04797794031182588,0.1094363041528675
1772596635.7820082,0.43144474957015083,0.14603979115408963,0.49696540659727817,0.8695604957596778,-0.48129753582862556,0.11053156209642953,-0.49382593620829374,-0.8478149149358812,0.1932506526257216,3,0.48072949605208243,-0.04797794031182588,0.1094363041528675
1772596635.8259282,0.4314424557837525,0.1460377581137408,0.4969750323661297,0.8695520510703293,-0.4813070182247441,0.1105567034918711,-0.49384077388138325,-0.8478079407179581,0.19324333289356158,3,0.48072949605208243,-0.04797794031182588,0.1094363041528675
1772596635.8347974,0.4314424557837525,0.1460377581137408,0.4969750323661297,0.8695520510703293,-0.4813070182247441,0.1105567034918711,-0.49384077388138325,-0.8478079407179581,0.19324333289356158,3,0.48072949605208243,-0.04797794031182588,0.1094363041528675
1772596635.877859,0.4314479372278722,0.14602122760124336,0.49696809905962525,0.8695406003626406,-0.48133215111506167,0.11053734492888068,-0.493860973312074,-0.8477945238180528,0.19325057418639716,3,0.48072949605208243,-0.04797794031182588,0.1094363041528675
1772596635.9218545,0.43145191711349995,0.14600986610375588,0.49696179269866386,0.8695295162317456,-0.4813558850753164,0.11052118487034654,-0.4938805191908871,-0.8477820035474746,0.19325554901417324,3,0.48072949605208243,-0.04797794031182588,0.1094363041528675
1772596635.965983,0.431448835401685,0.1460149084016552,0.49697246700894704,0.8695308048198344,-0.4813472402866492,0.11054869396694919,-0.4938782094133196,-0.8477853051673155,0.19324696791684767,3,0.48072949605208243,-0.04797794031182588,0.1094363041528675
1772596636.0098984,0.4314485494319736,0.1460198532846403,0.49696762791204047,0.8695373313802396,-0.48133888983723494,0.11053371642349619,-0.4938667354502876,-0.8477912236159616,0.1932503267149283,3,0.48072949605208243,-0.04797794031182588,0.1094363041528675
1772596636.0100908,0.4314485494319736,0.1460198532846403,0.49696762791204047,0.8695373313802396,-0.48133888983723494,0.11053371642349619,-0.4938667354502876,-0.8477912236159616,0.1932503267149283,3,0.48072949605208243,-0.04797794031182588,0.1094363041528675
1772596636.0539227,0.4314471904567587,0.14602586767227368,0.4969696169245521,0.8695449568704319,-0.48132360929150064,0.11054026922258584,-0.4938532929142845,-0.8478000399966605,0.1932460019234,3,0.48072949605208243,-0.04797794031182588,0.1094363041528675
1772596636.0681286,0.4314471904567587,0.14602586767227368,0.4969696169245521,0.8695449568704319,-0.48132360929150064,0.11054026922258584,-0.4938532929142845,-0.8478000399966605,0.1932460019234,3,0.48072949605208243,-0.04797794031182588,0.1094363041528675
1772596636.1098454,0.4314471904567587,0.14602586767227368,0.4969696169245521,0.8695449568704319,-0.48132360929150064,0.11054026922258584,-0.4938532929142845,-0.8478000399966605,0.1932460019234,3,0.48072949605208243,-0.04797794031182588,0.1094363041528675
1772596636.1538517,0.43145172492089734,0.1460260453834393,0.4969650647866289,0.8695486783675245,-0.4813185169848078,0.11053316767756863,-0.4938467488090235,-0.8478032195577939,0.1932487764468302,3,0.48072949605208243,-0.04797794031182588,0.1094363041528675
1772596636.197781,0.4314587489239686,0.14601491757124357,0.4969580702810703,0.8695377648526521,-0.48134242155540913,0.11051492526454934,-0.49386599450186947,-0.8477918637101338,0.19324941216360092,3,0.48072949605208243,-0.04797794031182588,0.1094363041528675
1772596636.2445009,0.43145268722312735,0.14602934225052935,0.49696441234025956,0.8695505193258289,-0.4813158561850696,0.11053027153235156,-0.4938435048003231,-0.8478066849883071,0.19324186310339497,3,0.48072949605208243,-0.04797794031182588,0.1094363041528675
1772596636.244728,0.43145268722312735,0.14602934225052935,0.49696441234025956,0.8695505193258289,-0.4813158561850696,0.11053027153235156,-0.4938435048003231,-0.8478066849883071,0.19324186310339497,3,0.48072949605208243,-0.04797794031182588,0.1094363041528675
1772596636.285875,0.4314824865091236,0.1460142605364597,0.4969301534547257,0.8695461063371701,-0.48134092967537095,0.1104557756439942,-0.4938513664620093,-0.8478023294322019,0.19324088090499503,3,0.48072949605208243,-0.04797794031182588,0.1094363041528675
1772596636.301492,0.4314824865091236,0.1460142605364597,0.4969301534547257,0.8695461063371701,-0.48134092967537095,0.1104557756439942,-0.4938513664620093,-0.8478023294322019,0.19324088090499503,3,0.48072949605208243,-0.04797794031182588,0.1094363041528675
1772596636.34587,0.43148764542473594,0.14601844134705425,0.49692063198608105,0.8695565779146571,-0.48132781760508153,0.11043047498259018,-0.4938329523582044,-0.8478123922900497,0.19324379070128617,3,0.48072949605208243,-0.04797794031182588,0.1094363041528675
1772596636.389796,0.43148118739679986,0.1460162721617856,0.49692585936600486,0.8695507296733194,-0.48133466067810615,0.11044669734532611,-0.4938432387553964,-0.847805160073899,0.19324923308425024,3,0.48072949605208243,-0.04797794031182588,0.1094363041528675
1772596636.4337692,0.43147070254027026,0.1460398538350053,0.4969371988881365,0.8695723945891143,-0.4812883655816252,0.11047786983971894,-0.49380503753736144,-0.8478284657251101,0.19324460563992765,3,0.48072949605208243,-0.04797794031182588,0.1094363041528675
1772596636.4778512,0.4314668024029724,0.14606763248708277,0.4969683963373936,0.869589325615058,-0.4812425827925539,0.11054402418720251,-0.4937750956080557,-0.847855529136357,0.1932023723202279,3,0.48072949605208243,-0.04797794031182588,0.1094363041528675
1772596636.477986,0.4314668024029724,0.14606763248708277,0.4969683963373936,0.869589325615058,-0.4812425827925539,0.11054402418720251,-0.4937750956080557,-0.847855529136357,0.1932023723202279,3,0.48072949605208243,-0.04797794031182588,0.1094363041528675
1772596636.521847,0.4314671192804042,0.14598522799212688,0.49703061515395036,0.8694928443788005,-0.4813903704979602,0.11065940884488668,-0.49394484885822243,-0.8477647638390028,0.19316674527316455,3,0.48072949605208243,-0.04797794031182588,0.1094363041528675
1772596636.5350008,0.4314671192804042,0.14598522799212688,0.49703061515395036,0.8694928443788005,-0.4813903704979602,0.11065940884488668,-0.49394484885822243,-0.8477647638390028,0.19316674527316455,3,0.48072949605208243,-0.04797794031182588,0.1094363041528675
1772596636.5778215,0.43149057266242435,0.14589635121660954,0.49703184919171894,0.8695980005792154,-0.48121889144591673,0.11057891256561361,-0.49375977308491287,-0.8478616599933864,0.19321462676618095,3,0.48072949605208243,-0.04797794031182588,0.1094363041528675
1772596636.626116,0.4315479515281073,0.14565458435254147,0.4970917877229643,0.869586131809266,-0.4812361068354787,0.11059732746694349,-0.49378065929569026,-0.8478491746113567,0.19321603871406534,3,0.48072949605208243,-0.04797794031182588,0.1094363041528675
1772596636.6699686,0.4317587274452933,0.14444314566404423,0.4975821199222028,0.8684782610019404,-0.483067823607887,0.1113148146554866,-0.49572579115555127,-0.846842832513705,0.1926477536940628,3,0.48072949605208243,-0.04797794031182588,0.1094363041528675
1772596636.6701515,0.4317587274452933,0.14444314566404423,0.4975821199222028,0.8684782610019404,-0.483067823607887,0.1113148146554866,-0.49572579115555127,-0.846842832513705,0.1926477536940628,3,0.48072949605208243,-0.04797794031182588,0.1094363041528675
1772596636.7139874,0.43201115683624414,0.14199458806334164,0.4990213034782498,0.8660392260176838,-0.48682745165175917,0.11390825833514343,-0.4999660637804751,-0.8446874085320953,0.19114684652170325,3,0.48072949605208243,-0.04797794031182588,0.1094363041528675
1772596636.73492,0.43201115683624414,0.14199458806334164,0.4990213034782498,0.8660392260176838,-0.48682745165175917,0.11390825833514343,-0.4999660637804751,-0.8446874085320953,0.19114684652170325,3,0.48072949605208243,-0.04797794031182588,0.1094363041528675
1772596636.7777746,0.4321757101242013,0.14026869465445616,0.5000692683782724,0.8648474893688108,-0.48850826757771354,0.11575185804420429,-0.5020128066077567,-0.8436613537077636,0.19031201292032726,3,0.48072949605208243,-0.04797794031182588,0.1094363041528675
1772596636.8217673,0.43233763201500985,0.13838537667766632,0.5012177346825382,0.8638245186872406,-0.4898472529459114,0.11771520588310169,-0.5037525493421982,-0.8427998735822249,0.18953031979348822,3,0.48072949605208243,-0.04797794031182588,0.1094363041528675
1772596636.8657956,0.43248505381965846,0.13630480212369914,0.5025062991455496,0.8626973651245559,-0.49129878272594674,0.11991147692840629,-0.5056529901943388,-0.8418587748433303,0.18865009071508793,3,0.48072949605208243,-0.04797794031182588,0.1094363041528675
1772596636.910122,0.432692671758998,0.1315804866208143,0.5056110305226378,0.861149356757891,-0.4928443759945536,0.1246041989902808,-0.5081892664453206,-0.8408142169174428,0.1864808893674469,3,0.48072949605208243,-0.04797794031182588,0.1094363041528675
1772596636.9103994,0.432692671758998,0.1315804866208143,0.5056110305226378,0.861149356757891,-0.4928443759945536,0.1246041989902808,-0.5081892664453206,-0.8408142169174428,0.1864808893674469,3,0.48072949605208243,-0.04797794031182588,0.1094363041528675
1772596636.953774,0.4327165450532072,0.12637902567075907,0.5090685635877822,0.8609757462008719,-0.49204350391651014,0.12889513065827982,-0.5083363409559029,-0.841207130266253,0.18429522091681985,3,0.48072949605208243,-0.04797794031182588,0.1094363041528675
1772596636.9680605,0.4327165450532072,0.12637902567075907,0.5090685635877822,0.8609757462008719,-0.49204350391651014,0.12889513065827982,-0.5083363409559029,-0.841207130266253,0.18429522091681985,3,0.48072949605208243,-0.04797794031182588,0.1094363041528675
1772596637.010615,0.4326492137968036,0.12349882088937042,0.5109599191223296,0.8618294288490727,-0.49003050575641793,0.13084394903009652,-0.5067865044709663,-0.8423745348624052,0.1832282235395132,3,0.48072949605208243,-0.04797794031182588,0.1094363041528675
1772596637.0537884,0.4325610415832287,0.12041772610755208,0.5128874847352163,0.8626708202011008,-0.48802167114159284,0.13279271241196824,-0.5052358333145981,-0.8435494350657912,0.182101903710776,3,0.48072949605208243,-0.04797794031182588,0.1094363041528675
1772596637.0979073,0.4324044086037889,0.11734560725648432,0.5148690109894305,0.8628109724197796,-0.4871357221260374,0.13511481821317278,-0.5048580141089513,-0.8440647709573147,0.18075687543975183,3,0.48072949605208243,-0.04797794031182588,0.1094363041528675
1772596637.141914,0.4320612065131126,0.11098204742150355,0.5189312412099201,0.8603815331832534,-0.48984490542581216,0.14069678740330743,-0.5086591279363726,-0.8425481409760076,0.17713983658365123,3,0.48072949605208243,-0.04797794031182588,0.1094363041528675
1772596637.1421275,0.4320612065131126,0.11098204742150355,0.5189312412099201,0.8603815331832534,-0.48984490542581216,0.14069678740330743,-0.5086591279363726,-0.8425481409760076,0.17713983658365123,3,0.48072949605208243,-0.04797794031182588,0.1094363041528675
1772596637.1858277,0.4315695401595087,0.1047975210646507,0.5226819152359765,0.8585997118603739,-0.49155706752154904,0.14552726261047527,-0.5113118218024719,-0.8416062966229048,0.17395132183952075,3,0.48072949605208243,-0.04797794031182588,0.1094363041528675
1772596637.2015643,0.4315695401595087,0.1047975210646507,0.5226819152359765,0.8585997118603739,-0.49155706752154904,0.14552726261047527,-0.5113118218024719,-0.8416062966229048,0.17395132183952075,3,0.48072949605208243,-0.04797794031182588,0.1094363041528675
1772596637.2458093,0.4313732539760731,0.10166765911070444,0.5244818334639171,0.857638121210723,-0.49259588512018715,0.14766904553358662,-0.5127465542401825,-0.8410792930275369,0.17226895818782484,3,0.48072949605208243,-0.04797794031182588,0.1094363041528675
1772596637.2898116,0.4311915301600998,0.09845555695701616,0.5262764430803464,0.8565522559756072,-0.49387428787244336,0.14968774352492797,-0.5143772433308895,-0.8404616735495615,0.17041193279106143,3,0.48072949605208243,-0.04797794031182588,0.1094363041528675
1772596637.3338761,0.4310149179948102,0.09521286119870079,0.5280721413493047,0.854919762844643,-0.49602796255409953,0.15188304534110597,-0.5168952910295508,-0.839321852088067,0.16839859476531696,3,0.48072949605208243,-0.04797794031182588,0.1094363041528675
1772596637.377862,0.43071933278724023,0.08849798617025242,0.5315863626165007,0.848636511088136,-0.5052395264477175,0.15668150166194597,-0.526772182341858,-0.8341897739695905,0.16321301699117127,3,0.48072949605208243,-0.04797794031182588,0.1094363041528675
1772596637.3780067,0.43071933278724023,0.08849798617025242,0.5315863626165007,0.848636511088136,-0.5052395264477175,0.15668150166194597,-0.526772182341858,-0.8341897739695905,0.16321301699117127,3,0.48072949605208243,-0.04797794031182588,0.1094363041528675
1772596637.4218626,0.4305783212034964,0.08187397806123596,0.5349033892179118,0.8417981356779469,-0.5151737758747149,0.16115793315912808,-0.5372386128189109,-0.8286120798063905,0.15740614376618342,3,0.48072949605208243,-0.04797794031182588,0.1094363041528675
1772596637.4353008,0.4305783212034964,0.08187397806123596,0.5349033892179118,0.8417981356779469,-0.5151737758747149,0.16115793315912808,-0.5372386128189109,-0.8286120798063905,0.15740614376618342,3,0.48072949605208243,-0.04797794031182588,0.1094363041528675
1772596637.4777787,0.4305014563663102,0.07855507865915495,0.5364887038009845,0.8385490998652931,-0.5199228884240845,0.16283610535708457,-0.5421141280081789,-0.8260206439201121,0.1542795126766206,3,0.48072949605208243,-0.04797794031182588,0.1094363041528675
1772596637.5217674,0.43043331062884616,0.07526809990549807,0.537982444888851,0.8352154094745998,-0.5248255888971939,0.1642355656211241,-0.5470654881539573,-0.8233616889653026,0.1509797364386268,3,0.48072949605208243,-0.04797794031182588,0.1094363041528675
1772596637.5658684,0.4302662535532698,0.07219063065765596,0.5393866266478812,0.8319138267895384,-0.5297287654347117,0.16524775298745234,-0.5519267254745733,-0.8207189148459063,0.1476392648351819,3,0.48072949605208243,-0.04797794031182588,0.1094363041528675
1772596637.6140153,0.4298129205351332,0.06615960780111953,0.5421267333507321,0.824408778473722,-0.54099657500211,0.1663516510631975,-0.5627953236637544,-0.8147496188110666,0.13944347352756095,3,0.48072949605208243,-0.04797794031182588,0.1094363041528675
1772596637.6141763,0.4298129205351332,0.06615960780111953,0.5421267333507321,0.824408778473722,-0.54099657500211,0.1663516510631975,-0.5627953236637544,-0.8147496188110666,0.13944347352756095,3,0.48072949605208243,-0.04797794031182588,0.1094363041528675
1772596637.6584342,0.42921422624049754,0.061392085603403215,0.5445934916970703,0.8169161979444481,-0.5527448112133188,0.16468484815774606,-0.5733382345690926,-0.809307044570672,0.12769250717829972,3,0.48072949605208243,-0.04797794031182588,0.1094363041528675
1772596637.6681216,0.42921422624049754,0.061392085603403215,0.5445934916970703,0.8169161979444481,-0.5527448112133188,0.16468484815774606,-0.5733382345690926,-0.809307044570672,0.12769250717829972,3,0.48072949605208243,-0.04797794031182588,0.1094363041528675
1772596637.7098358,0.42884302332669183,0.05943401633065226,0.5457276811327345,0.8132721143778999,-0.5588789321804366,0.16199631829197525,-0.5783739905764427,-0.806939064872826,0.1197199758054178,3,0.48072949605208243,-0.04797794031182588,0.1094363041528675
1772596637.7580292,0.42846930141960954,0.05830659942238323,0.546774361625042,0.8104225729372183,-0.5642212003215397,0.1577012694354098,-0.5822127969820694,-0.8056000914150525,0.10971213124524881,3,0.48072949605208243,-0.04797794031182588,0.1094363041528675
1772596637.80227,0.42820823499990934,0.05788811508184194,0.5478226717091512,0.8087754801252149,-0.5680983706649326,0.15213962007339665,-0.5842734039584582,-0.8056678079162751,0.09759084339312196,3,0.48072949605208243,-0.04797794031182588,0.1094363041528675
1772596637.802429,0.42820823499990934,0.05788811508184194,0.5478226717091512,0.8087754801252149,-0.5680983706649326,0.15213962007339665,-0.5842734039584582,-0.8056678079162751,0.09759084339312196,3,0.48072949605208243,-0.04797794031182588,0.1094363041528675
1772596637.8498194,0.4280020966626998,0.05770060837752123,0.5489030057604612,0.8079604367912107,-0.5709378748682015,0.14570475497092733,-0.5851390135404935,-0.8065365616259382,0.08432739527263566,3,0.48072949605208243,-0.04797794031182588,0.1094363041528675
1772596637.868083,0.4278120993138205,0.05802507524410245,0.5499358986588532,0.807689023500669,-0.5730958887456588,0.13856241777393652,-0.5852350470120744,-0.8078163203024727,0.07023341371275912,3,0.48072949605208243,-0.04797794031182588,0.1094363041528675
1772596637.9098794,0.42753963896264374,0.05819368727955188,0.5510565175945178,0.8072053574093133,-0.5754201572082884,0.131571857355939,-0.5856160267374644,-0.8086293088067492,0.05632504031906582,3,0.48072949605208243,-0.04797794031182588,0.1094363041528675
1772596637.95426,0.4265012496040393,0.05683124759468145,0.5531199286973159,0.8048961268672618,-0.5813053652489157,0.11927404280439996,-0.5883968120582463,-0.8078872514689531,0.033277326720058134,3,0.48072949605208243,-0.04797794031182588,0.1094363041528675
1772596637.9984,0.4258499470280663,0.055511529192691825,0.5538695783791553,0.8034581117413983,-0.5843603062169969,0.11392144308656127,-0.5902411454909151,-0.8068710275862633,0.02396945997430991,3,0.48072949605208243,-0.04797794031182588,0.1094363041528675
1772596638.041808,0.4258499470280663,0.055511529192691825,0.5538695783791553,0.8034581117413983,-0.5843603062169969,0.11392144308656127,-0.5902411454909151,-0.8068710275862633,0.02396945997430991,3,0.48072949605208243,-0.04797794031182588,0.1094363041528675
1772596638.0420005,0.4258499470280663,0.055511529192691825,0.5538695783791553,0.8034581117413983,-0.5843603062169969,0.11392144308656127,-0.5902411454909151,-0.8068710275862633,0.02396945997430991,3,0.48072949605208243,-0.04797794031182588,0.1094363041528675
1772596638.0858166,0.4243467022937389,0.051367602269718,0.5543028724743467,0.8020650017153486,-0.5877757200487247,0.10588406841712084,-0.5921538755892545,-0.8057222514039064,0.012862395470769273,3,0.48072949605208243,-0.04797794031182588,0.1094363041528675
1772596638.1016862,0.4236179762450489,0.049026414499747095,0.5539211186260787,0.802206976464133,-0.5882147742831546,0.10231004949315532,-0.592065394111798,-0.8058359325248344,0.009328394667462887,3,0.48072949605208243,-0.04797794031182588,0.1094363041528675
1772596638.1419017,0.4230085737436696,0.046607789956655175,0.5531309574084629,0.8021763914816121,-0.5887997762948844,0.09913556568978465,-0.5922200976295333,-0.80575043858071,0.006448774353299446,3,0.48072949605208243,-0.04797794031182588,0.1094363041528675
1772596638.1857982,0.4225393809681648,0.04470217918795391,0.5520530831882899,0.8022692357714379,-0.5891845107631509,0.09605043264608137,-0.5921572952206348,-0.8058165472671001,0.0030708089343999545,3,0.48072949605208243,-0.04797794031182588,0.1094363041528675
1772596638.2298274,0.4226524497122156,0.04327645932804845,0.5507029659683854,0.8019442087581892,-0.5900095569555662,0.09367074644892737,-0.5924551375269792,-0.8056007228284865,-0.002094133737138428,3,0.48072949605208243,-0.04797794031182588,0.1094363041528675
1772596638.2740204,0.4250401914036332,0.04127115781258325,0.5478073530727682,0.7992539156546022,-0.5935929658548313,0.0940243011058907,-0.5947540615416507,-0.8037014752545154,-0.018208375914015584,3,0.48072949605208243,-0.04797794031182588,0.1094363041528675
1772596638.274182,0.4250401914036332,0.04127115781258325,0.5478073530727682,0.7992539156546022,-0.5935929658548313,0.0940243011058907,-0.5947540615416507,-0.8037014752545154,-0.018208375914015584,3,0.48072949605208243,-0.04797794031182588,0.1094363041528675
1772596638.3178148,0.4285686583410817,0.03866217099528743,0.5441466220116016,0.7966857108235793,-0.5959327417263284,0.10077720728453213,-0.595892363233466,-0.8023516792430833,-0.033824166742722185,3,0.48072949605208243,-0.04797794031182588,0.1094363041528675
1772596638.3347883,0.4285686583410817,0.03866217099528743,0.5441466220116016,0.7966857108235793,-0.5959327417263284,0.10077720728453213,-0.595892363233466,-0.8023516792430833,-0.033824166742722185,3,0.48072949605208243,-0.04797794031182588,0.1094363041528675
1772596638.3778195,0.4301498604474372,0.03698239860226642,0.5420208533706861,0.7959676281051918,-0.5961731195104213,0.10494353997177996,-0.5955490769170116,-0.8022898245149369,-0.040648917120723646,3,0.48072949605208243,-0.04797794031182588,0.1094363041528675
1772596638.4218,0.43153382682789854,0.03512324344904465,0.5399931011012953,0.7954907671691847,-0.5958815720487579,0.11008901598834867,-0.5946525178656638,-0.8025898599968686,-0.04730644381301024,3,0.48072949605208243,-0.04797794031182588,0.1094363041528675
1772596638.466021,0.4327987492604094,0.03297535345964585,0.5379225459351848,0.7952024868558409,-0.5951640856545324,0.11589959467267619,-0.593402764615057,-0.8031617207334254,-0.05295667376007124,3,0.48072949605208243,-0.04797794031182588,0.1094363041528675
1772596638.5098975,0.4347275741011764,0.02847871220584923,0.5342139081351475,0.7932999270582063,-0.5948520333830225,0.12971616749475876,-0.5920707016812536,-0.8033956436862754,-0.06330658667614003,3,0.48072949605208243,-0.04797794031182588,0.1094363041528675
1772596638.5100121,0.4347275741011764,0.02847871220584923,0.5342139081351475,0.7932999270582063,-0.5948520333830225,0.12971616749475876,-0.5920707016812536,-0.8033956436862754,-0.06330658667614003,3,0.48072949605208243,-0.04797794031182588,0.1094363041528675
1772596638.5539892,0.4361249233409516,0.023694457485398862,0.5313375838757012,0.7905055536225449,-0.594786197191393,0.14604913324807794,-0.5910421823661973,-0.8033640744431996,-0.07263127809576003,3,0.48072949605208243,-0.04797794031182588,0.1094363041528675
1772596638.5681946,0.4361249233409516,0.023694457485398862,0.5313375838757012,0.7905055536225449,-0.594786197191393,0.14604913324807794,-0.5910421823661973,-0.8033640744431996,-0.07263127809576003,3,0.48072949605208243,-0.04797794031182588,0.1094363041528675
1772596638.6097791,0.43650647196241876,0.02158955164819709,0.5302922407179286,0.7900567987540235,-0.5932454623733305,0.1544994372675769,-0.5889522909705214,-0.8044646965497579,-0.07727710505499275,3,0.48072949605208243,-0.04797794031182588,0.1094363041528675
1772596638.6537979,0.4366818408533609,0.01970596442611515,0.5290129803761363,0.7903397038485971,-0.5907896683917248,0.16226743432404386,-0.5859522687684818,-0.8062412062691333,-0.08145585331185207,3,0.48072949605208243,-0.04797794031182588,0.1094363041528675
1772596638.6978922,0.4362110601418078,0.016745439626417016,0.5268966564737892,0.7920730282481889,-0.5843144605701052,0.1766265243116411,-0.5782486166243377,-0.8109280565584562,-0.08957803557996064,3,0.48072949605208243,-0.04797794031182588,0.1094363041528675
1772596638.7420967,0.4350956026633959,0.014940192284423587,0.5241731003562263,0.7954639064519137,-0.576465885623249,0.18688032599731844,-0.5687148588365807,-0.816638603300848,-0.09830971944486536,3,0.48072949605208243,-0.04797794031182588,0.1094363041528675
1772596638.7423642,0.4350956026633959,0.014940192284423587,0.5241731003562263,0.7954639064519137,-0.576465885623249,0.18688032599731844,-0.5687148588365807,-0.816638603300848,-0.09830971944486536,3,0.48072949605208243,-0.04797794031182588,0.1094363041528675
1772596638.7860687,0.4340893941036766,0.014580786419739838,0.5221478402582334,0.7982609157030282,-0.5718784021527747,0.18903598496622886,-0.5632127718927815,-0.8199619268736024,-0.10224388516962281,3,0.48072949605208243,-0.04797794031182588,0.1094363041528675
1772596638.8015735,0.4340893941036766,0.014580786419739838,0.5221478402582334,0.7982609157030282,-0.5718784021527747,0.18903598496622886,-0.5632127718927815,-0.8199619268736024,-0.10224388516962281,3,0.48072949605208243,-0.04797794031182588,0.1094363041528675
1772596638.8417692,0.43261385165003796,0.014433755000829093,0.5200179969534657,0.8011752172791679,-0.5675610061870402,0.18971762035623593,-0.5581176832294887,-0.823050474380299,-0.10532126228313726,3,0.48072949605208243,-0.04797794031182588,0.1094363041528675
1772596638.890256,0.43076553590900263,0.014535289268826315,0.5172016908332538,0.8048878398220353,-0.5627727952702578,0.1882613773728393,-0.5527310815546759,-0.826422337300624,-0.1073055072863089,3,0.48072949605208243,-0.04797794031182588,0.1094363041528675
1772596638.9377937,0.4266195956384421,0.015926669039323285,0.5109863573702385,0.814467631844075,-0.551050904018911,0.18161877066604426,-0.5397646081976465,-0.8344383078440712,-0.11120646626686907,3,0.48072949605208243,-0.04797794031182588,0.1094363041528675
1772596638.9379587,0.4266195956384421,0.015926669039323285,0.5109863573702385,0.814467631844075,-0.551050904018911,0.18161877066604426,-0.5397646081976465,-0.8344383078440712,-0.11120646626686907,3,0.48072949605208243,-0.04797794031182588,0.1094363041528675
1772596638.9818113,0.4214070832276737,0.01775850342479432,0.5037273971544461,0.8241314104823199,-0.5402821186063678,0.17000779561725005,-0.5285369098396075,-0.8414802169309097,-0.11207042183871585,3,0.48072949605208243,-0.04797794031182588,0.1094363041528675
1772596639.0017207,0.4214070832276737,0.01775850342479432,0.5037273971544461,0.8241314104823199,-0.5402821186063678,0.17000779561725005,-0.5285369098396075,-0.8414802169309097,-0.11207042183871585,3,0.48072949605208243,-0.04797794031182588,0.1094363041528675
1772596639.0426404,0.4187547085485527,0.018373626089768176,0.5000314408056457,0.8295698233212233,-0.5335571978418271,0.1647137664737588,-0.5220051814906722,-0.845744447496135,-0.1105754042558649,3,0.48072949605208243,-0.04797794031182588,0.1094363041528675
1772596639.0858474,0.41595585206828456,0.018473888653801403,0.49589891197315644,0.8346778736043695,-0.5271463937200485,0.15946638173369238,-0.5162558742969321,-0.8497470204393268,-0.10681700945259881,3,0.48072949605208243,-0.04797794031182588,0.1094363041528675
1772596639.1297894,0.4132813541913794,0.018206464830447217,0.491877436128975,0.8389026772901494,-0.5216995933121785,0.15515099862175175,-0.5116535996928165,-0.8531063600601078,-0.10207904949781355,3,0.48072949605208243,-0.04797794031182588,0.1094363041528675
1772596639.1738348,0.40810147215018716,0.017739599004320275,0.48305069554895863,0.8461345372084231,-0.5128769303599282,0.1449606817301329,-0.504447257872669,-0.8584453950545158,-0.09276027023700142,3,0.48072949605208243,-0.04797794031182588,0.1094363041528675
1772596639.173986,0.40810147215018716,0.017739599004320275,0.48305069554895863,0.8461345372084231,-0.5128769303599282,0.1449606817301329,-0.504447257872669,-0.8584453950545158,-0.09276027023700142,3,0.48072949605208243,-0.04797794031182588,0.1094363041528675
1772596639.217855,0.4033692934371796,0.01719737355338241,0.47392400639399906,0.8530690640255519,-0.5038770542495153,0.13557686455808204,-0.49680115360665916,-0.8637634927109498,-0.0842688699038646,3,0.48072949605208243,-0.04797794031182588,0.1094363041528675
1772596639.234869,0.4033692934371796,0.01719737355338241,0.47392400639399906,0.8530690640255519,-0.5038770542495153,0.13557686455808204,-0.49680115360665916,-0.8637634927109498,-0.0842688699038646,3,0.48072949605208243,-0.04797794031182588,0.1094363041528675
1772596639.2778342,0.40170701230916517,0.016896445439065738,0.4692708634666068,0.8560974801624689,-0.49950381049710757,0.13263878677951432,-0.4928908203273267,-0.8663021587959158,-0.08111232275426183,3,0.48072949605208243,-0.04797794031182588,0.1094363041528675
1772596639.325853,0.40111367168713397,0.01664124537787765,0.4650350739904011,0.8579746261928529,-0.4961943645218347,0.13293116047792317,-0.4897247374834908,-0.8682044596374998,-0.07994183987302048,3,0.48072949605208243,-0.04797794031182588,0.1094363041528675
1772596639.3698254,0.4025619706318666,0.015886081926587595,0.4571129870451114,0.8573397443250794,-0.49484355828559545,0.14176888101363583,-0.48800835174544865,-0.8689813920281246,-0.08197065899182143,3,0.48072949605208243,-0.04797794031182588,0.1094363041528675
1772596639.369987,0.4025619706318666,0.015886081926587595,0.4571129870451114,0.8573397443250794,-0.49484355828559545,0.14176888101363583,-0.48800835174544865,-0.8689813920281246,-0.08197065899182143,3,0.48072949605208243,-0.04797794031182588,0.1094363041528675
1772596639.4138532,0.40692130277899025,0.014620388690259771,0.45051043293686577,0.8532786246410444,-0.4960470763938482,0.16078832896638814,-0.48798001960411946,-0.8682922851232686,-0.08912916505036815,3,0.48072949605208243,-0.04797794031182588,0.1094363041528675
1772596639.434915,0.40692130277899025,0.014620388690259771,0.45051043293686577,0.8532786246410444,-0.4960470763938482,0.16078832896638814,-0.48798001960411946,-0.8682922851232686,-0.08912916505036815,3,0.48072949605208243,-0.04797794031182588,0.1094363041528675
1772596639.4778519,0.4096236462793655,0.013964142746920469,0.447415203130425,0.8507749195144063,-0.4964922619919141,0.17227150114690645,-0.4875881498474689,-0.8680306175359633,-0.0937050860330281,3,0.48072949605208243,-0.04797794031182588,0.1094363041528675
1772596639.5218644,0.41212801165038465,0.013329389571327108,0.4443864098096527,0.8485407552311024,-0.4962415687521222,0.18363793767700584,-0.48653916500789085,-0.868161522409296,-0.09785301181567452,3,0.48072949605208243,-0.04797794031182588,0.1094363041528675
1772596639.5657907,0.41408683941953084,0.012697296319749994,0.4410302478793859,0.8470058596154176,-0.49504735127062777,0.19367290408594312,-0.4847707914385801,-0.8688235964588135,-0.10071165773824509,3,0.48072949605208243,-0.04797794031182588,0.1094363041528675
1772596639.6098988,0.4166927453545033,0.011577769712699311,0.434243903257195,0.8470807689995958,-0.48788129797268925,0.21077478473369984,-0.4769347579488165,-0.8728161335745963,-0.10356270386677097,3,0.48072949605208243,-0.04797794031182588,0.1094363041528675
1772596639.6100633,0.4166927453545033,0.011577769712699311,0.434243903257195,0.8470807689995958,-0.48788129797268925,0.21077478473369984,-0.4769347579488165,-0.8728161335745963,-0.10356270386677097,3,0.48072949605208243,-0.04797794031182588,0.1094363041528675
1772596639.657824,0.417185323232244,0.011032095518611479,0.4305685826518439,0.8482843588209625,-0.4830054171243709,0.21707006612663335,-0.472015935183765,-0.8754944546773644,-0.10349114339777991,3,0.48072949605208243,-0.04797794031182588,0.1094363041528675
1772596639.6680856,0.417185323232244,0.011032095518611479,0.4305685826518439,0.8482843588209625,-0.4830054171243709,0.21707006612663335,-0.472015935183765,-0.8754944546773644,-0.10349114339777991,3,0.48072949605208243,-0.04797794031182588,0.1094363041528675
1772596639.709834,0.4175704093430518,0.010494745697439717,0.4272359936696669,0.8490391422394433,-0.4788525096629536,0.2232326341169714,-0.46781771901410657,-0.8777397844382636,-0.10353478927736874,3,0.48072949605208243,-0.04797794031182588,0.1094363041528675
1772596639.753873,0.41738084394304287,0.009872525214112852,0.4234833463449668,0.84955757752025,-0.47608826303902874,0.2271384781898598,-0.4651697304320196,-0.8792099390457859,-0.1029903149471246,3,0.48072949605208243,-0.04797794031182588,0.1094363041528675
1772596639.7978442,0.4164966150487182,0.00895005313820886,0.41638799213514177,0.8507701758557424,-0.47094437378269155,0.23324130139582455,-0.4603170326736438,-0.8819156916924082,-0.10165108055123134,3,0.48072949605208243,-0.04797794031182588,0.1094363041528675
1772596639.8417928,0.41560836595712713,0.008615618206294778,0.4097608848167955,0.8528445580602504,-0.4641921800666419,0.2391271204861436,-0.4538566312827513,-0.8854321294598391,-0.10012043927634318,3,0.48072949605208243,-0.04797794031182588,0.1094363041528675
1772596639.8418982,0.41560836595712713,0.008615618206294778,0.4097608848167955,0.8528445580602504,-0.4641921800666419,0.2391271204861436,-0.4538566312827513,-0.8854321294598391,-0.10012043927634318,3,0.48072949605208243,-0.04797794031182588,0.1094363041528675
1772596639.8857832,0.4152121828680756,0.008760959682493574,0.40671154637278095,0.8544484728522255,-0.4596778757542017,0.2421034030793546,-0.44948796437353444,-0.887759965258976,-0.09921095688842999,3,0.48072949605208243,-0.04797794031182588,0.1094363041528675
1772596639.9015439,0.4152121828680756,0.008760959682493574,0.40671154637278095,0.8544484728522255,-0.4596778757542017,0.2421034030793546,-0.44948796437353444,-0.887759965258976,-0.09921095688842999,3,0.48072949605208243,-0.04797794031182588,0.1094363041528675
1772596639.9418628,0.41459229870002384,0.008946602865729597,0.4033791848342117,0.8563784946781229,-0.45514421795302423,0.2438434225415198,-0.4451765032243132,-0.8900747461964579,-0.09790213051963911,3,0.48072949605208243,-0.04797794031182588,0.1094363041528675
1772596639.985839,0.41416927870258696,0.009239379614929835,0.4004311715070516,0.8578701171841467,-0.45104967116419925,0.24619718963693726,-0.44119802252700857,-0.8921398430824294,-0.0971123334243146,3,0.48072949605208243,-0.04797794031182588,0.1094363041528675
1772596640.029844,0.412043142974423,0.010027548949632079,0.39390843016902627,0.8600296775555926,-0.44743712263835267,0.2452528797154792,-0.43788787881640645,-0.8939556678295238,-0.09538065601125881,3,0.48072949605208243,-0.04797794031182588,0.1094363041528675
1772596640.073866,0.40894303151960215,0.011421366522764785,0.38687782099048235,0.8631434564762527,-0.4449249824197076,0.23879935837654798,-0.43552293891808874,-0.8952724433138121,-0.09384573468767099,3,0.48072949605208243,-0.04797794031182588,0.1094363041528675
1772596640.0740068,0.40894303151960215,0.011421366522764785,0.38687782099048235,0.8631434564762527,-0.4449249824197076,0.23879935837654798,-0.43552293891808874,-0.8952724433138121,-0.09384573468767099,3,0.48072949605208243,-0.04797794031182588,0.1094363041528675
1772596640.122442,0.4071323621673925,0.012866919957136257,0.38330011120108787,0.8652455289060518,-0.44375709194496976,0.23330198896844104,-0.43396806319922016,-0.8959388370422509,-0.0946853758639471,3,0.48072949605208243,-0.04797794031182588,0.1094363041528675
1772596640.1348999,0.4071323621673925,0.012866919957136257,0.38330011120108787,0.8652455289060518,-0.44375709194496976,0.23330198896844104,-0.43396806319922016,-0.8959388370422509,-0.0946853758639471,3,0.48072949605208243,-0.04797794031182588,0.1094363041528675
1772596640.1779137,0.40519394625069527,0.015034781146461014,0.37942135098482194,0.8681294431509133,-0.4419830291089048,0.2258368258592964,-0.4312198948586686,-0.896935968955903,-0.09775106071656864,3,0.48072949605208243,-0.04797794031182588,0.1094363041528675
1772596640.225794,0.4032181889281052,0.017549516207480666,0.3753491812986447,0.872263898926243,-0.43811300320797714,0.21728480630287073,-0.4261738191174405,-0.8989113205318158,-0.10165782664705504,3,0.48072949605208243,-0.04797794031182588,0.1094363041528675
1772596640.2698038,0.3994683557002766,0.022945504691657487,0.36746761237333053,0.8810703707783573,-0.4286658324450777,0.19990149031624688,-0.41422922046855293,-0.9033332238443591,-0.11136983258033614,3,0.48072949605208243,-0.04797794031182588,0.1094363041528675
1772596640.2699068,0.3994683557002766,0.022945504691657487,0.36746761237333053,0.8810703707783573,-0.4286658324450777,0.19990149031624688,-0.41422922046855293,-0.9033332238443591,-0.11136983258033614,3,0.48072949605208243,-0.04797794031182588,0.1094363041528675
1772596640.313933,0.39548231840562126,0.027333768352212448,0.35903086383648547,0.8887695391500641,-0.4207282132493296,0.1818693950476815,-0.4047355447973236,-0.9066036922490546,-0.11941056895432432,3,0.48072949605208243,-0.04797794031182588,0.1094363041528675
1772596640.3348823,0.39548231840562126,0.027333768352212448,0.35903086383648547,0.8887695391500641,-0.4207282132493296,0.1818693950476815,-0.4047355447973236,-0.9066036922490546,-0.11941056895432432,3,0.48072949605208243,-0.04797794031182588,0.1094363041528675
1772596640.3780026,0.3934623374253086,0.028882621926887654,0.35482517505507544,0.8920241949180735,-0.4173966053655042,0.17341542466031243,-0.4011874359438265,-0.9078926064447511,-0.1215716101882934,3,0.48072949605208243,-0.04797794031182588,0.1094363041528675
1772596640.4258058,0.39136894184801796,0.029784228512216508,0.35048666512894194,0.8946570207079066,-0.41507583660427294,0.16522973450718711,-0.3991490054613308,-0.9087734605182988,-0.12169991329835461,3,0.48072949605208243,-0.04797794031182588,0.1094363041528675
1772596640.469804,0.3892008350341253,0.030068713289990293,0.34616905519017394,0.8971065926501927,-0.4125959966943519,0.15800096498235577,-0.3974503996213202,-0.9098419523805388,-0.11925100221474957,3,0.48072949605208243,-0.04797794031182588,0.1094363041528675
1772596640.469952,0.3892008350341253,0.030068713289990293,0.34616905519017394,0.8971065926501927,-0.4125959966943519,0.15800096498235577,-0.3974503996213202,-0.9098419523805388,-0.11925100221474957,3,0.48072949605208243,-0.04797794031182588,0.1094363041528675
1772596640.5138137,0.38459589779019426,0.0299450343648927,0.33721340293037116,0.9014386810184047,-0.4083285765486207,0.14379178675284715,-0.39516673610297465,-0.9117733398246304,-0.11185985635053106,3,0.48072949605208243,-0.04797794031182588,0.1094363041528675
1772596640.535029,0.3822466081736925,0.02986408370293838,0.3327165819200345,0.9032866321068926,-0.40668963715220297,0.13666308678643466,-0.3944737693455431,-0.912514467122548,-0.10820255352980887,3,0.48072949605208243,-0.04797794031182588,0.1094363041528675
1772596640.5778463,0.3799728996090887,0.02981572083962812,0.32832998476299674,0.9050525496455311,-0.40498155439495725,0.1298838826797541,-0.39363303277931977,-0.9132815829341767,-0.10473674511937053,3,0.48072949605208243,-0.04797794031182588,0.1094363041528675
1772596640.6225443,0.3775913590369697,0.02975906878444927,0.3238156350019026,0.9067322384982625,-0.4034237467124118,0.12282478681622186,-0.3929341911618727,-0.9139772550155466,-0.10123388133531089,3,0.48072949605208243,-0.04797794031182588,0.1094363041528675
1772596640.6698675,0.37551696521488126,0.029620327893543116,0.3196726645368461,0.90822156584019,-0.4018368908577325,0.11687899934797698,-0.3920723867654377,-0.9146879571643771,-0.09810802492412121,3,0.48072949605208243,-0.04797794031182588,0.1094363041528675
1772596640.6700287,0.37551696521488126,0.029620327893543116,0.3196726645368461,0.90822156584019,-0.4018368908577325,0.11687899934797698,-0.3920723867654377,-0.9146879571643771,-0.09810802492412121,3,0.48072949605208243,-0.04797794031182588,0.1094363041528675
1772596640.7143033,0.3726839884988594,0.029079023512654893,0.3120009466814482,0.9094485398798211,-0.40115442259845624,0.10944625411662408,-0.39245379790482116,-0.9150684128285689,-0.0928968048615554,3,0.48072949605208243,-0.04797794031182588,0.1094363041528675
1772596640.734962,0.37271483897795626,0.028641104380961672,0.30865195134378465,0.9092451680899823,-0.4012442418633266,0.1107983875177981,-0.39271648999673886,-0.9151205689463008,-0.09125843947844109,3,0.48072949605208243,-0.04797794031182588,0.1094363041528675
1772596640.77811,0.3746965521903379,0.02696596748618848,0.30240300525690794,0.9078013350995164,-0.4017055509272968,0.12053790418674346,-0.39314715189576227,-0.9151600941999192,-0.0889793174858399,3,0.48072949605208243,-0.04797794031182588,0.1094363041528675
1772596640.8218162,0.3746965521903379,0.02696596748618848,0.30240300525690794,0.9078013350995164,-0.4017055509272968,0.12053790418674346,-0.39314715189576227,-0.9151600941999192,-0.0889793174858399,3,0.48072949605208243,-0.04797794031182588,0.1094363041528675
1772596640.866125,0.37753640406603,0.024767877537399716,0.2959542782170612,0.9055650387429177,-0.40247942981312834,0.13402339043553899,-0.3937502387815217,-0.9150475060425187,-0.08745748192614064,3,0.48072949605208243,-0.04797794031182588,0.1094363041528675
1772596640.9142172,0.379076265434245,0.02289913320599459,0.2887005060354828,0.9036161747043058,-0.4035682471737787,0.14356350053492697,-0.394890757021079,-0.9147120256244551,-0.08580909157732589,3,0.48072949605208243,-0.04797794031182588,0.1094363041528675
1772596640.9143107,0.379076265434245,0.02289913320599459,0.2887005060354828,0.9036161747043058,-0.4035682471737787,0.14356350053492697,-0.394890757021079,-0.9147120256244551,-0.08580909157732589,3,0.48072949605208243,-0.04797794031182588,0.1094363041528675
1772596640.9579859,0.379076265434245,0.02289913320599459,0.2887005060354828,0.9036161747043058,-0.4035682471737787,0.14356350053492697,-0.394890757021079,-0.9147120256244551,-0.08580909157732589,3,0.48072949605208243,-0.04797794031182588,0.1094363041528675
1772596640.9681334,0.37881893742697975,0.021985264110588577,0.2846993834111498,0.9032011343326741,-0.4039023938034613,0.14522591786593905,-0.39553631528127603,-0.9146202850450896,-0.08378996048304532,3,0.48072949605208243,-0.04797794031182588,0.1094363041528675
1772596641.0099013,0.3778215140644443,0.020948034564789303,0.2805037278487945,0.9034760517428388,-0.40339903564085056,0.14491460233945624,-0.39561533725622977,-0.9148972781917122,-0.08032107621935922,3,0.48072949605208243,-0.04797794031182588,0.1094363041528675
1772596641.0538034,0.37657577607265,0.01986039574059694,0.2763994132808937,0.904012854047261,-0.4025502498727791,0.14392378554182375,-0.39541922039110167,-0.915317062220282,-0.07640887221865142,3,0.48072949605208243,-0.04797794031182588,0.1094363041528675
1772596641.102526,0.37197558911125367,0.017854080341951198,0.2674745808197967,0.9058298673130928,-0.4015716497701256,0.13495355343393087,-0.39594342324812837,-0.9157956746059844,-0.06743209888120211,3,0.48072949605208243,-0.04797794031182588,0.1094363041528675
1772596641.1026738,0.37197558911125367,0.017854080341951198,0.2674745808197967,0.9058298673130928,-0.4015716497701256,0.13495355343393087,-0.39594342324812837,-0.9157956746059844,-0.06743209888120211,3,0.48072949605208243,-0.04797794031182588,0.1094363041528675
1772596641.1498945,0.36621321874035556,0.016717338765836164,0.25874464356842075,0.9079342100260042,-0.40120859102966494,0.12119049776466355,-0.3967494075043643,-0.9159644534024667,-0.05999189735336241,3,0.48072949605208243,-0.04797794031182588,0.1094363041528675
1772596641.1684437,0.36621321874035556,0.016717338765836164,0.25874464356842075,0.9079342100260042,-0.40120859102966494,0.12119049776466355,-0.3967494075043643,-0.9159644534024667,-0.05999189735336241,3,0.48072949605208243,-0.04797794031182588,0.1094363041528675
1772596641.2098386,0.3608454472536756,0.01612423401988071,0.25116285472742894,0.9098809290099689,-0.4004927372868615,0.1082693973587795,-0.39696596662136285,-0.9162832078182676,-0.05332076907390498,3,0.48072949605208243,-0.04797794031182588,0.1094363041528675
1772596641.2538328,0.35825455926118105,0.01594608714956066,0.24755541789204383,0.9108454595285022,-0.399920028338529,0.10210053765785015,-0.39683232299446447,-0.9165370514000469,-0.0498391496488977,3,0.48072949605208243,-0.04797794031182588,0.1094363041528675
1772596641.301838,0.35588019547651367,0.015845417105012957,0.244179077210455,0.9117428419895999,-0.3992256408207046,0.0966637356614422,-0.3965447616067754,-0.9168442729894322,-0.04635548650057752,3,0.48072949605208243,-0.04797794031182588,0.1094363041528675
1772596641.3460553,0.35389185182431954,0.01583899060447834,0.241101803113491,0.9125745413657224,-0.398321555828235,0.09245347269690075,-0.3960106996382093,-0.9172422853461469,-0.042919875873938126,3,0.48072949605208243,-0.04797794031182588,0.1094363041528675
1772596641.3461983,0.35389185182431954,0.01583899060447834,0.241101803113491,0.9125745413657224,-0.398321555828235,0.09245347269690075,-0.3960106996382093,-0.9172422853461469,-0.042919875873938126,3,0.48072949605208243,-0.04797794031182588,0.1094363041528675
1772596641.389915,0.3523053680123421,0.01587495459633983,0.23823018377857896,0.913504482793887,-0.3968091222309083,0.08973338525771628,-0.39483737457956564,-0.917900907814625,-0.039514188188593244,3,0.48072949605208243,-0.04797794031182588,0.1094363041528675
1772596641.4016266,0.3523053680123421,0.01587495459633983,0.23823018377857896,0.913504482793887,-0.3968091222309083,0.08973338525771628,-0.39483737457956564,-0.917900907814625,-0.039514188188593244,3,0.48072949605208243,-0.04797794031182588,0.1094363041528675
1772596641.4418833,0.34993704115554136,0.016030251383677196,0.23257745356579024,0.915357804270374,-0.3930271728120869,0.0874627440265707,-0.39171019161925813,-0.9195156440282422,-0.03246700123095805,3,0.48072949605208243,-0.04797794031182588,0.1094363041528675
1772596641.4858851,0.3495166000236671,0.016124144366247456,0.23003628501496556,0.9162063058061038,-0.3906546368132141,0.08919058211194568,-0.3896515362542492,-0.9205019076537422,-0.029119036737587218,3,0.48072949605208243,-0.04797794031182588,0.1094363041528675
1772596641.5298066,0.3498078112410971,0.016102305857395957,0.22764381897101366,0.9168319105834483,-0.38816414203459154,0.09352992341734205,-0.38746229260267634,-0.921510426258657,-0.026296503715639238,3,0.48072949605208243,-0.04797794031182588,0.1094363041528675
1772596641.5777674,0.3511106875744468,0.015654964523439577,0.22243959169303856,0.9178723618778648,-0.3825061496318858,0.10582708913382984,-0.38256850107471463,-0.923699230033707,-0.0205200979671844,3,0.48072949605208243,-0.04797794031182588,0.1094363041528675
1772596641.5778582,0.3511106875744468,0.015654964523439577,0.22243959169303856,0.9178723618778648,-0.3825061496318858,0.10582708913382984,-0.38256850107471463,-0.923699230033707,-0.0205200979671844,3,0.48072949605208243,-0.04797794031182588,0.1094363041528675
1772596641.6218977,0.3524970195230104,0.015162152780072345,0.22000900784726984,0.9182404793765272,-0.3790296731774991,0.11476466740824065,-0.3795515715916811,-0.924993008833929,-0.018125620282908303,3,0.48072949605208243,-0.04797794031182588,0.1094363041528675
1772596641.6349456,0.3524970195230104,0.015162152780072345,0.22000900784726984,0.9182404793765272,-0.3790296731774991,0.11476466740824065,-0.3795515715916811,-0.924993008833929,-0.018125620282908303,3,0.48072949605208243,-0.04797794031182588,0.1094363041528675
1772596641.6780882,0.3542324414599613,0.013719327692471438,0.21434866980781242,0.9201769808829184,-0.36916015748236736,0.13036526370468088,-0.3710291967986605,-0.9285612748934405,-0.010549591992544164,3,0.48072949605208243,-0.04797794031182588,0.1094363041528675
1772596641.7218132,0.3542324414599613,0.013719327692471438,0.21434866980781242,0.9201769808829184,-0.36916015748236736,0.13036526370468088,-0.3710291967986605,-0.9285612748934405,-0.010549591992544164,3,0.48072949605208243,-0.04797794031182588,0.1094363041528675
1772596641.7698324,0.35481291614349825,0.012980982191218272,0.21140972827607057,0.9224097783143286,-0.3609874350815555,0.13728901115293526,-0.36368113626667486,-0.9315053340122226,-0.005817545062826609,3,0.48072949605208243,-0.04797794031182588,0.1094363041528675
1772596641.769981,0.35481291614349825,0.012980982191218272,0.21140972827607057,0.9224097783143286,-0.3609874350815555,0.13728901115293526,-0.36368113626667486,-0.9315053340122226,-0.005817545062826609,3,0.48072949605208243,-0.04797794031182588,0.1094363041528675
1772596641.813865,0.3554726161957034,0.011708850076060692,0.20485593197643726,0.928364072649382,-0.3405247893658976,0.14893964026129675,-0.34482842580663364,-0.9386599825213753,0.003285417582416645,3,0.48072949605208243,-0.04797794031182588,0.1094363041528675
1772596641.8354826,0.3559288408779471,0.011188732830848404,0.20173120137541162,0.9314685634947554,-0.329309157558004,0.15466671901044024,-0.3344093014072544,-0.9423985417615807,0.007443629353931346,3,0.48072949605208243,-0.04797794031182588,0.1094363041528675
1772596641.878362,0.3564439795126808,0.009791467782417726,0.19486183770029022,0.9366367321432072,-0.30905588695707464,0.16491237290534005,-0.3157429747180982,-0.9487208514545862,0.015333620950430626,3,0.48072949605208243,-0.04797794031182588,0.1094363041528675
1772596641.9218233,0.3564439795126808,0.009791467782417726,0.19486183770029022,0.9366367321432072,-0.30905588695707464,0.16491237290534005,-0.3157429747180982,-0.9487208514545862,0.015333620950430626,3,0.48072949605208243,-0.04797794031182588,0.1094363041528675
1772596641.9660625,0.3579918766834224,0.008420830929326738,0.18871432564291973,0.9397776442464959,-0.2921442172046975,0.17739711307786668,-0.3004179895871696,-0.9535739975845622,0.021110723886237717,3,0.48072949605208243,-0.04797794031182588,0.1094363041528675
1772596642.0098953,0.3579918766834224,0.008420830929326738,0.18871432564291973,0.9397776442464959,-0.2921442172046975,0.17739711307786668,-0.3004179895871696,-0.9535739975845622,0.021110723886237717,3,0.48072949605208243,-0.04797794031182588,0.1094363041528675
1772596642.01006,0.3579918766834224,0.008420830929326738,0.18871432564291973,0.9397776442464959,-0.2921442172046975,0.17739711307786668,-0.3004179895871696,-0.9535739975845622,0.021110723886237717,3,0.48072949605208243,-0.04797794031182588,0.1094363041528675
1772596642.0541015,0.3621176945251526,0.0067284555094733745,0.18112650745380265,0.942844094874043,-0.2679652486824739,0.19808997516201263,-0.2785441384399208,-0.9600413379961911,0.027088600540558956,3,0.48072949605208243,-0.04797794031182588,0.1094363041528675
1772596642.0682464,0.3621176945251526,0.0067284555094733745,0.18112650745380265,0.942844094874043,-0.2679652486824739,0.19808997516201263,-0.2785441384399208,-0.9600413379961911,0.027088600540558956,3,0.48072949605208243,-0.04797794031182588,0.1094363041528675
1772596642.1138098,0.3634044441068726,0.006383173035067732,0.1785903919254404,0.9437668243479403,-0.26080952028088145,0.20318113935860455,-0.27202262377574005,-0.96185792848986,0.028862043506272094,3,0.48072949605208243,-0.04797794031182588,0.1094363041528675
1772596642.158201,0.36556447015769006,0.006161768141418049,0.1736771560349716,0.9457575938559246,-0.24938501748534672,0.20820587580009572,-0.2612706960684731,-0.9647602788072425,0.03122863768509722,3,0.48072949605208243,-0.04797794031182588,0.1094363041528675
1772596642.2018638,0.36556447015769006,0.006161768141418049,0.1736771560349716,0.9457575938559246,-0.24938501748534672,0.20820587580009572,-0.2612706960684731,-0.9647602788072425,0.03122863768509722,3,0.48072949605208243,-0.04797794031182588,0.1094363041528675
1772596642.202012,0.36556447015769006,0.006161768141418049,0.1736771560349716,0.9457575938559246,-0.24938501748534672,0.20820587580009572,-0.2612706960684731,-0.9647602788072425,0.03122863768509722,3,0.48072949605208243,-0.04797794031182588,0.1094363041528675
1772596642.2458632,0.36681158868832475,0.0062088419502536255,0.17156024274937193,0.9461209529306835,-0.24691234954788746,0.20949805265509489,-0.25883208340708436,-0.9654220845960355,0.031082972402798413,3,0.48072949605208243,-0.04797794031182588,0.1094363041528675
1772596642.2681813,0.36882899147007103,0.006436460581105273,0.16720201686597894,0.9466079196172471,-0.24664348520598922,0.20760644913718534,-0.25800078950527716,-0.9657065061604367,0.02909530158042922,3,0.48072949605208243,-0.04797794031182588,0.1094363041528675
1772596642.309927,0.37056583916744934,0.006754952354697856,0.16258266547739078,0.9472500409434003,-0.24731663065118437,0.2038426945859793,-0.2578115657541641,-0.9658395013487481,0.026215533520960527,3,0.48072949605208243,-0.04797794031182588,0.1094363041528675
1772596642.3537772,0.3712353499949679,0.006903139635924906,0.1600547970784815,0.9476755951866956,-0.24780315730825872,0.2012574508325113,-0.2578355521110665,-0.9658694904506974,0.024838588609092247,3,0.48072949605208243,-0.04797794031182588,0.1094363041528675
1772596642.3978028,0.37156112095679517,0.007021715475231088,0.15734222290766972,0.948288052859508,-0.24858860492160453,0.19736634542660328,-0.2581051792932121,-0.9658277354504906,0.023632643876556322,3,0.48072949605208243,-0.04797794031182588,0.1094363041528675
1772596642.4418027,0.37228409624063047,0.006975671190751806,0.15218840709620957,0.9491688633409435,-0.2508972143131149,0.19007644965639584,-0.2594623661127024,-0.9655207909285236,0.021186855735486346,3,0.48072949605208243,-0.04797794031182588,0.1094363041528675
1772596642.4419997,0.37228409624063047,0.006975671190751806,0.15218840709620957,0.9491688633409435,-0.2508972143131149,0.19007644965639584,-0.2594623661127024,-0.9655207909285236,0.021186855735486346,3,0.48072949605208243,-0.04797794031182588,0.1094363041528675
1772596642.4862173,0.37297632425629407,0.006706539702059915,0.1498893043277213,0.949195588541867,-0.25254242462568377,0.1877499892325953,-0.26071461153649766,-0.9652134686559719,0.019769958433958665,3,0.48072949605208243,-0.04797794031182588,0.1094363041528675
1772596642.501751,0.37297632425629407,0.006706539702059915,0.1498893043277213,0.949195588541867,-0.25254242462568377,0.1877499892325953,-0.26071461153649766,-0.9652134686559719,0.019769958433958665,3,0.48072949605208243,-0.04797794031182588,0.1094363041528675
1772596642.541819,0.3741390640751227,0.006081092523707844,0.14798964700647374,0.9486517109603829,-0.2547685584819369,0.18749110085807844,-0.26266751175839353,-0.9647159133617043,0.01813793740607535,3,0.48072949605208243,-0.04797794031182588,0.1094363041528675
1772596642.585859,0.3755841522652085,0.005163431129593388,0.146365337118572,0.9477482566336197,-0.25736819108357595,0.18850691304645129,-0.26508693012585055,-0.9640832448298668,0.016505045130728282,3,0.48072949605208243,-0.04797794031182588,0.1094363041528675
1772596642.629823,0.3774361109157611,0.004044658915948567,0.14512921810261,0.9465067821759933,-0.2600358885853955,0.19106608265846295,-0.2676682958544989,-0.9633971057749983,0.014822279807955016,3,0.48072949605208243,-0.04797794031182588,0.1094363041528675
1772596642.6739001,0.3820156077848639,0.0014272340770694336,0.14380133710936205,0.9431880823873064,-0.2652205869127936,0.200135657792882,-0.2729269651928298,-0.961966823280854,0.011432522800092201,3,0.48072949605208243,-0.04797794031182588,0.1094363041528675
1772596642.6741517,0.3820156077848639,0.0014272340770694336,0.14380133710936205,0.9431880823873064,-0.2652205869127936,0.200135657792882,-0.2729269651928298,-0.961966823280854,0.011432522800092201,3,0.48072949605208243,-0.04797794031182588,0.1094363041528675
1772596642.7178648,0.38637878370287615,-0.001322199535599304,0.1433833316069191,0.9404855794947655,-0.26836489256321455,0.208487791493722,-0.276419435099929,-0.9609856223322069,0.00994633449152469,3,0.48072949605208243,-0.04797794031182588,0.1094363041528675
1772596642.7350588,0.38637878370287615,-0.001322199535599304,0.1433833316069191,0.9404855794947655,-0.26836489256321455,0.208487791493722,-0.276419435099929,-0.9609856223322069,0.00994633449152469,3,0.48072949605208243,-0.04797794031182588,0.1094363041528675
1772596642.7778268,0.3882601346227581,-0.0029025692720837867,0.14346588416923747,0.9396816530145351,-0.26881440468956774,0.21151171792424253,-0.2772353786702365,-0.9607430669855999,0.010644437640099643,3,0.48072949605208243,-0.04797794031182588,0.1094363041528675
1772596642.821784,0.389557386081826,-0.0047470337726436065,0.14355008963706703,0.9396608767866361,-0.2681332934384187,0.21246640578321385,-0.27715591086288655,-0.9607327514538726,0.01331094878794055,3,0.48072949605208243,-0.04797794031182588,0.1094363041528675
1772596642.8657842,0.39126470677991876,-0.009027005908419108,0.14363018683762313,0.9410955769311828,-0.2635733002209012,0.2118212229480957,-0.27433805011444845,-0.9613676752612426,0.022601487167810574,3,0.48072949605208243,-0.04797794031182588,0.1094363041528675
1772596642.9099376,0.39281787281571473,-0.012799374842779904,0.14376918663702956,0.9418867734443563,-0.2611796936980565,0.2112687236918165,-0.2732751911954445,-0.9614770983701768,0.0297062146151026,3,0.48072949605208243,-0.04797794031182588,0.1094363041528675
1772596642.9101207,0.39281787281571473,-0.012799374842779904,0.14376918663702956,0.9418867734443563,-0.2611796936980565,0.2112687236918165,-0.2732751911954445,-0.9614770983701768,0.0297062146151026,3,0.48072949605208243,-0.04797794031182588,0.1094363041528675
1772596642.953779,0.39367699080177454,-0.013929645112789546,0.14385625961882798,0.9415628410873971,-0.2627435134010784,0.2107730116715289,-0.27489928525445917,-0.9610027275685367,0.030068930350454198,3,0.48072949605208243,-0.04797794031182588,0.1094363041528675
1772596642.9682074,0.39367699080177454,-0.013929645112789546,0.14385625961882798,0.9415628410873971,-0.2627435134010784,0.2107730116715289,-0.27489928525445917,-0.9610027275685367,0.030068930350454198,3,0.48072949605208243,-0.04797794031182588,0.1094363041528675
1772596643.0097775,0.3945985521852237,-0.014537502404870811,0.14394984665933624,0.941186093978799,-0.26454915463564316,0.2101962922662965,-0.2765549083662145,-0.9605486524679745,0.029388244257074127,3,0.48072949605208243,-0.04797794031182588,0.1094363041528675
1772596643.053795,0.3956586096774959,-0.014717475680785727,0.14408136356097528,0.9410655244926641,-0.26543056912632523,0.20962416746315762,-0.27723048764367153,-0.9603801597128471,0.028516759121236773,3,0.48072949605208243,-0.04797794031182588,0.1094363041528675
1772596643.0978775,0.39689493155012806,-0.01454196564821341,0.14427065355695226,0.9411277046005354,-0.26562555869211557,0.20909736058312392,-0.27718435844863865,-0.9604227322111148,0.027513758077624382,3,0.48072949605208243,-0.04797794031182588,0.1094363041528675
1772596643.1458097,0.39949644865632267,-0.013363417036171887,0.14441824355456365,0.9418068216008745,-0.26461347224503695,0.2073152698005715,-0.2755314823539977,-0.9609630357894531,0.02514848063257712,3,0.48072949605208243,-0.04797794031182588,0.1094363041528675
1772596643.1459088,0.39949644865632267,-0.013363417036171887,0.14441824355456365,0.9418068216008745,-0.26461347224503695,0.2073152698005715,-0.2755314823539977,-0.9609630357894531,0.02514848063257712,3,0.48072949605208243,-0.04797794031182588,0.1094363041528675
1772596643.193848,0.40095787580646336,-0.012702960734749018,0.1445484816170521,0.9421357774688917,-0.2640993628500528,0.2064744617508024,-0.27466709715741006,-0.9612453503629279,0.023777345200300417,3,0.48072949605208243,-0.04797794031182588,0.1094363041528675
1772596643.2015023,0.40095787580646336,-0.012702960734749018,0.1445484816170521,0.9421357774688917,-0.2640993628500528,0.2064744617508024,-0.27466709715741006,-0.9612453503629279,0.023777345200300417,3,0.48072949605208243,-0.04797794031182588,0.1094363041528675
1772596643.2458162,0.4024424776413728,-0.012144038525743556,0.14470810822978025,0.9423216519989681,-0.26403097796405917,0.20571229143947123,-0.27423502922745413,-0.9614052971638865,0.02224867029366952,3,0.48072949605208243,-0.04797794031182588,0.1094363041528675
1772596643.2910857,0.4049473367672056,-0.011568147122488076,0.14452159302229617,0.9425391613924149,-0.265241075438899,0.20314305585399553,-0.2747006689913191,-0.9613350948560516,0.019348846317755623,3,0.48072949605208243,-0.04797794031182588,0.1094363041528675
1772596643.3378158,0.4063204714851603,-0.012012154352450795,0.14341349286698302,0.9425030548760717,-0.2685835936910715,0.19887394185579602,-0.27735819932366884,-0.9606139434475146,0.017125446626228495,3,0.48072949605208243,-0.04797794031182588,0.1094363041528675
1772596643.3379445,0.4063204714851603,-0.012012154352450795,0.14341349286698302,0.9425030548760717,-0.2685835936910715,0.19887394185579602,-0.27735819932366884,-0.9606139434475146,0.017125446626228495,3,0.48072949605208243,-0.04797794031182588,0.1094363041528675
1772596643.3857503,0.4066889534595157,-0.01254173070397066,0.14262691147687911,0.9423749944800778,-0.27089714230940853,0.19632653429241279,-0.27935505008139605,-0.9600510643950685,0.016208323414744756,3,0.48072949605208243,-0.04797794031182588,0.1094363041528675
1772596643.4016738,0.4066889534595157,-0.01254173070397066,0.14262691147687911,0.9423749944800778,-0.27089714230940853,0.19632653429241279,-0.27935505008139605,-0.9600510643950685,0.016208323414744756,3,0.48072949605208243,-0.04797794031182588,0.1094363041528675
1772596643.4458256,0.4069329765510277,-0.013161510928826795,0.1417423537713507,0.9422118422608736,-0.27341850291761577,0.19359536814102798,-0.2815660311033186,-0.9594190479307834,0.015351240872128295,3,0.48072949605208243,-0.04797794031182588,0.1094363041528675
1772596643.4899454,0.40712006641228354,-0.014468996646026973,0.13976889617737626,0.9418900595800673,-0.2785352426613667,0.18777974933371078,-0.2860878221577539,-0.9581035376469832,0.013833624303468912,3,0.48072949605208243,-0.04797794031182588,0.1094363041528675
1772596643.537829,0.40660175369107526,-0.01601500596573182,0.13736908010114363,0.9415051367234845,-0.2841190044000243,0.1812304302870578,-0.29113090341290077,-0.9565980508533453,0.012765820834138786,3,0.48072949605208243,-0.04797794031182588,0.1094363041528675
1772596643.5379694,0.40660175369107526,-0.01601500596573182,0.13736908010114363,0.9415051367234845,-0.2841190044000243,0.1812304302870578,-0.29113090341290077,-0.9565980508533453,0.012765820834138786,3,0.48072949605208243,-0.04797794031182588,0.1094363041528675
1772596643.5818396,0.4060674691920759,-0.016591150107324197,0.13595850808856086,0.9414097836931212,-0.28674946249029964,0.17754538836138473,-0.29348640493528677,-0.9558835279196269,0.012345491893341796,3,0.48072949605208243,-0.04797794031182588,0.1094363041528675
1772596643.6041138,0.4060674691920759,-0.016591150107324197,0.13595850808856086,0.9414097836931212,-0.28674946249029964,0.17754538836138473,-0.29348640493528677,-0.9558835279196269,0.012345491893341796,3,0.48072949605208243,-0.04797794031182588,0.1094363041528675
1772596643.6497953,0.4054815882877831,-0.017021789090487308,0.13457179045831483,0.9414993747682386,-0.28864609195836766,0.17396080279240445,-0.29513135411124725,-0.9553804882999565,0.012066747540182846,3,0.48072949605208243,-0.04797794031182588,0.1094363041528675
1772596643.6939018,0.40485311622212894,-0.017271001556433054,0.1332466167258596,0.9417086739716617,-0.2899830111898354,0.17057147061513778,-0.29623870799200247,-0.9550401387585202,0.011872710193385493,3,0.48072949605208243,-0.04797794031182588,0.1094363041528675
1772596643.7379777,0.40403174517847457,-0.017345542060776854,0.13134150029871355,0.9421703115533984,-0.2913438382089625,0.16563173598390504,-0.29724944415438614,-0.9547306027121225,0.011499747599649071,3,0.48072949605208243,-0.04797794031182588,0.1094363041528675
1772596643.7381413,0.40403174517847457,-0.017345542060776854,0.13134150029871355,0.9421703115533984,-0.2913438382089625,0.16563173598390504,-0.29724944415438614,-0.9547306027121225,0.011499747599649071,3,0.48072949605208243,-0.04797794031182588,0.1094363041528675
1772596643.781799,0.40383028262135245,-0.01687249681242993,0.13040453143568564,0.9427424323254838,-0.2909173709440437,0.1631066815799906,-0.2966193326738945,-0.9549298924698983,0.011219266977916868,3,0.48072949605208243,-0.04797794031182588,0.1094363041528675
1772596643.8016942,0.40383028262135245,-0.01687249681242993,0.13040453143568564,0.9427424323254838,-0.2909173709440437,0.1631066815799906,-0.2966193326738945,-0.9549298924698983,0.011219266977916868,3,0.48072949605208243,-0.04797794031182588,0.1094363041528675
1772596643.8419387,0.4040269760181442,-0.01650693239599335,0.1303378173054755,0.9430020255179098,-0.2902300156794792,0.16283033460571417,-0.29588748514582236,-0.9551583427384559,0.0110966855955851,3,0.48072949605208243,-0.04797794031182588,0.1094363041528675
1772596643.889822,0.40441592883933514,-0.015979332892357624,0.1304560742472217,0.9432067550905819,-0.28947940021816165,0.1629806552963539,-0.2950979173189813,-0.9554054221172551,0.010848897775797513,3,0.48072949605208243,-0.04797794031182588,0.1094363041528675
1772596643.9338002,0.4049607132600707,-0.015361610019203505,0.13073742340144784,0.943419339441699,-0.2884825785665737,0.1635168243055422,-0.2940812115622023,-0.9557216838458829,0.010597359713526669,3,0.48072949605208243,-0.04797794031182588,0.1094363041528675
1772596643.9779596,0.4064387530006864,-0.01412848916418892,0.13169084417583254,0.9440381975262392,-0.28525979752086,0.16558601852139337,-0.2909415972200237,-0.9566819681280475,0.010611261268442473,3,0.48072949605208243,-0.04797794031182588,0.1094363041528675
1772596643.9781494,0.4064387530006864,-0.01412848916418892,0.13169084417583254,0.9440381975262392,-0.28525979752086,0.16558601852139337,-0.2909415972200237,-0.9566819681280475,0.010611261268442473,3,0.48072949605208243,-0.04797794031182588,0.1094363041528675
1772596644.0218658,0.40786720503649154,-0.012845435604602065,0.13267282308019437,0.9447226596634091,-0.28163520107240514,0.16787111078265038,-0.2874821904046776,-0.9577217007244105,0.011096583333247163,3,0.48072949605208243,-0.04797794031182588,0.1094363041528675
1772596644.0351624,0.40786720503649154,-0.012845435604602065,0.13267282308019437,0.9447226596634091,-0.28163520107240514,0.16787111078265038,-0.2874821904046776,-0.9577217007244105,0.011096583333247163,3,0.48072949605208243,-0.04797794031182588,0.1094363041528675
1772596644.078016,0.4085103453917859,-0.01208447119622074,0.1330780525938202,0.9451884410756466,-0.27947693511116867,0.16885334938299815,-0.28542193599631094,-0.958332691666492,0.011522609746669066,3,0.48072949605208243,-0.04797794031182588,0.1094363041528675
1772596644.1217628,0.4090196767763599,-0.011213635809292029,0.13335379734924505,0.94578761109084,-0.27699626098371427,0.16958439228928054,-0.2830499890678508,-0.9590283869817299,0.012134935183650553,3,0.48072949605208243,-0.04797794031182588,0.1094363041528675
1772596644.1658025,0.40933799766220313,-0.010171463230035323,0.13343560636097412,0.946587909679665,-0.2740231995953434,0.16994886093120112,-0.28020664979499044,-0.9598509160930082,0.013055737668948325,3,0.48072949605208243,-0.04797794031182588,0.1094363041528675
1772596644.2098846,0.4094745546340578,-0.007305712876338778,0.13285265311799493,0.9487132882599206,-0.26711290641716245,0.16909698963738273,-0.27354473756201836,-0.9617341049962965,0.015517339949203585,3,0.48072949605208243,-0.04797794031182588,0.1094363041528675
1772596644.2100358,0.4094745546340578,-0.007305712876338778,0.13285265311799493,0.9487132882599206,-0.26711290641716245,0.16909698963738273,-0.27354473756201836,-0.9617341049962965,0.015517339949203585,3,0.48072949605208243,-0.04797794031182588,0.1094363041528675
1772596644.253757,0.4089028412986364,-0.003974927830994804,0.13130715616719174,0.9515308811935834,-0.2588898085171208,0.16602725433172627,-0.2654885883095433,-0.9639369971843617,0.01847362813857227,3,0.48072949605208243,-0.04797794031182588,0.1094363041528675
1772596644.2690396,0.4089028412986364,-0.003974927830994804,0.13130715616719174,0.9515308811935834,-0.2588898085171208,0.16602725433172627,-0.2654885883095433,-0.9639369971843617,0.01847362813857227,3,0.48072949605208243,-0.04797794031182588,0.1094363041528675
1772596644.3138564,0.4084449821176276,-0.0026112205230731655,0.1303532743951876,0.9525814836928865,-0.25628049438650075,0.16403909632300978,-0.2629118126004007,-0.9646186770011904,0.01970245608153276,3,0.48072949605208243,-0.04797794031182588,0.1094363041528675
1772596644.3578925,0.40796451214975943,-0.0013473172223738422,0.12934156655924364,0.9536244589299417,-0.25378507690011204,0.1618441413007618,-0.26041363476164164,-0.9652732688847637,0.02079074810471287,3,0.48072949605208243,-0.04797794031182588,0.1094363041528675
1772596644.4029696,0.40715044207217704,0.0006795328132195438,0.12735819644575427,0.955453584429011,-0.24977321808554953,0.15723163653967334,-0.2562670506003615,-0.9663522474997001,0.022147968955877704,3,0.48072949605208243,-0.04797794031182588,0.1094363041528675
1772596644.403109,0.40715044207217704,0.0006795328132195438,0.12735819644575427,0.955453584429011,-0.24977321808554953,0.15723163653967334,-0.2562670506003615,-0.9663522474997001,0.022147968955877704,3,0.48072949605208243,-0.04797794031182588,0.1094363041528675
1772596644.4497926,0.4064329293309411,0.0018441723515373598,0.12529362730343266,0.9565823960529988,-0.24871477557101732,0.15195749397171177,-0.25484662879136666,-0.9667314394744594,0.021989081957089946,3,0.48072949605208243,-0.04797794031182588,0.1094363041528675
1772596644.4682252,0.4064329293309411,0.0018441723515373598,0.12529362730343266,0.9565823960529988,-0.24871477557101732,0.15195749397171177,-0.25484662879136666,-0.9667314394744594,0.021989081957089946,3,0.48072949605208243,-0.04797794031182588,0.1094363041528675
1772596644.513831,0.4061316519111012,0.0021559416463400594,0.12421068455817785,0.9569896529298066,-0.24892656838785968,0.14901801144805535,-0.2548031993228975,-0.9667555262758291,0.02142619961544428,3,0.48072949605208243,-0.04797794031182588,0.1094363041528675
1772596644.5577962,0.4058285942184654,0.002367947692637498,0.12304139508984727,0.9573016087337478,-0.24961953694649114,0.14582083764125825,-0.2552179233882344,-0.9666612874438361,0.020730820987675952,3,0.48072949605208243,-0.04797794031182588,0.1094363041528675
1772596644.6058602,0.40541507729076226,0.002726404035515856,0.1207502484182279,0.957778961626164,-0.2514170961198646,0.13945932899939562,-0.25645683918357853,-0.9663663427816327,0.019130634459425176,3,0.48072949605208243,-0.04797794031182588,0.1094363041528675
1772596644.6059968,0.40541507729076226,0.002726404035515856,0.1207502484182279,0.957778961626164,-0.2514170961198646,0.13945932899939562,-0.25645683918357853,-0.9663663427816327,0.019130634459425176,3,0.48072949605208243,-0.04797794031182588,0.1094363041528675
1772596644.653955,0.40556428399280287,0.003043194742742783,0.11908367537282763,0.958092824925208,-0.2529127960449063,0.13451117583153657,-0.25745256419691637,-0.9661376762317883,0.017209525091441448,3,0.48072949605208243,-0.04797794031182588,0.1094363041528675
1772596644.6682484,0.40556428399280287,0.003043194742742783,0.11908367537282763,0.958092824925208,-0.2529127960449063,0.13451117583153657,-0.25745256419691637,-0.9661376762317883,0.017209525091441448,3,0.48072949605208243,-0.04797794031182588,0.1094363041528675
1772596644.710204,0.40592970313074606,0.003299761259825687,0.11860766929102384,0.958208199682008,-0.25332564230746873,0.1329028404951299,-0.2576554990537046,-0.9661014978878533,0.016172185573793834,3,0.48072949605208243,-0.04797794031182588,0.1094363041528675
1772596644.757778,0.40641145657067124,0.0036106186916442934,0.11830627180869366,0.9583121538835647,-0.25353203289846166,0.1317547874402154,-0.2576841581710085,-0.9661097071071741,0.015195672442806896,3,0.48072949605208243,-0.04797794031182588,0.1094363041528675
1772596644.8018692,0.40703395000962483,0.0038828769748286557,0.11826878019840786,0.9583332633548204,-0.2536879366175702,0.13130037000108008,-0.25770702187076516,-0.9661173604368444,0.014294640290888706,3,0.48072949605208243,-0.04797794031182588,0.1094363041528675
1772596644.8019998,0.40703395000962483,0.0038828769748286557,0.11826878019840786,0.9583332633548204,-0.2536879366175702,0.13130037000108008,-0.25770702187076516,-0.9661173604368444,0.014294640290888706,3,0.48072949605208243,-0.04797794031182588,0.1094363041528675
1772596644.8498535,0.40845457271118246,0.003982387339885332,0.11884933326534877,0.9579191047889503,-0.2548087780770875,0.13214944303779055,-0.25867836836533414,-0.9658800248796039,0.012699577883717929,3,0.48072949605208243,-0.04797794031182588,0.1094363041528675
1772596644.8681867,0.40845457271118246,0.003982387339885332,0.11884933326534877,0.9579191047889503,-0.2548087780770875,0.13214944303779055,-0.25867836836533414,-0.9658800248796039,0.012699577883717929,3,0.48072949605208243,-0.04797794031182588,0.1094363041528675
1772596644.909802,0.40915797655934105,0.003682137676303557,0.11941499931136751,0.9575059453015601,-0.2557317435129881,0.13335531512456877,-0.2595974226056392,-0.9656404045339643,0.012156780329970134,3,0.48072949605208243,-0.04797794031182588,0.1094363041528675
1772596644.9537933,0.4097890804686067,0.0032101280186537934,0.1199642673751791,0.9570013318956041,-0.2569896281228922,0.13455401066968478,-0.260865290396639,-0.9653042217742291,0.011707249511626681,3,0.48072949605208243,-0.04797794031182588,0.1094363041528675
1772596644.9978976,0.41070561006572165,0.0018995461049340773,0.12073880545114571,0.955909029042266,-0.2601400147313724,0.13625381070279777,-0.2640527233854828,-0.9644437333196068,0.011155471000778967,3,0.48072949605208243,-0.04797794031182588,0.1094363041528675
1772596645.0418146,0.4112291850744355,0.0007038200765021041,0.12115289749805877,0.9550139309721413,-0.2629396960211778,0.13715359238980557,-0.2668825975593811,-0.9636678089958723,0.010864300486104112,6,0.48072949605208243,-0.04797794031182588,0.1094363041528675
1772596645.0419085,0.4112291850744355,0.0007038200765021041,0.12115289749805877,0.9550139309721413,-0.2629396960211778,0.13715359238980557,-0.2668825975593811,-0.9636678089958723,0.010864300486104112,6,0.48072949605208243,-0.04797794031182588,0.1094363041528675
1772596645.0858173,0.4112950911193112,0.00031079165298186773,0.12120471018804282,0.9547887134669683,-0.2636997864531166,0.13726228637419824,-0.2676524404773167,-0.9634544766770535,0.010846311699446418,17,0.48072949605208243,-0.04797794031182588,0.1094363041528675
1772596645.1014626,0.4112950911193112,0.00031079165298186773,0.12120471018804282,0.9547887134669683,-0.2636997864531166,0.13726228637419824,-0.2676524404773167,-0.9634544766770535,0.010846311699446418,25,0.48072949605208243,-0.04797794031182588,0.1094363041528675
1772596645.1420305,0.4112803637702566,8.513604539864272e-05,0.1211908375564694,0.9546715878760805,-0.2641429495545984,0.13722485745213917,-0.26809946902898885,-0.9633300365844755,0.01085888210301882,42,0.48072949605208243,-0.04797794031182588,0.1094363041528675
1772596645.1898384,0.4112623349066043,4.730480520118152e-05,0.12116786524202694,0.954649249641575,-0.2642496699269109,0.13717478668580504,-0.2682064013408192,-0.963300127814612,0.010871523911560294,62,0.48072949605208243,-0.04797794031182588,0.1094363041528675
1772596645.2378771,0.41126959023462023,3.392142863820058e-05,0.12117595872307335,0.9546222106606413,-0.2643373725491861,0.13719398087082227,-0.2682936594224168,-0.9632760155539924,0.010854960716327921,79,0.48072949605208243,-0.04797794031182588,0.1094363041528675
1772596645.2380326,0.41126959023462023,3.392142863820058e-05,0.12117595872307335,0.9546222106606413,-0.2643373725491861,0.13719398087082227,-0.2682936594224168,-0.9632760155539924,0.010854960716327921,79,0.48072949605208243,-0.04797794031182588,0.1094363041528675
1772596645.281915,0.41126959023462023,3.392142863820058e-05,0.12117595872307335,0.9546222106606413,-0.2643373725491861,0.13719398087082227,-0.2682936594224168,-0.9632760155539924,0.010854960716327921,94,0.48072949605208243,-0.04797794031182588,0.1094363041528675
1772596645.301423,0.4112608364073353,6.711663855421546e-06,0.12116792477539398,0.9546123625067944,-0.26438366792580875,0.13717329726769933,-0.2683395011080611,-0.9632632360361315,0.01085588532903885,105,0.48072949605208243,-0.04797794031182588,0.1094363041528675
1772596645.3458045,0.4112612712022729,-1.0659519488809277e-05,0.12116875301424837,0.954603164190083,-0.2644142380332609,0.13717838621142894,-0.2683708819599344,-0.963254468644922,0.010858100737970382,114,0.48072949605208243,-0.04797794031182588,0.1094363041528675
1772596645.3898516,0.41210859577018527,0.00014611146232099137,0.12211700254342614,0.9542972722834436,-0.264379062563367,0.13935719353694853,-0.26837918264540234,-0.963257276617267,0.01039391006657003,114,0.48072949605208243,-0.04797794031182588,0.1094363041528675
1772596645.433729,0.4126157409934918,0.00015367715112636626,0.12275320032892534,0.9541441181156892,-0.2641126875949957,0.14090241345194238,-0.2681796401136551,-0.9633132905865042,0.010353009606490538,114,0.48072949605208243,-0.04797794031182588,0.1094363041528675
1772596645.4819138,0.41265890928255117,0.00011849851087078478,0.12275746632935938,0.9541283320660748,-0.26417819674702336,0.14088650152623336,-0.26823857675842255,-0.9632973942190838,0.010305155473798698,114,0.48072949605208243,-0.04797794031182588,0.1094363041528675
1772596645.4820518,0.41265890928255117,0.00011849851087078478,0.12275746632935938,0.9541283320660748,-0.26417819674702336,0.14088650152623336,-0.26823857675842255,-0.9632973942190838,0.010305155473798698,114,0.48072949605208243,-0.04797794031182588,0.1094363041528675
1772596645.5297701,0.4124605812598543,0.0001135751006271224,0.12250269958114615,0.9541950876501154,-0.264264285091035,0.1402716020073672,-0.2682994907076241,-0.9632801244866945,0.010333685447514701,114,0.48072949605208243,-0.04797794031182588,0.1094363041528675
1772596645.5351806,0.4124605812598543,0.0001135751006271224,0.12250269958114615,0.9541950876501154,-0.264264285091035,0.1402716020073672,-0.2682994907076241,-0.9632801244866945,0.010333685447514701,114,0.48072949605208243,-0.04797794031182588,0.1094363041528675
1772596645.5817928,0.4123135063645389,-4.467438093835874e-05,0.1223789693849052,0.9541013606999612,-0.2647553687684731,0.13998281401212337,-0.26878157950552334,-0.9631456937561164,0.010336107466819705,114,0.48072949605208243,-0.04797794031182588,0.1094363041528675
1772596645.629827,0.41234459983904315,-8.078355114152225e-05,0.12244076742562046,0.9539713996185617,-0.2651393198769002,0.14014174882959432,-0.2691703909896358,-0.9630376249937576,0.01028753910657466,114,0.48072949605208243,-0.04797794031182588,0.1094363041528675
1772596645.6778202,0.41239052628753287,-9.071699716448056e-05,0.12251075296605443,0.9538513736269242,-0.2654775489487596,0.14031830968975262,-0.2695139041690781,-0.9629420646548198,0.0102389246434587,114,0.48072949605208243,-0.04797794031182588,0.1094363041528675
1772596645.678006,0.41239052628753287,-9.071699716448056e-05,0.12251075296605443,0.9538513736269242,-0.2654775489487596,0.14031830968975262,-0.2695139041690781,-0.9629420646548198,0.0102389246434587,114,0.48072949605208243,-0.04797794031182588,0.1094363041528675
1772596645.7257972,0.41242736287962173,-0.00010163992868296445,0.12257343438866955,0.9538154238292459,-0.2655217445750708,0.14047896790355296,-0.26956660879548683,-0.9629272889572492,0.0102410743549553,114,0.48072949605208243,-0.04797794031182588,0.1094363041528675
1772596645.7348988,0.41256521137181607,-0.00012075707728700924,0.12273516027090131,0.9537662313435269,-0.26549250148043735,0.140867695396872,-0.26955181483933,-0.9629317604943295,0.010209982767610318,114,0.48072949605208243,-0.04797794031182588,0.1094363041528675
1772596645.7779095,0.4131692059368189,-0.0009618523349089608,0.12379058151381281,0.9535396829895749,-0.26497204582235356,0.14335929651354376,-0.26916249392288827,-0.9630395528460246,0.010313656933429605,114,0.48072949605208243,-0.04797794031182588,0.1094363041528675
1772596645.8219016,0.4135720511191535,-0.001777477863271662,0.1247223799845342,0.9532482203740577,-0.2648553069057943,0.14549741151487894,-0.26917402821492387,-0.9630345298691699,0.010480306017404555,114,0.48072949605208243,-0.04797794031182588,0.1094363041528675
1772596645.8698657,0.41417729435613193,-0.002687023172771724,0.1260076240665659,0.9528707429978266,-0.2646200155005833,0.1483697898335156,-0.26909509009102733,-0.9630555509929147,0.010575357707233127,114,0.48072949605208243,-0.04797794031182588,0.1094363041528675
1772596645.870014,0.41417729435613193,-0.002687023172771724,0.1260076240665659,0.9528707429978266,-0.2646200155005833,0.1483697898335156,-0.26909509009102733,-0.9630555509929147,0.010575357707233127,114,0.48072949605208243,-0.04797794031182588,0.1094363041528675
1772596645.9177833,0.41492864053969264,-0.003604178104726505,0.12756901917751196,0.9526379691072304,-0.2634913558731905,0.15183281988871575,-0.26814561730176933,-0.9633193524931418,0.010665506741211448,114,0.48072949605208243,-0.04797794031182588,0.1094363041528675
1772596645.936248,0.41560431326069386,-0.004423225889225932,0.12925877917937048,0.9525771902804632,-0.26174869965142716,0.15519122007435154,-0.26660673144497454,-0.963742776082682,0.01098691479322362,114,0.48072949605208243,-0.04797794031182588,0.1094363041528675
1772596645.9817781,0.41620860265825854,-0.0050817768673008246,0.13104542781119172,0.9528329774193967,-0.25900661169384026,0.15819257960145897,-0.2640946589949475,-0.9644262213922308,0.01166510100454727,114,0.48072949605208243,-0.04797794031182588,0.1094363041528675
1772596646.0258322,0.41643639180948183,-0.005850030281624549,0.13452233256017646,0.9545517560172151,-0.25099236910510153,0.16072888892622714,-0.2565535284768344,-0.9664213773071396,0.014491670361199572,114,0.48072949605208243,-0.04797794031182588,0.1094363041528675
1772596646.0738115,0.4142505900715141,-0.005896612703807036,0.13756109998232544,0.9574125521571747,-0.24415770982660825,0.15410456743429438,-0.24992238538851483,-0.9680811726686741,0.018911488734613714,114,0.48072949605208243,-0.04797794031182588,0.1094363041528675
1772596646.0739467,0.4142505900715141,-0.005896612703807036,0.13756109998232544,0.9574125521571747,-0.24415770982660825,0.15410456743429438,-0.24992238538851483,-0.9680811726686741,0.018911488734613714,114,0.48072949605208243,-0.04797794031182588,0.1094363041528675
1772596646.1178093,0.4119199127936747,-0.005700113853825892,0.13884707618186828,0.959116643598715,-0.24237148916570841,0.14612092667216742,-0.24803574198584086,-0.9685100825859768,0.021598394080067026,114,0.48072949605208243,-0.04797794031182588,0.1094363041528675
1772596646.135027,0.4119199127936747,-0.005700113853825892,0.13884707618186828,0.959116643598715,-0.24237148916570841,0.14612092667216742,-0.24803574198584086,-0.9685100825859768,0.021598394080067026,114,0.48072949605208243,-0.04797794031182588,0.1094363041528675
1772596646.1817343,0.40912854268141163,-0.005445630555343764,0.1402859745684497,0.9607310050675252,-0.24171010438415919,0.13627971727495372,-0.24716646962050953,-0.9686659721897356,0.02439201953606451,114,0.48072949605208243,-0.04797794031182588,0.1094363041528675
1772596646.2298877,0.4030721441568546,-0.005020728082958656,0.14409172867194667,0.9631670410334268,-0.24361081689570072,0.11385526319991764,-0.248377697458856,-0.9682130739332993,0.029529017417930972,114,0.48072949605208243,-0.04797794031182588,0.1094363041528675
1772596646.2738547,0.39732942720550113,-0.004570525380677648,0.1494869619350154,0.9648545026101885,-0.24647518373138105,0.09113601152907316,-0.25038241967357167,-0.9675468441883501,0.03408442781640765,114,0.48072949605208243,-0.04797794031182588,0.1094363041528675
1772596646.2739758,0.39732942720550113,-0.004570525380677648,0.1494869619350154,0.9648545026101885,-0.24647518373138105,0.09113601152907316,-0.25038241967357167,-0.9675468441883501,0.03408442781640765,114,0.48072949605208243,-0.04797794031182588,0.1094363041528675
1772596646.3218653,0.39491370367880946,-0.004298358096045077,0.15286099110567242,0.965387452002182,-0.24807573834602573,0.08053257453235454,-0.2515304130125129,-0.9671841555633159,0.035878413524435916,114,0.48072949605208243,-0.04797794031182588,0.1094363041528675
1772596646.3349843,0.39491370367880946,-0.004298358096045077,0.15286099110567242,0.965387452002182,-0.24807573834602573,0.08053257453235454,-0.2515304130125129,-0.9671841555633159,0.035878413524435916,114,0.48072949605208243,-0.04797794031182588,0.1094363041528675
1772596646.377859,0.39246013204780983,-0.003994653194704836,0.15641644062068216,0.9658024529185169,-0.24968808280227153,0.06986761226134916,-0.25266963280671056,-0.966823003933239,0.03756774843972417,114,0.48072949605208243,-0.04797794031182588,0.1094363041528675
1772596646.4218273,0.390531345840035,-0.003626258422529352,0.1604122349872427,0.9660478674467008,-0.2512134024282162,0.060360121289811816,-0.25373818337796183,-0.9665064351000585,0.03849993774317544,114,0.48072949605208243,-0.04797794031182588,0.1094363041528675
1772596646.4698734,0.38763687910864103,-0.0028107926135663014,0.16920497121676892,0.965979008698939,-0.2548999206878333,0.04371024120673914,-0.25659328586154584,-0.9657396060832935,0.03881879561321377,114,0.48072949605208243,-0.04797794031182588,0.1094363041528675
1772596646.4700208,0.38763687910864103,-0.0028107926135663014,0.16920497121676892,0.965979008698939,-0.2548999206878333,0.04371024120673914,-0.25659328586154584,-0.9657396060832935,0.03881879561321377,114,0.48072949605208243,-0.04797794031182588,0.1094363041528675
1772596646.5138173,0.38706218263686765,-0.002295318491433232,0.17429644699129093,0.9656247499503523,-0.2572032510218511,0.037620871163634315,-0.25857382322214056,-0.9652554006101512,0.03770397243291364,114,0.48072949605208243,-0.04797794031182588,0.1094363041528675
1772596646.5349145,0.38706218263686765,-0.002295318491433232,0.17429644699129093,0.9656247499503523,-0.2572032510218511,0.037620871163634315,-0.25857382322214056,-0.9652554006101512,0.03770397243291364,114,0.48072949605208243,-0.04797794031182588,0.1094363041528675
1772596646.577848,0.38643625109099616,-0.0017424605753437045,0.17920298067277607,0.9650368382919122,-0.2602237382657111,0.031424620643190126,-0.2612715372575456,-0.9646020582256899,0.03577782952950023,114,0.48072949605208243,-0.04797794031182588,0.1094363041528675
1772596646.6258402,0.3861324624521799,-0.0013082993032583479,0.18442865766111524,0.9643452197207675,-0.2633506852376792,0.026167036258432804,-0.26413980084992766,-0.963900415459855,0.0335582282500102,114,0.48072949605208243,-0.04797794031182588,0.1094363041528675
1772596646.6698644,0.38641198237463653,-0.001195555743368687,0.1953253971142818,0.9630806955884081,-0.268564442238789,0.018673889522964126,-0.2690242860583872,-0.9626838635316977,0.02942299112018648,114,0.48072949605208243,-0.04797794031182588,0.1094363041528675
1772596646.6700056,0.38641198237463653,-0.001195555743368687,0.1953253971142818,0.9630806955884081,-0.268564442238789,0.018673889522964126,-0.2690242860583872,-0.9626838635316977,0.02942299112018648,114,0.48072949605208243,-0.04797794031182588,0.1094363041528675
1772596646.7139902,0.38766529553104323,-0.0015392171418545791,0.20645284421213328,0.9619337254715944,-0.27289784003455825,0.014500920826331636,-0.2731869557792033,-0.9616470147681008,0.02457450263365754,114,0.48072949605208243,-0.04797794031182588,0.1094363041528675
1772596646.7351124,0.38766529553104323,-0.0015392171418545791,0.20645284421213328,0.9619337254715944,-0.27289784003455825,0.014500920826331636,-0.2731869557792033,-0.9616470147681008,0.02457450263365754,114,0.48072949605208243,-0.04797794031182588,0.1094363041528675
1772596646.7778273,0.3888685878416778,-0.0017124868142511795,0.21202228157090977,0.961293051874958,-0.2751701968165024,0.014036780289549989,-0.27542395343524345,-0.9610821060419138,0.021513514825352915,114,0.48072949605208243,-0.04797794031182588,0.1094363041528675
1772596646.8219218,0.3899768997167875,-0.0019328522220467825,0.21723987927353033,0.9606092668013032,-0.2775849437672005,0.013282903644289959,-0.27779815394810475,-0.960460955858084,0.018518583509583613,114,0.48072949605208243,-0.04797794031182588,0.1094363041528675
1772596646.8658383,0.3931391925885631,-0.002654442012226546,0.22743854248940265,0.9589753958539382,-0.2830937560592216,0.014970485198041148,-0.28327307034491334,-0.9589690626143488,0.011606229617038243,114,0.48072949605208243,-0.04797794031182588,0.1094363041528675
1772596646.9098492,0.3964743834012401,-0.003926729272464999,0.23715890808221413,0.9571335860419661,-0.2890849936864514,0.018032329182626285,-0.2892058945242763,-0.9572565959340844,0.004445234875904635,114,0.48072949605208243,-0.04797794031182588,0.1094363041528675
1772596646.910009,0.3964743834012401,-0.003926729272464999,0.23715890808221413,0.9571335860419661,-0.2890849936864514,0.018032329182626285,-0.2892058945242763,-0.9572565959340844,0.004445234875904635,114,0.48072949605208243,-0.04797794031182588,0.1094363041528675
1772596646.957811,0.3981037767707713,-0.004801621928054597,0.24163956637365447,0.9560814250449554,-0.29242018128701025,0.019968631903052755,-0.29249267159202624,-0.9562674731022784,0.0007462918613283264,114,0.48072949605208243,-0.04797794031182588,0.1094363041528675
1772596646.9682202,0.3981037767707713,-0.004801621928054597,0.24163956637365447,0.9560814250449554,-0.29242018128701025,0.019968631903052755,-0.29249267159202624,-0.9562674731022784,0.0007462918613283264,114,0.48072949605208243,-0.04797794031182588,0.1094363041528675
1772596647.0138485,0.4002024406715405,-0.005742629814138589,0.24611984395357162,0.9549851616315966,-0.2957202578865737,0.023513190744165875,-0.295727204268542,-0.9552668672598242,-0.0032608236863716053,114,0.48072949605208243,-0.04797794031182588,0.1094363041528675
1772596647.0618281,0.4039589467512559,-0.007680137041637697,0.25383902584711393,0.9528768645765048,-0.3018538576043712,0.030165039436564473,-0.30167246981585727,-0.9533537776908408,-0.010502167290791054,114,0.48072949605208243,-0.04797794031182588,0.1094363041528675
1772596647.1098068,0.40800701025611996,-0.009779346385959925,0.26052665213252474,0.9508031190466246,-0.30732778663672394,0.03902640608847517,-0.30688380943866106,-0.9515943056698386,-0.01704713821007496,114,0.48072949605208243,-0.04797794031182588,0.1094363041528675
1772596647.1099615,0.40800701025611996,-0.009779346385959925,0.26052665213252474,0.9508031190466246,-0.30732778663672394,0.03902640608847517,-0.30688380943866106,-0.9515943056698386,-0.01704713821007496,114,0.48072949605208243,-0.04797794031182588,0.1094363041528675
1772596647.1539378,0.40988779957047583,-0.01091428697249354,0.26316092279116154,0.9497199582357494,-0.3100185246843328,0.04382368402172707,-0.3094209914090622,-0.9507150447993855,-0.019988838573950018,114,0.48072949605208243,-0.04797794031182588,0.1094363041528675
1772596647.1686523,0.40988779957047583,-0.01091428697249354,0.26316092279116154,0.9497199582357494,-0.3100185246843328,0.04382368402172707,-0.3094209914090622,-0.9507150447993855,-0.019988838573950018,114,0.48072949605208243,-0.04797794031182588,0.1094363041528675
1772596647.2138605,0.4115788657968099,-0.012058630436649405,0.2655550374021069,0.9486205537796296,-0.31272320157036326,0.04820004301254089,-0.3119601289725321,-0.9498213689040057,-0.02280888214625812,114,0.48072949605208243,-0.04797794031182588,0.1094363041528675
1772596647.257974,0.4139609530340182,-0.01425352399870057,0.2692063974202907,0.9465328473144526,-0.3179201868940516,0.05479346420921679,-0.31684379951309866,-0.9480773663525023,-0.02755565495877102,114,0.48072949605208243,-0.04797794031182588,0.1094363041528675
1772596647.3018832,0.414605411570203,-0.015271722918429383,0.27032458694453093,0.9455903792888073,-0.3203774184979017,0.05671987582029656,-0.31917015508151014,-0.9472399222366382,-0.029443875872114972,114,0.48072949605208243,-0.04797794031182588,0.1094363041528675
1772596647.3020551,0.414605411570203,-0.015271722918429383,0.27032458694453093,0.9455903792888073,-0.3203774184979017,0.05671987582029656,-0.31917015508151014,-0.9472399222366382,-0.029443875872114972,114,0.48072949605208243,-0.04797794031182588,0.1094363041528675
1772596647.345837,0.4149420603286378,-0.016165254318057327,0.2709649753661161,0.9447817493778953,-0.3225815984101623,0.05769366004674448,-0.3212706010689973,-0.9464809095053709,-0.030969159346867284,114,0.48072949605208243,-0.04797794031182588,0.1094363041528675
1772596647.3682907,0.4149574705068079,-0.01682490836249815,0.271101425897679,0.9442003890235788,-0.3242728923770509,0.057729685926254125,-0.3229007348455126,-0.9458933331547974,-0.031951803228229096,114,0.48072949605208243,-0.04797794031182588,0.1094363041528675
1772596647.4098656,0.41482632875168823,-0.017159858655273336,0.27092724063069074,0.943898975893868,-0.3252395707853304,0.05721839653364755,-0.32384771026797066,-0.9455551486397261,-0.03237470362950386,114,0.48072949605208243,-0.04797794031182588,0.1094363041528675
1772596647.4540808,0.41454814192537187,-0.01728735581945306,0.2704880544684925,0.9437215226232387,-0.3259240059816865,0.05624260006903946,-0.3245439282414984,-0.9453157077701511,-0.03239523552307988,114,0.48072949605208243,-0.04797794031182588,0.1094363041528675
1772596647.4978476,0.413668683523092,-0.017303754485996282,0.2691607780798707,0.9437431924588339,-0.32631995308936446,0.05351705245399587,-0.32500853681725494,-0.9451744874157791,-0.03185340380911174,114,0.48072949605208243,-0.04797794031182588,0.1094363041528675
1772596647.541972,0.4127634729679885,-0.017098034994384878,0.2676865228582507,0.944043448826783,-0.3259370581234898,0.05046782013360766,-0.3247180221256782,-0.9453044426865378,-0.030946998947913855,114,0.48072949605208243,-0.04797794031182588,0.1094363041528675
1772596647.5421288,0.4127634729679885,-0.017098034994384878,0.2676865228582507,0.944043448826783,-0.3259370581234898,0.05046782013360766,-0.3247180221256782,-0.9453044426865378,-0.030946998947913855,114,0.48072949605208243,-0.04797794031182588,0.1094363041528675
1772596647.585802,0.41282598628181244,-0.01713504644350322,0.2677584836440408,0.9440060831046599,-0.3260194057025138,0.05063459456515531,-0.3247944806669015,-0.945275997435979,-0.0310134486913756,114,0.48072949605208243,-0.04797794031182588,0.1094363041528675
1772596647.6024961,0.41282598628181244,-0.01713504644350322,0.2677584836440408,0.9440060831046599,-0.3260194057025138,0.05063459456515531,-0.3247944806669015,-0.945275997435979,-0.0310134486913756,114,0.48072949605208243,-0.04797794031182588,0.1094363041528675
1772596647.6497717,0.4128516765775158,-0.017145803277044368,0.2678367820052592,0.943992851673315,-0.3260280097561952,0.050825513712084304,-0.3247995944184953,-0.9452736485588401,-0.031031480883768888,114,0.48072949605208243,-0.04797794031182588,0.1094363041528675
1772596647.6939027,0.41282710553719243,-0.017092852522193183,0.26777879838613805,0.9440390822225102,-0.3259133182865909,0.05070227016519023,-0.32468966690250717,-0.9453132945949247,-0.03097410642501057,114,0.48072949605208243,-0.04797794031182588,0.1094363041528675
1772596647.741822,0.4128192565269993,-0.01704624558602552,0.26774409433303736,0.9440783530759873,-0.32581104328371896,0.05062832534961408,-0.32459024658830854,-0.9453485897198504,-0.03093890325190987,114,0.48072949605208243,-0.04797794031182588,0.1094363041528675
1772596647.7419548,0.4128192565269993,-0.01704624558602552,0.26774409433303736,0.9440783530759873,-0.32581104328371896,0.05062832534961408,-0.32459024658830854,-0.9453485897198504,-0.03093890325190987,114,0.48072949605208243,-0.04797794031182588,0.1094363041528675
1772596647.7897887,0.4128220394725043,-0.017090996975237326,0.26777548674467416,0.9440357237882282,-0.32592422238701624,0.05069470853111852,-0.3247007350857861,-0.9453095224599644,-0.0309732042459984,114,0.48072949605208243,-0.04797794031182588,0.1094363041528675
1772596647.8015509,0.4128220394725043,-0.017090996975237326,0.26777548674467416,0.9440357237882282,-0.32592422238701624,0.05069470853111852,-0.3247007350857861,-0.9453095224599644,-0.0309732042459984,114,0.48072949605208243,-0.04797794031182588,0.1094363041528675
1772596647.8417563,0.4128233181375433,-0.017083921274878483,0.2677638994757451,0.944043223435193,-0.3259064914079039,0.05066903535967869,-0.3246835965547323,-0.9453155710618835,-0.030968261756665297,114,0.48072949605208243,-0.04797794031182588,0.1094363041528675
1772596647.8859,0.41282848716900633,-0.017098082503871313,0.2677759376950702,0.9440311207570828,-0.325937827689841,0.05069295338559296,-0.3247138577783289,-0.9453047197450013,-0.030982210936920072,114,0.48072949605208243,-0.04797794031182588,0.1094363041528675
1772596647.929818,0.41282432664875396,-0.017074887693870895,0.267763127936065,0.9440525421527257,-0.32587908289541617,0.05067169807908979,-0.3246568684160562,-0.9453251745088029,-0.030955326362044726,114,0.48072949605208243,-0.04797794031182588,0.1094363041528675
1772596647.973769,0.4128246551229268,-0.01708861586586257,0.26776134087121306,0.9440408594809849,-0.32591379821124616,0.050666081019978035,-0.32469102063211513,-0.9453130603282954,-0.03096706465954583,114,0.48072949605208243,-0.04797794031182588,0.1094363041528675
1772596647.9738762,0.4128246551229268,-0.01708861586586257,0.26776134087121306,0.9440408594809849,-0.32591379821124616,0.050666081019978035,-0.32469102063211513,-0.9453130603282954,-0.03096706465954583,114,0.48072949605208243,-0.04797794031182588,0.1094363041528675
1772596648.0222461,0.4128222721089552,-0.017079820865701693,0.2677560321316661,0.944046353594493,-0.32589949249858025,0.050655730713411964,-0.32467703897860895,-0.9453179813244461,-0.030963438839334348,114,0.48072949605208243,-0.04797794031182588,0.1094363041528675
1772596648.034883,0.4128222721089552,-0.017079820865701693,0.2677560321316661,0.944046353594493,-0.32589949249858025,0.050655730713411964,-0.32467703897860895,-0.9453179813244461,-0.030963438839334348,114,0.48072949605208243,-0.04797794031182588,0.1094363041528675
1772596648.0817509,0.4128308200793738,-0.017090872500236394,0.26777618982997153,0.9440380338693837,-0.32591685761766626,0.050699038735008924,-0.32469317283268245,-0.9453120455216277,-0.030975475905329834,114,0.48072949605208243,-0.04797794031182588,0.1094363041528675
1772596648.1261945,0.4128277612303448,-0.01708663504494584,0.26776551202273396,0.9440395782479517,-0.32591620074743205,0.05067449843648255,-0.3246929685750201,-0.9453121939486152,-0.03097308718866339,114,0.48072949605208243,-0.04797794031182588,0.1094363041528675
1772596648.1699135,0.41282687517744365,-0.017091970893502118,0.267768791332923,0.944036782607262,-0.325923230875088,0.050681364035251,-0.3246999694804754,-0.9453098170958854,-0.030972237915960668,114,0.48072949605208243,-0.04797794031182588,0.1094363041528675
1772596648.1701238,0.41282687517744365,-0.017091970893502118,0.267768791332923,0.944036782607262,-0.325923230875088,0.050681364035251,-0.3246999694804754,-0.9453098170958854,-0.030972237915960668,114,0.48072949605208243,-0.04797794031182588,0.1094363041528675
1772596648.2147312,0.4128271437703621,-0.017086286390545137,0.2677653750736302,0.9440396112095508,-0.3259160740984097,0.05067469892954456,-0.3246928968194722,-0.9453122510973344,-0.03097209518695289,114,0.48072949605208243,-0.04797794031182588,0.1094363041528675
1772596648.23502,0.4128271437703621,-0.017086286390545137,0.2677653750736302,0.9440396112095508,-0.3259160740984097,0.05067469892954456,-0.3246928968194722,-0.9453122510973344,-0.03097209518695289,114,0.48072949605208243,-0.04797794031182588,0.1094363041528675
1772596648.2778335,0.41282804084715014,-0.017089619877480873,0.26776801991523264,0.9440386472302521,-0.32591788584165865,0.05068100456955699,-0.32469461726767995,-0.9453116529019673,-0.030972316754567266,114,0.48072949605208243,-0.04797794031182588,0.1094363041528675
1772596648.321795,0.41282565457482134,-0.017088042188718726,0.26776551050452124,0.9440389309442342,-0.3259182286182914,0.05067351493613681,-0.32469505927058856,-0.9453115026141602,-0.03097227002703882,114,0.48072949605208243,-0.04797794031182588,0.1094363041528675
1772596648.3658454,0.4128269721640827,-0.017088317575686865,0.2677676864795703,0.944040514341847,-0.32591279280040336,0.05067897759645972,-0.324689527938041,-0.945313392272345,-0.030972582035141624,114,0.48072949605208243,-0.04797794031182588,0.1094363041528675
1772596648.4103029,0.4128265335422368,-0.01708906391869025,0.26776645384958964,0.9440377222115144,-0.3259213338279549,0.050676061385059236,-0.32469814631773747,-0.9453104480849197,-0.030972092588545552,114,0.48072949605208243,-0.04797794031182588,0.1094363041528675
1772596648.4104772,0.4128265335422368,-0.01708906391869025,0.26776645384958964,0.9440377222115144,-0.3259213338279549,0.050676061385059236,-0.32469814631773747,-0.9453104480849197,-0.030972092588545552,114,0.48072949605208243,-0.04797794031182588,0.1094363041528675
1772596648.4538834,0.4128265335422368,-0.01708906391869025,0.26776645384958964,0.9440377222115144,-0.3259213338279549,0.050676061385059236,-0.32469814631773747,-0.9453104480849197,-0.030972092588545552,114,0.48072949605208243,-0.04797794031182588,0.1094363041528675
1772596648.46814,0.4128261707993626,-0.017089007327567574,0.2677652145762503,0.9440400857500343,-0.3259144389841571,0.05067637475895402,-0.324691315596958,-0.9453128379607892,-0.03097075979751323,114,0.48072949605208243,-0.04797794031182588,0.1094363041528675
1772596648.5097852,0.41282688508217835,-0.017088995384269383,0.26776737406443885,0.9440392445592964,-0.3259166293364871,0.05067795826447644,-0.32469356370194064,-0.9453121081385472,-0.030969467176391704,114,0.48072949605208243,-0.04797794031182588,0.1094363041528675
1772596648.5577536,0.4128265023456424,-0.017087379108709035,0.2677638600958796,0.9440399741605361,-0.3259154418158836,0.05067200383773783,-0.3246923248238728,-0.9453124625501927,-0.03097163779587713,114,0.48072949605208243,-0.04797794031182588,0.1094363041528675
1772596648.6058807,0.41282717681173287,-0.017089359048340975,0.26776769277898815,0.9440409858653087,-0.32591119553480435,0.05068046597586085,-0.3246880249120096,-0.9453139736343228,-0.03097059460883423,114,0.48072949605208243,-0.04797794031182588,0.1094363041528675
1772596648.6060352,0.41282717681173287,-0.017089359048340975,0.26776769277898815,0.9440409858653087,-0.32591119553480435,0.05068046597586085,-0.3246880249120096,-0.9453139736343228,-0.03097059460883423,114,0.48072949605208243,-0.04797794031182588,0.1094363041528675
1772596648.6538138,0.41282824884851715,-0.01708713850415141,0.2677673850094377,0.9440399050813343,-0.3259141545106963,0.05068156966396931,-0.32469080171160924,-0.9453129228876306,-0.030973554938321483,114,0.48072949605208243,-0.04797794031182588,0.1094363041528675
1772596648.670097,0.41282824884851715,-0.01708713850415141,0.2677673850094377,0.9440399050813343,-0.3259141545106963,0.05068156966396931,-0.32469080171160924,-0.9453129228876306,-0.030973554938321483,114,0.48072949605208243,-0.04797794031182588,0.1094363041528675
1772596648.7178411,0.4128285951730598,-0.01708772003410225,0.26776888350381217,0.9440397729957403,-0.3259145677919187,0.050681372348808554,-0.32469116899171174,-0.9453127690557089,-0.03097439973629813,114,0.48072949605208243,-0.04797794031182588,0.1094363041528675
1772596648.7657988,0.412825738054345,-0.01708740862197916,0.2677656010104064,0.9440422095464137,-0.3259082166598601,0.05067682812010989,-0.32468528683282166,-0.9453150258165223,-0.030967183917763652,114,0.48072949605208243,-0.04797794031182588,0.1094363041528675
1772596648.8099654,0.41282622430601507,-0.01708764321396681,0.2677664853353318,0.9440399343642714,-0.3259151420486116,0.050674673249420085,-0.32469195619301006,-0.945312569866515,-0.030972226847959694,114,0.48072949605208243,-0.04797794031182588,0.1094363041528675
1772596648.8101327,0.41282622430601507,-0.01708764321396681,0.2677664853353318,0.9440399343642714,-0.3259151420486116,0.050674673249420085,-0.32469195619301006,-0.945312569866515,-0.030972226847959694,114,0.48072949605208243,-0.04797794031182588,0.1094363041528675
1772596648.853808,0.4128265133469053,-0.017087738821138683,0.2677662920182975,0.9440403581127674,-0.32591370004373904,0.0506760533005232,-0.3246905388078311,-0.9453130816627766,-0.030971465026780973,114,0.48072949605208243,-0.04797794031182588,0.1094363041528675
1772596648.8686037,0.4128265133469053,-0.017087738821138683,0.2677662920182975,0.9440403581127674,-0.32591370004373904,0.0506760533005232,-0.3246905388078311,-0.9453130816627766,-0.030971465026780973,114,0.48072949605208243,-0.04797794031182588,0.1094363041528675
1772596648.9099956,0.41282616527598437,-0.01708775145915991,0.2677663857649383,0.9440388038992236,-0.3259181364422861,0.05067647452725169,-0.324694980012114,-0.9453115585958323,-0.03097139228468276,114,0.48072949605208243,-0.04797794031182588,0.1094363041528675
1772596648.9538496,0.41282768967742256,-0.01708554507053052,0.26776803547194306,0.9440396866254548,-0.32591501793435657,0.050680086434036604,-0.3246917029472573,-0.9453126232748759,-0.030973251595257163,114,0.48072949605208243,-0.04797794031182588,0.1094363041528675
1772596648.9980946,0.4128268539639212,-0.017089596815698847,0.2677666563093051,0.9440395743184238,-0.3259153772181516,0.05067986793036913,-0.32469226799874623,-0.9453125433649263,-0.030969766850355095,114,0.48072949605208243,-0.04797794031182588,0.1094363041528675
1772596649.0419948,0.4128282601829812,-0.017086566742044583,0.2677675562443673,0.9440414276485312,-0.32590991185257645,0.050680491706068774,-0.3246866538005754,-0.9453143964350803,-0.03097206380539144,114,0.48072949605208243,-0.04797794031182588,0.1094363041528675
1772596649.0422213,0.4128282601829812,-0.017086566742044583,0.2677675562443673,0.9440414276485312,-0.32590991185257645,0.050680491706068774,-0.3246866538005754,-0.9453143964350803,-0.03097206380539144,114,0.48072949605208243,-0.04797794031182588,0.1094363041528675
1772596649.0862317,0.41282533334080823,-0.017089224872825597,0.26776326580265464,0.9440399137368963,-0.3259155945706854,0.05067214705605529,-0.32469260762358787,-0.94531243966971,-0.030969371325492615,114,0.48072949605208243,-0.04797794031182588,0.1094363041528675
1772596649.1014473,0.4128266855300737,-0.017089053164796086,0.26776597233695804,0.9440383640370944,-0.32591935780462117,0.050676813577710526,-0.32469606641845755,-0.9453111108576293,-0.03097366851852642,114,0.48072949605208243,-0.04797794031182588,0.1094363041528675
1772596649.1418324,0.41282888340148133,-0.01708919338962482,0.26776824417588574,0.9440396165813982,-0.3259146472160305,0.050683775065570424,-0.32469134770559926,-0.9453127809711976,-0.030972162624240088,114,0.48072949605208243,-0.04797794031182588,0.1094363041528675
1772596649.185786,0.41282783623472474,-0.0170878774132842,0.2677684055577391,0.9440398513554576,-0.3259143110778099,0.05068156358521611,-0.32469113115561776,-0.9453129070466005,-0.03097058475377555,114,0.48072949605208243,-0.04797794031182588,0.1094363041528675
1772596649.2298284,0.41282830144425836,-0.017087246350751532,0.26776910484156574,0.9440404655764855,-0.325912122261196,0.05068419790562165,-0.32468873858623876,-0.9453136346560841,-0.03097345909938034,114,0.48072949605208243,-0.04797794031182588,0.1094363041528675
1772596649.2778544,0.41282714523623354,-0.017086498023549078,0.26776703029028787,0.9440396669088259,-0.32591548095772954,0.05067747601020764,-0.3246921691419021,-0.9453124457056533,-0.03097378394583003,114,0.48072949605208243,-0.04797794031182588,0.1094363041528675
1772596649.2779994,0.41282714523623354,-0.017086498023549078,0.26776703029028787,0.9440396669088259,-0.32591548095772954,0.05067747601020764,-0.3246921691419021,-0.9453124457056533,-0.03097378394583003,114,0.48072949605208243,-0.04797794031182588,0.1094363041528675
1772596649.3266275,0.4128276377955248,-0.01708788857161641,0.2677674643165673,0.9440398150455409,-0.3259143530151326,0.050681970240992295,-0.32469116122757957,-0.9453128929354586,-0.03097070019680549,114,0.48072949605208243,-0.04797794031182588,0.1094363041528675
1772596649.3348372,0.4128276377955248,-0.01708788857161641,0.2677674643165673,0.9440398150455409,-0.3259143530151326,0.050681970240992295,-0.32469116122757957,-0.9453128929354586,-0.03097070019680549,114,0.48072949605208243,-0.04797794031182588,0.1094363041528675
1772596649.3778083,0.4128330229982097,-0.017088613265266506,0.26777374542844024,0.9440400353618543,-0.325910764405339,0.05070093962360232,-0.32468731079285745,-0.945314207661593,-0.030970938042568577,114,0.48072949605208243,-0.04797794031182588,0.1094363041528675
1772596649.4218369,0.4128361105969644,-0.0170900547956096,0.2677772467164133,0.9440387745765134,-0.32591350946184217,0.050706769235877636,-0.3246896298324793,-0.9453132110308485,-0.030977045207603762,114,0.48072949605208243,-0.04797794031182588,0.1094363041528675
1772596649.4658494,0.412833928026143,-0.017088472046537587,0.26777483657838236,0.9440393723649463,-0.32591239655298065,0.05070279280169227,-0.3246887454797942,-0.9453136157311361,-0.030973964423099305,114,0.48072949605208243,-0.04797794031182588,0.1094363041528675
1772596649.5098166,0.41283448296185643,-0.01708759796062849,0.2677754329743601,0.9440396876905326,-0.3259113779813369,0.05070346898850751,-0.324687704954481,-0.9453139664074444,-0.03097416934185142,114,0.48072949605208243,-0.04797794031182588,0.1094363041528675
1772596649.5099688,0.41283448296185643,-0.01708759796062849,0.2677754329743601,0.9440396876905326,-0.3259113779813369,0.05070346898850751,-0.324687704954481,-0.9453139664074444,-0.03097416934185142,114,0.48072949605208243,-0.04797794031182588,0.1094363041528675
1772596649.5542214,0.41283726516620306,-0.017087414607910037,0.26777922491740774,0.9440392042438311,-0.3259115450431313,0.050711395743694446,-0.3246873090477341,-0.9453138421991235,-0.03098210919341019,114,0.48072949605208243,-0.04797794031182588,0.1094363041528675
1772596649.5681002,0.41283726516620306,-0.017087414607910037,0.26777922491740774,0.9440392042438311,-0.3259115450431313,0.050711395743694446,-0.3246873090477341,-0.9453138421991235,-0.03098210919341019,114,0.48072949605208243,-0.04797794031182588,0.1094363041528675
1772596649.60983,0.41283115247757207,-0.01708686263507611,0.26777095559116915,0.9440413757367971,-0.3259078533380859,0.05069469429374596,-0.32468425927771194,-0.9453151336734291,-0.030974664247904106,114,0.48072949605208243,-0.04797794031182588,0.1094363041528675
1772596649.653835,0.4128350249705488,-0.01708899700402703,0.26777443837204806,0.9440373490795935,-0.3259184576766146,0.050701503808775195,-0.3246945007791702,-0.9453114525948034,-0.030979650689904926,114,0.48072949605208243,-0.04797794031182588,0.1094363041528675
1772596649.6977477,0.41283820221977335,-0.01708819208197153,0.26777747512307154,0.944037904811647,-0.32591545509390474,0.050710456611717566,-0.32469141593513495,-0.9453125327906096,-0.030979021402234193,114,0.48072949605208243,-0.04797794031182588,0.1094363041528675
1772596649.7418518,0.41283737054294267,-0.01708745461571888,0.26777670228258077,0.9440386664076182,-0.32591298475016095,0.050712155333482195,-0.32468887913320577,-0.9453133808097031,-0.03097973255778213,114,0.48072949605208243,-0.04797794031182588,0.1094363041528675
1772596649.7420096,0.41283737054294267,-0.01708745461571888,0.26777670228258077,0.9440386664076182,-0.32591298475016095,0.050712155333482195,-0.32468887913320577,-0.9453133808097031,-0.03097973255778213,114,0.48072949605208243,-0.04797794031182588,0.1094363041528675
1772596649.785821,0.41283798015379336,-0.017086300231874067,0.26777814126586164,0.9440403219027732,-0.32590800035402107,0.05071337029770134,-0.3246839846885033,-0.9453151251769824,-0.030977801704157936,114,0.48072949605208243,-0.04797794031182588,0.1094363041528675
1772596649.8013847,0.41283599091458506,-0.017086104803329158,0.2677743813228483,0.9440397724490723,-0.3259109278835677,0.05070478399890738,-0.324687137000812,-0.9453141048926907,-0.03097589638972936,114,0.48072949605208243,-0.04797794031182588,0.1094363041528675
1772596649.8418365,0.4128268473846914,-0.017087713766749654,0.2677623476352482,0.9440382894130019,-0.32591967479656947,0.050676165035165616,-0.3246962621226297,-0.9453109703052285,-0.030975906511025546,114,0.48072949605208243,-0.04797794031182588,0.1094363041528675
1772596649.8857903,0.4128297977217979,-0.017079946582017877,0.267765008017874,0.9440421872628318,-0.3259072021608779,0.050683767102271626,-0.324683765102214,-0.9453153134191213,-0.030974358659367297,114,0.48072949605208243,-0.04797794031182588,0.1094363041528675
