timestamp,ee_x,ee_y,ee_z,pose_6d_0,pose_6d_1,pose_6d_2,pose_6d_3,pose_6d_4,pose_6d_5,gripper,obj_x,obj_y,obj_z
1772595883.2936642,0.3060662083087392,0.1922654307778967,0.5226125808987541,0.8949021766190313,-0.38261488979042096,0.22968661343923485,-0.4129333428135364,-0.9051346166709935,0.10108105706160969,3,0.48072949605208243,-0.04797794031182588,0.1094363041528675
1772595883.3103309,0.3060662083087392,0.1922654307778967,0.5226125808987541,0.8949021766190313,-0.38261488979042096,0.22968661343923485,-0.4129333428135364,-0.9051346166709935,0.10108105706160969,3,0.48072949605208243,-0.04797794031182588,0.1094363041528675
1772595883.353591,0.30606695370899356,0.19226434263731948,0.5226161814629824,0.8948998167732082,-0.3826160412050507,0.22969388967025986,-0.412934905860537,-0.9051345489693371,0.10107527780829607,3,0.48072949605208243,-0.04797794031182588,0.1094363041528675
1772595883.3977816,0.3060669920673279,0.19226513498027506,0.5226163189733962,0.8949004975662187,-0.3826134689282491,0.2296955220513144,-0.41293275948330366,-0.9051354392200703,0.10107607438654391,3,0.48072949605208243,-0.04797794031182588,0.1094363041528675
1772595883.4416194,0.3060691695970694,0.19226071106239856,0.5226151643706654,0.8948978764885746,-0.3826248572991171,0.22968676329529805,-0.41294255038339156,-0.905130992801019,0.1010758920509829,3,0.48072949605208243,-0.04797794031182588,0.1094363041528675
1772595883.4857728,0.30606955500768024,0.19226164084916025,0.5226177998999159,0.8948964292203591,-0.38262419060888053,0.2296935125978743,-0.41294218949315475,-0.905131791937012,0.10107021005960728,3,0.48072949605208243,-0.04797794031182588,0.1094363041528675
1772595883.485905,0.30606955500768024,0.19226164084916025,0.5226177998999159,0.8948964292203591,-0.38262419060888053,0.2296935125978743,-0.41294218949315475,-0.905131791937012,0.10107021005960728,3,0.48072949605208243,-0.04797794031182588,0.1094363041528675
1772595883.5296345,0.306069879532286,0.19225900559518233,0.5226194733113085,0.8948953166348785,-0.3826280443440918,0.22969142767281603,-0.4129448142014338,-0.9051311497940282,0.10106523683583826,3,0.48072949605208243,-0.04797794031182588,0.1094363041528675
1772595883.5436118,0.306069879532286,0.19225900559518233,0.5226194733113085,0.8948953166348785,-0.3826280443440918,0.22969142767281603,-0.4129448142014338,-0.9051311497940282,0.10106523683583826,3,0.48072949605208243,-0.04797794031182588,0.1094363041528675
1772595883.5857208,0.3060697539796834,0.19225821216504135,0.5226194344960876,0.8948950474585388,-0.38262692513554364,0.2296943407998972,-0.4129446599010431,-0.9051309559621735,0.10106760320802341,3,0.48072949605208243,-0.04797794031182588,0.1094363041528675
1772595883.6297445,0.3060723629077832,0.19225719374424308,0.5226228299686885,0.894891940310674,-0.38263187968861273,0.22969819288134785,-0.41294937653659264,-0.9051294685581762,0.10106165230013621,3,0.48072949605208243,-0.04797794031182588,0.1094363041528675
1772595883.6738727,0.30607318048804705,0.19225678618623604,0.5226276321992526,0.89489057179776,-0.38263050496809564,0.2297058144134322,-0.4129483771689421,-0.9051306170637026,0.1010554493702262,3,0.48072949605208243,-0.04797794031182588,0.1094363041528675
1772595883.7175856,0.30608075143336766,0.1922461441369039,0.5226596247547375,0.8948615872389577,-0.38266106234288166,0.2297678198764802,-0.41298228608661924,-0.9051208922182102,0.1010039694704164,3,0.48072949605208243,-0.04797794031182588,0.1094363041528675
1772595883.7176926,0.30608075143336766,0.1922461441369039,0.5226596247547375,0.8948615872389577,-0.38266106234288166,0.2297678198764802,-0.41298228608661924,-0.9051208922182102,0.1010039694704164,3,0.48072949605208243,-0.04797794031182588,0.1094363041528675
1772595883.7617176,0.30607821095592064,0.19224934037992367,0.5226636430460816,0.894858216675542,-0.38266406972147676,0.22977593823650336,-0.41298551000463585,-0.9051203076971689,0.10099602527026894,3,0.48072949605208243,-0.04797794031182588,0.1094363041528675
1772595883.7768483,0.30607821095592064,0.19224934037992367,0.5226636430460816,0.894858216675542,-0.38266406972147676,0.22977593823650336,-0.41298551000463585,-0.9051203076971689,0.10099602527026894,3,0.48072949605208243,-0.04797794031182588,0.1094363041528675
1772595883.8176184,0.30609373494210157,0.1922172039307039,0.5226666542943599,0.8948248944337684,-0.3827451150318757,0.2297707231586123,-0.4130642580049878,-0.9050857869388085,0.10098335031155745,3,0.48072949605208243,-0.04797794031182588,0.1094363041528675
1772595883.8616085,0.30612890985511443,0.1921464926859074,0.5227103470113084,0.8947401467595941,-0.382935993779834,0.22978271136983086,-0.4132366279237869,-0.9050217755821579,0.10085174794864046,3,0.48072949605208243,-0.04797794031182588,0.1094363041528675
1772595883.9056084,0.30658077911184317,0.19135224420694236,0.5230521696489712,0.8939453856995738,-0.38486104642069857,0.22965979694845404,-0.4149226378139553,-0.904400490308342,0.09949350611743307,3,0.48072949605208243,-0.04797794031182588,0.1094363041528675
1772595883.949637,0.3085674463639513,0.19007211441286348,0.5242034053076836,0.8922890974638995,-0.38759125538822997,0.23150202006383444,-0.41713681685037346,-0.903928744106449,0.09439121572517466,3,0.48072949605208243,-0.04797794031182588,0.1094363041528675
1772595883.9497256,0.3085674463639513,0.19007211441286348,0.5242034053076836,0.8922890974638995,-0.38759125538822997,0.23150202006383444,-0.41713681685037346,-0.903928744106449,0.09439121572517466,3,0.48072949605208243,-0.04797794031182588,0.1094363041528675
1772595883.9935951,0.3100908766708703,0.18926433965209316,0.525108705460027,0.8910574958203923,-0.38961201396540696,0.23284977499690934,-0.41873993215391386,-0.9035850556125276,0.09050368220929558,3,0.48072949605208243,-0.04797794031182588,0.1094363041528675
1772595884.0104346,0.3100908766708703,0.18926433965209316,0.525108705460027,0.8910574958203923,-0.38961201396540696,0.23284977499690934,-0.41873993215391386,-0.9035850556125276,0.09050368220929558,3,0.48072949605208243,-0.04797794031182588,0.1094363041528675
1772595884.0536323,0.31185131218198936,0.18832436682439785,0.5261584975214,0.8897880814698169,-0.3917795702160636,0.23406396227437334,-0.4203879178701382,-0.9032363953431493,0.08624391361901623,3,0.48072949605208243,-0.04797794031182588,0.1094363041528675
1772595884.0976102,0.3139398376815408,0.18723674301730972,0.527329839876072,0.888128797329207,-0.39484553431485303,0.2352110613602065,-0.42279055729263415,-0.9025764898552918,0.08126391957495271,3,0.48072949605208243,-0.04797794031182588,0.1094363041528675
1772595884.1416411,0.3191271076905277,0.18526962235556704,0.5295351649499638,0.8852595138282664,-0.40053764505593686,0.2364004823801889,-0.42649947606948485,-0.9018426483224404,0.06912332876259894,3,0.48072949605208243,-0.04797794031182588,0.1094363041528675
1772595884.18587,0.3261337470566277,0.18360334416933824,0.5312539189711387,0.8826070889881239,-0.4055422772696302,0.23778180715704966,-0.4289656764921924,-0.9016804230482915,0.05441381334780514,3,0.48072949605208243,-0.04797794031182588,0.1094363041528675
1772595884.1865525,0.3261337470566277,0.18360334416933824,0.5312539189711387,0.8826070889881239,-0.4055422772696302,0.23778180715704966,-0.4289656764921924,-0.9016804230482915,0.05441381334780514,3,0.48072949605208243,-0.04797794031182588,0.1094363041528675
1772595884.2296996,0.3304581496665186,0.1825450587587621,0.5318608120839543,0.8807250045295147,-0.409119395433556,0.23863106812937895,-0.43110616493562004,-0.901118479999298,0.04618397512402993,3,0.48072949605208243,-0.04797794031182588,0.1094363041528675
1772595884.2432787,0.3304581496665186,0.1825450587587621,0.5318608120839543,0.8807250045295147,-0.409119395433556,0.23863106812937895,-0.43110616493562004,-0.901118479999298,0.04618397512402993,3,0.48072949605208243,-0.04797794031182588,0.1094363041528675
1772595884.2856762,0.3350885368323069,0.18120540291720574,0.5321559807499419,0.8788333679045356,-0.4131095899796494,0.2387307649307427,-0.4335604236144265,-0.9003184177993641,0.03810650399248139,3,0.48072949605208243,-0.04797794031182588,0.1094363041528675
1772595884.3296027,0.3350885368323069,0.18120540291720574,0.5321559807499419,0.8788333679045356,-0.4131095899796494,0.2387307649307427,-0.4335604236144265,-0.9003184177993641,0.03810650399248139,3,0.48072949605208243,-0.04797794031182588,0.1094363041528675
1772595884.3736234,0.3449911069040362,0.17828749937940325,0.5318203448315586,0.8752498364022787,-0.42156016650916983,0.2371175866327615,-0.438775191540279,-0.8983141508870756,0.022539245879665264,3,0.48072949605208243,-0.04797794031182588,0.1094363041528675
1772595884.4178839,0.3550883233014178,0.17458945867210612,0.529906322674236,0.8723913342656817,-0.43107459073906956,0.23045185422835548,-0.44499715273089896,-0.8954814520931786,0.00951330744195801,3,0.48072949605208243,-0.04797794031182588,0.1094363041528675
1772595884.4180045,0.3550883233014178,0.17458945867210612,0.529906322674236,0.8723913342656817,-0.43107459073906956,0.23045185422835548,-0.44499715273089896,-0.8954814520931786,0.00951330744195801,3,0.48072949605208243,-0.04797794031182588,0.1094363041528675
1772595884.4615762,0.3599111320992023,0.17247039546270904,0.5281964442578526,0.8714171929789312,-0.436075884871178,0.22465506541037367,-0.44846293461999764,-0.8937894812555329,0.004621630554815764,3,0.48072949605208243,-0.04797794031182588,0.1094363041528675
1772595884.4775152,0.3599111320992023,0.17247039546270904,0.5281964442578526,0.8714171929789312,-0.436075884871178,0.22465506541037367,-0.44846293461999764,-0.8937894812555329,0.004621630554815764,3,0.48072949605208243,-0.04797794031182588,0.1094363041528675
1772595884.5175917,0.36464442673444736,0.17034244661448628,0.5259687068733693,0.8707820321399158,-0.44093656389059144,0.21751689388789297,-0.4519062399544821,-0.8920651073840848,0.0007710240094221665,3,0.48072949605208243,-0.04797794031182588,0.1094363041528675
1772595884.5616782,0.3692334507020965,0.16826664867713198,0.5234084285356012,0.8703307894888288,-0.4456091629287925,0.20965874840238138,-0.4552979482568228,-0.8903361669345669,-0.0022996002676320196,3,0.48072949605208243,-0.04797794031182588,0.1094363041528675
1772595884.6056023,0.3779985029338517,0.16380450423020942,0.5171779052833143,0.8692229444539655,-0.45608112699398157,0.19089651236907917,-0.46351852965758517,-0.8860643195112515,-0.006371369800389104,3,0.48072949605208243,-0.04797794031182588,0.1094363041528675
1772595884.6496887,0.38586032812422033,0.15881930686215148,0.509844236241839,0.8684599060613031,-0.46618822659198794,0.16865920950547014,-0.47185872367446163,-0.8816444075664273,-0.007244549616886996,3,0.48072949605208243,-0.04797794031182588,0.1094363041528675
1772595884.6498432,0.38586032812422033,0.15881930686215148,0.509844236241839,0.8684599060613031,-0.46618822659198794,0.16865920950547014,-0.47185872367446163,-0.8816444075664273,-0.007244549616886996,3,0.48072949605208243,-0.04797794031182588,0.1094363041528675
1772595884.693653,0.38956221010543685,0.1561743537850789,0.505911744705544,0.8675314938384552,-0.4719975597592127,0.1568674943376327,-0.476911224852457,-0.8789227842523152,-0.0071009106379222794,3,0.48072949605208243,-0.04797794031182588,0.1094363041528675
1772595884.7106342,0.38956221010543685,0.1561743537850789,0.505911744705544,0.8675314938384552,-0.4719975597592127,0.1568674943376327,-0.476911224852457,-0.8789227842523152,-0.0071009106379222794,3,0.48072949605208243,-0.04797794031182588,0.1094363041528675
1772595884.753546,0.3932241021698767,0.1533603525785219,0.5020603214695736,0.8658918295230332,-0.4785959279042312,0.14552414699541263,-0.4828208494083771,-0.8756904749554774,-0.007086568197933199,3,0.48072949605208243,-0.04797794031182588,0.1094363041528675
1772595884.7975795,0.3970992235680633,0.15026943484430996,0.4981944617782402,0.8639957709894384,-0.4852345672623487,0.13438274608775938,-0.48879788412262015,-0.8723663896732847,-0.007315097104522696,3,0.48072949605208243,-0.04797794031182588,0.1094363041528675
1772595884.8416076,0.4056040281786638,0.14410482372666353,0.4909500758579498,0.8592311051703108,-0.4983429168808955,0.11565571798422752,-0.5006956030105304,-0.8655676685265306,-0.009824679509654915,3,0.48072949605208243,-0.04797794031182588,0.1094363041528675
1772595884.8897135,0.41538156938537435,0.13770502602980808,0.48439455194643144,0.8519991159827068,-0.5135199845211736,0.10195455782876936,-0.5147572612120755,-0.8571902377792947,-0.015806906253896046,3,0.48072949605208243,-0.04797794031182588,0.1094363041528675
1772595884.8899004,0.41538156938537435,0.13770502602980808,0.48439455194643144,0.8519991159827068,-0.5135199845211736,0.10195455782876936,-0.5147572612120755,-0.8571902377792947,-0.015806906253896046,3,0.48072949605208243,-0.04797794031182588,0.1094363041528675
1772595884.9336703,0.4205017282109369,0.13451180144350058,0.481326980824907,0.8477905118747059,-0.5214811956578076,0.09648114090602322,-0.522199196139473,-0.8525967122902623,-0.019668394523301883,3,0.48072949605208243,-0.04797794031182588,0.1094363041528675
1772595884.9436462,0.4205017282109369,0.13451180144350058,0.481326980824907,0.8477905118747059,-0.5214811956578076,0.09648114090602322,-0.522199196139473,-0.8525967122902623,-0.019668394523301883,3,0.48072949605208243,-0.04797794031182588,0.1094363041528675
1772595884.9856262,0.425735520567782,0.13132011860160245,0.4782794663637365,0.8434975189565438,-0.5292671617172261,0.09158715544194568,-0.5294948727353449,-0.8479791663473891,-0.023801537508494123,3,0.48072949605208243,-0.04797794031182588,0.1094363041528675
1772595885.0296557,0.43111610843022447,0.12819773966435818,0.4753912144202591,0.8391534999062991,-0.5367769154984001,0.08770374326693377,-0.5365202217109633,-0.8434065405045752,-0.028486121696767508,3,0.48072949605208243,-0.04797794031182588,0.1094363041528675
1772595885.0735795,0.4421702608879372,0.12134977791315113,0.4696879867997665,0.8288356624330955,-0.553487950699399,0.08174676207453989,-0.5522927610348904,-0.8327539064207288,-0.03864760599925342,3,0.48072949605208243,-0.04797794031182588,0.1094363041528675
1772595885.117668,0.4527815847913053,0.1146666388122169,0.463991177913712,0.8175082643870624,-0.5708092301693245,0.07653143414543113,-0.5687682196896634,-0.8210731208693776,-0.0483905203203232,3,0.48072949605208243,-0.04797794031182588,0.1094363041528675
1772595885.1177874,0.4527815847913053,0.1146666388122169,0.463991177913712,0.8175082643870624,-0.5708092301693245,0.07653143414543113,-0.5687682196896634,-0.8210731208693776,-0.0483905203203232,3,0.48072949605208243,-0.04797794031182588,0.1094363041528675
1772595885.161651,0.45787611008659407,0.11133917714205935,0.46102019901123276,0.8107429829157506,-0.5807045385776171,0.07401388064564599,-0.5782803262109775,-0.814114370792641,-0.05300618441491407,3,0.48072949605208243,-0.04797794031182588,0.1094363041528675
1772595885.1779537,0.45787611008659407,0.11133917714205935,0.46102019901123276,0.8107429829157506,-0.5807045385776171,0.07401388064564599,-0.5782803262109775,-0.814114370792641,-0.05300618441491407,3,0.48072949605208243,-0.04797794031182588,0.1094363041528675
1772595885.2177813,0.46246344195727446,0.10812339345767874,0.4579444840416613,0.8034706725239379,-0.5911169472649759,0.07082113420489004,-0.5884124684332727,-0.8065768582621166,-0.056608645172596256,3,0.48072949605208243,-0.04797794031182588,0.1094363041528675
1772595885.2616727,0.4709373454555592,0.10240319677362106,0.4515589178669361,0.7899994918111961,-0.6097149688480108,0.06440853748317162,-0.6065828589436992,-0.7925528455856481,-0.06258771596551532,3,0.48072949605208243,-0.04797794031182588,0.1094363041528675
1772595885.3062599,0.47488836419098407,0.09975214652234979,0.4481163354023719,0.783790061860303,-0.6179849082223957,0.06138234386515183,-0.6146844830887127,-0.7860766996601997,-0.06516447269249065,3,0.48072949605208243,-0.04797794031182588,0.1094363041528675
1772595885.3496795,0.478418249267896,0.0972535874946038,0.4445961793361444,0.7784281218439935,-0.6250185475665457,0.05832215977000997,-0.6216175217525239,-0.780447405971912,-0.06703359726259854,3,0.48072949605208243,-0.04797794031182588,0.1094363041528675
1772595885.3498316,0.478418249267896,0.0972535874946038,0.4445961793361444,0.7784281218439935,-0.6250185475665457,0.05832215977000997,-0.6216175217525239,-0.780447405971912,-0.06703359726259854,3,0.48072949605208243,-0.04797794031182588,0.1094363041528675
1772595885.3936322,0.4818979267027543,0.09491644039776281,0.44109713181711946,0.7740579074424814,-0.6306429407852439,0.05589129774398265,-0.6271274906287385,-0.7758563192466743,-0.06897885460562674,3,0.48072949605208243,-0.04797794031182588,0.1094363041528675
1772595885.4104471,0.48541202055300625,0.09265065794308136,0.43752914167216894,0.7699966442519012,-0.6357480310497928,0.05412586125987419,-0.6320881141003029,-0.7716222392602888,-0.07115993178791247,3,0.48072949605208243,-0.04797794031182588,0.1094363041528675
1772595885.4535925,0.4888086672421065,0.0904880511366655,0.4337832765441784,0.7662752752397785,-0.6403434385783383,0.05274924858110722,-0.6365443858372642,-0.7677587614963933,-0.07319650951093265,3,0.48072949605208243,-0.04797794031182588,0.1094363041528675
1772595885.4978554,0.49500249736471813,0.08660671538979088,0.4258736214568055,0.7603813227435835,-0.6475335665362798,0.0502048227914836,-0.643541100062526,-0.7616045582287213,-0.07624532389300237,3,0.48072949605208243,-0.04797794031182588,0.1094363041528675
1772595885.5459871,0.500686270486994,0.08353045656524233,0.417670501040765,0.7557344294262212,-0.653076397552779,0.04854576335076437,-0.6488593895965254,-0.7567556990431812,-0.07938705497806739,3,0.48072949605208243,-0.04797794031182588,0.1094363041528675
1772595885.5461123,0.500686270486994,0.08353045656524233,0.417670501040765,0.7557344294262212,-0.653076397552779,0.04854576335076437,-0.6488593895965254,-0.7567556990431812,-0.07938705497806739,3,0.48072949605208243,-0.04797794031182588,0.1094363041528675
1772595885.5897322,0.500686270486994,0.08353045656524233,0.417670501040765,0.7557344294262212,-0.653076397552779,0.04854576335076437,-0.6488593895965254,-0.7567556990431812,-0.07938705497806739,3,0.48072949605208243,-0.04797794031182588,0.1094363041528675
1772595885.610305,0.5031323529532631,0.08234658092489215,0.41346600885326257,0.7539788028355563,-0.6551552627151978,0.04782830345351404,-0.6508437676819434,-0.7549092056208542,-0.0807123369656908,3,0.48072949605208243,-0.04797794031182588,0.1094363041528675
1772595885.6537256,0.5052468748278757,0.0814310626451159,0.4089663754699735,0.7525839116293171,-0.656821568525552,0.04693488123293657,-0.6524570526240928,-0.7534162646821547,-0.0816316519094852,3,0.48072949605208243,-0.04797794031182588,0.1094363041528675
1772595885.6976562,0.5069284458807292,0.08064751879894413,0.40432615129862104,0.7514465675848677,-0.6581908918934457,0.04596526833851501,-0.6538231910768991,-0.7521882782872557,-0.08202456228030025,3,0.48072949605208243,-0.04797794031182588,0.1094363041528675
1772595885.741647,0.5086862296340168,0.07928318517608256,0.39463859030375126,0.7499184870586644,-0.6600976290366303,0.043513019980963005,-0.6559597589072463,-0.7505114128138388,-0.08030824322896966,3,0.48072949605208243,-0.04797794031182588,0.1094363041528675
1772595885.7857037,0.5089196974949564,0.07821335509189994,0.3842353386287499,0.7487450707429602,-0.6615916032742264,0.04095570186382155,-0.6577846218541565,-0.7492245174199603,-0.07734347903354072,3,0.48072949605208243,-0.04797794031182588,0.1094363041528675
1772595885.7858624,0.5089196974949564,0.07821335509189994,0.3842353386287499,0.7487450707429602,-0.6615916032742264,0.04095570186382155,-0.6577846218541565,-0.7492245174199603,-0.07734347903354072,3,0.48072949605208243,-0.04797794031182588,0.1094363041528675
1772595885.8296597,0.5082950331351518,0.07772027379369213,0.37855268061729613,0.7483466466219874,-0.6621547134000297,0.03909516609187266,-0.6586154725558745,-0.7487592227036414,-0.07473476919239727,3,0.48072949605208243,-0.04797794031182588,0.1094363041528675
1772595885.8443372,0.5082950331351518,0.07772027379369213,0.37855268061729613,0.7483466466219874,-0.6621547134000297,0.03909516609187266,-0.6586154725558745,-0.7487592227036414,-0.07473476919239727,3,0.48072949605208243,-0.04797794031182588,0.1094363041528675
1772595885.8857276,0.5077997741852167,0.07742932843513453,0.37293156075397416,0.7481445101425673,-0.6624551116544934,0.03785521082190896,-0.6591179492495582,-0.7485253395952703,-0.0726178005783886,3,0.48072949605208243,-0.04797794031182588,0.1094363041528675
1772595885.9296439,0.5062255856850327,0.07735593282054395,0.3607842579195257,0.748740031902612,-0.6619322445722559,0.03512930716668149,-0.6590751583378373,-0.7490724633796119,-0.06715936471077665,3,0.48072949605208243,-0.04797794031182588,0.1094363041528675
1772595885.9776292,0.5054548566686825,0.07735874223749373,0.3546215507234426,0.749611905800361,-0.6609638619417842,0.03476728188042408,-0.6583237287846139,-0.7499937030715469,-0.0641818780665597,3,0.48072949605208243,-0.04797794031182588,0.1094363041528675
1772595885.9777265,0.5054548566686825,0.07735874223749373,0.3546215507234426,0.749611905800361,-0.6609638619417842,0.03476728188042408,-0.6583237287846139,-0.7499937030715469,-0.0641818780665597,3,0.48072949605208243,-0.04797794031182588,0.1094363041528675
1772595886.0216553,0.5054548566686825,0.07735874223749373,0.3546215507234426,0.749611905800361,-0.6609638619417842,0.03476728188042408,-0.6583237287846139,-0.7499937030715469,-0.0641818780665597,3,0.48072949605208243,-0.04797794031182588,0.1094363041528675
1772595886.0441499,0.5047435044104325,0.07722853563996046,0.34826715371407213,0.7503615710156893,-0.6600944276479972,0.03511209664673486,-0.6576539633708962,-0.7508377540916159,-0.06110590391451628,3,0.48072949605208243,-0.04797794031182588,0.1094363041528675
1772595886.0856533,0.5040849704094965,0.07689548417774149,0.34195417633929104,0.7512170405894628,-0.6590457522536629,0.03649183969619929,-0.6567828189852808,-0.7518477972139271,-0.05797601668201899,3,0.48072949605208243,-0.04797794031182588,0.1094363041528675
1772595886.1296237,0.5033968733139365,0.07619903436414215,0.3355172689342517,0.7523900363802889,-0.6575733364166113,0.03881417768797775,-0.6555393291171062,-0.7532400788621958,-0.053829096001766656,3,0.48072949605208243,-0.04797794031182588,0.1094363041528675
1772595886.1776605,0.501923379357036,0.07430485324035979,0.3228168275521974,0.755355879256991,-0.6537501325661863,0.04525770477600033,-0.6522428831593148,-0.7566991657950728,-0.04456000283959849,3,0.48072949605208243,-0.04797794031182588,0.1094363041528675
1772595886.2256987,0.5002361180026017,0.0724923911710498,0.3101449048188161,0.7582819669342656,-0.6498999963575557,0.05136587735793558,-0.6489079639207532,-0.7599978728760594,-0.03635502144254314,3,0.48072949605208243,-0.04797794031182588,0.1094363041528675
1772595886.2259226,0.5002361180026017,0.0724923911710498,0.3101449048188161,0.7582819669342656,-0.6498999963575557,0.05136587735793558,-0.6489079639207532,-0.7599978728760594,-0.03635502144254314,3,0.48072949605208243,-0.04797794031182588,0.1094363041528675
1772595886.2696946,0.4990529687460977,0.07138209139209888,0.30377843616062894,0.7600590710301676,-0.6475810713334501,0.05430436994735912,-0.6469267542706375,-0.7619115821759002,-0.031249248872167214,3,0.48072949605208243,-0.04797794031182588,0.1094363041528675
1772595886.2769852,0.4990529687460977,0.07138209139209888,0.30377843616062894,0.7600590710301676,-0.6475810713334501,0.05430436994735912,-0.6469267542706375,-0.7619115821759002,-0.031249248872167214,3,0.48072949605208243,-0.04797794031182588,0.1094363041528675
1772595886.3176389,0.4980487011172946,0.0702025355522605,0.29762745403193064,0.7621916277160606,-0.6447223767278912,0.05828361335642746,-0.6444325199657926,-0.7642136478082177,-0.02615774673392671,3,0.48072949605208243,-0.04797794031182588,0.1094363041528675
1772595886.361623,0.4948563600478627,0.06798628365274942,0.2852575050847136,0.7670321560606095,-0.6384240565467867,0.06384665685341664,-0.638979486128066,-0.769096856541839,-0.01397288678027974,3,0.48072949605208243,-0.04797794031182588,0.1094363041528675
1772595886.4055643,0.4929504146315701,0.0670547509248931,0.2792464368405723,0.7697180708744962,-0.6349587206812176,0.06604176254550012,-0.635941293622507,-0.7716999822697383,-0.007603185557287439,3,0.48072949605208243,-0.04797794031182588,0.1094363041528675
1772595886.4496527,0.49047179303803334,0.06616868952567598,0.2729367854114123,0.7724050468909782,-0.6316176631839922,0.06670510543683067,-0.6330024157246644,-0.77414966679176,-0.0004848638429363339,3,0.48072949605208243,-0.04797794031182588,0.1094363041528675
1772595886.449776,0.49047179303803334,0.06616868952567598,0.2729367854114123,0.7724050468909782,-0.6316176631839922,0.06670510543683067,-0.6330024157246644,-0.77414966679176,-0.0004848638429363339,3,0.48072949605208243,-0.04797794031182588,0.1094363041528675
1772595886.4936686,0.4878013934474538,0.06521212697376608,0.2668699302702486,0.7754223623688185,-0.6278450124814233,0.06731121927704707,-0.6296434824788918,-0.7768488503391026,0.007412738945125556,3,0.48072949605208243,-0.04797794031182588,0.1094363041528675
1772595886.5103745,0.48469550600340094,0.06394038808159103,0.26072819123634394,0.7790066098600203,-0.6233331869752731,0.06785602264830759,-0.6255919952664756,-0.7799616985249753,0.01715821355928303,3,0.48072949605208243,-0.04797794031182588,0.1094363041528675
1772595886.5536356,0.47915358241259404,0.06134666268514383,0.2489462679956,0.786958403249237,-0.6128335738872888,0.07163436516047579,-0.6160380610647462,-0.7869111703676152,0.035607825969277834,3,0.48072949605208243,-0.04797794031182588,0.1094363041528675
1772595886.5977104,0.4770706012844974,0.06039608778790995,0.24329435197576355,0.790950487094651,-0.6072748869513562,0.07493022516282273,-0.610967721028767,-0.7905120280696422,0.04253442532979429,3,0.48072949605208243,-0.04797794031182588,0.1094363041528675
1772595886.6416805,0.47578285979441154,0.06000561215883115,0.2381013103545976,0.7943530894789236,-0.6022735299359221,0.07918184371314668,-0.6064391750835083,-0.7937970594534826,0.04601907568648517,3,0.48072949605208243,-0.04797794031182588,0.1094363041528675
1772595886.6896367,0.47442826049744735,0.05959029904490992,0.23269189604720641,0.7974216075503776,-0.5976712744238275,0.08311334153052653,-0.6022881409468253,-0.7967782644226874,0.04892231207115383,3,0.48072949605208243,-0.04797794031182588,0.1094363041528675
1772595886.68977,0.47442826049744735,0.05959029904490992,0.23269189604720641,0.7974216075503776,-0.5976712744238275,0.08311334153052653,-0.6022881409468253,-0.7967782644226874,0.04892231207115383,3,0.48072949605208243,-0.04797794031182588,0.1094363041528675
1772595886.733658,0.47343600405536995,0.05931030804479918,0.2278090019456308,0.80021849719744,-0.5932662517788514,0.08766704764815347,-0.5983777252635281,-0.7995988562919969,0.05085043682188449,3,0.48072949605208243,-0.04797794031182588,0.1094363041528675
1772595886.7436633,0.47200509101160054,0.05904236098825829,0.22260834851873887,0.8032132654597678,-0.5886734897980355,0.09117002028330937,-0.5942204939188738,-0.8025395029410259,0.05321983489246219,3,0.48072949605208243,-0.04797794031182588,0.1094363041528675
1772595886.7860577,0.46882510721142884,0.05844774957661308,0.21293381372782794,0.8091674281749118,-0.5795177987064587,0.09699069111631038,-0.5859010346082617,-0.8082522799830304,0.058721627593262486,3,0.48072949605208243,-0.04797794031182588,0.1094363041528675
1772595886.8305967,0.4672377676214708,0.0581214466715567,0.20850423451355807,0.8123249340330051,-0.574571258629848,0.09998034959323791,-0.581421009123623,-0.8112500210745731,0.06183052204350607,3,0.48072949605208243,-0.04797794031182588,0.1094363041528675
1772595886.8736207,0.46491395115934386,0.05756133321460085,0.20385942123576248,0.8157693034820954,-0.5693940714677833,0.10154228121170994,-0.5766555852862486,-0.8142447958379162,0.06688608531708576,3,0.48072949605208243,-0.04797794031182588,0.1094363041528675
1772595886.9176188,0.4630179945597057,0.05728589917274138,0.19974551971242716,0.8189441102939173,-0.5644696114039304,0.10346304662245372,-0.5721324658154526,-0.8171132264057323,0.07064288210955588,3,0.48072949605208243,-0.04797794031182588,0.1094363041528675
1772595886.9177628,0.4630179945597057,0.05728589917274138,0.19974551971242716,0.8189441102939173,-0.5644696114039304,0.10346304662245372,-0.5721324658154526,-0.8171132264057323,0.07064288210955588,3,0.48072949605208243,-0.04797794031182588,0.1094363041528675
1772595886.9656258,0.46082138167946024,0.0570920695778216,0.19548468325843416,0.8220572093643508,-0.5597311047119985,0.10451332427007513,-0.5677069923015484,-0.8198454502785355,0.07458021553679806,3,0.48072949605208243,-0.04797794031182588,0.1094363041528675
1772595886.9771063,0.4586210356811377,0.056704625401856466,0.19147106574673625,0.8253190297944886,-0.5546802178446201,0.10572773993105625,-0.5630181034220844,-0.8226531439587861,0.07907224515418702,3,0.48072949605208243,-0.04797794031182588,0.1094363041528675
1772595887.017696,0.4586210356811377,0.056704625401856466,0.19147106574673625,0.8253190297944886,-0.5546802178446201,0.10572773993105625,-0.5630181034220844,-0.8226531439587861,0.07907224515418702,3,0.48072949605208243,-0.04797794031182588,0.1094363041528675
1772595887.0645306,0.45230006445333365,0.05386027142049088,0.1801428652004814,0.8372234816055446,-0.5352108025042847,0.11227750768078983,-0.545288199719345,-0.8325909277685422,0.09722718881235888,3,0.48072949605208243,-0.04797794031182588,0.1094363041528675
1772595887.1056666,0.45121493122448475,0.052976861451349014,0.1765072831295599,0.8409419989197172,-0.5283924066968999,0.11669626814070973,-0.5392985829619423,-0.8360871312582784,0.10057508319431648,3,0.48072949605208243,-0.04797794031182588,0.1094363041528675
1772595887.1496966,0.4507414350216791,0.05250266532237739,0.1730837892394431,0.8440393212003099,-0.5222559241240188,0.12184569744183468,-0.5340061398253013,-0.8393844535210626,0.10134683920097341,3,0.48072949605208243,-0.04797794031182588,0.1094363041528675
1772595887.1498477,0.4507414350216791,0.05250266532237739,0.1730837892394431,0.8440393212003099,-0.5222559241240188,0.12184569744183468,-0.5340061398253013,-0.8393844535210626,0.10134683920097341,3,0.48072949605208243,-0.04797794031182588,0.1094363041528675
1772595887.193704,0.450946422613677,0.05226110027831204,0.16978872003838516,0.8467184703856795,-0.5163372257648656,0.12831095509417068,-0.5290252485296788,-0.8427105386010175,0.0998560691640473,3,0.48072949605208243,-0.04797794031182588,0.1094363041528675
1772595887.2102866,0.45054526901253256,0.05158985008065026,0.16622845843082518,0.8494575522340562,-0.5104488232472603,0.13365577353041241,-0.5239929510931435,-0.8458473015466692,0.0998685619748112,3,0.48072949605208243,-0.04797794031182588,0.1094363041528675
1772595887.257633,0.45054526901253256,0.05158985008065026,0.16622845843082518,0.8494575522340562,-0.5104488232472603,0.13365577353041241,-0.5239929510931435,-0.8458473015466692,0.0998685619748112,3,0.48072949605208243,-0.04797794031182588,0.1094363041528675
1772595887.2979827,0.44930097979542766,0.050231689769723795,0.15933193368645115,0.8543906941417654,-0.499790522759322,0.1422180548450735,-0.5147588678075128,-0.8514544788682996,0.10024259787455757,3,0.48072949605208243,-0.04797794031182588,0.1094363041528675
1772595887.3417063,0.44689412214930757,0.049027139620039954,0.15238161181582335,0.8588398490251109,-0.49107105049295935,0.1457509420013016,-0.5067995350838331,-0.8559642787717042,0.10236886589997679,3,0.48072949605208243,-0.04797794031182588,0.1094363041528675
1772595887.3897226,0.4452693951976271,0.048352055741737815,0.14878600434891553,0.8610167829464761,-0.4872271686446618,0.14580735790421243,-0.5031250732385786,-0.8578954382771493,0.10431000748697485,3,0.48072949605208243,-0.04797794031182588,0.1094363041528675
1772595887.389829,0.4452693951976271,0.048352055741737815,0.14878600434891553,0.8610167829464761,-0.4872271686446618,0.14580735790421243,-0.5031250732385786,-0.8578954382771493,0.10431000748697485,3,0.48072949605208243,-0.04797794031182588,0.1094363041528675
1772595887.4379737,0.4438175524089462,0.047594257337419704,0.14545762971669526,0.8635412081974873,-0.4826621157509549,0.14606116446076933,-0.49881462875218047,-0.8600912534190804,0.10689715587806736,3,0.48072949605208243,-0.04797794031182588,0.1094363041528675
1772595887.443633,0.4438175524089462,0.047594257337419704,0.14545762971669526,0.8635412081974873,-0.4826621157509549,0.14606116446076933,-0.49881462875218047,-0.8600912534190804,0.10689715587806736,3,0.48072949605208243,-0.04797794031182588,0.1094363041528675
1772595887.4896922,0.44161958999074463,0.04571157545989249,0.13938638245090465,0.8699750975532867,-0.4704924585196779,0.14758108318229202,-0.487523974504655,-0.8655818265186941,0.11440487701031776,3,0.48072949605208243,-0.04797794031182588,0.1094363041528675
1772595887.5336294,0.4397396408293275,0.04366618357901382,0.13363724027703294,0.8771397668166322,-0.45691042257914094,0.14784686404322206,-0.47477073761402133,-0.8713522083723021,0.12384698490536757,3,0.48072949605208243,-0.04797794031182588,0.1094363041528675
1772595887.5777266,0.43922839544897013,0.0429365561156858,0.13087297935836062,0.8800578936856368,-0.45131715548173007,0.14768523599019806,-0.4694117438267445,-0.873810265926129,0.12691821744589218,3,0.48072949605208243,-0.04797794031182588,0.1094363041528675
1772595887.5778658,0.43922839544897013,0.0429365561156858,0.13087297935836062,0.8800578936856368,-0.45131715548173007,0.14768523599019806,-0.4694117438267445,-0.873810265926129,0.12691821744589218,3,0.48072949605208243,-0.04797794031182588,0.1094363041528675
1772595887.6217916,0.4388617207024586,0.04239709634392138,0.12812230202695468,0.8826575613986833,-0.44635005983894077,0.14726592744930417,-0.46457458200188534,-0.876049202302136,0.12926040733172992,3,0.48072949605208243,-0.04797794031182588,0.1094363041528675
1772595887.6437082,0.4388617207024586,0.04239709634392138,0.12812230202695468,0.8826575613986833,-0.44635005983894077,0.14726592744930417,-0.46457458200188534,-0.876049202302136,0.12926040733172992,3,0.48072949605208243,-0.04797794031182588,0.1094363041528675
1772595887.6857018,0.43872364605653713,0.04219070523107257,0.12259085279160573,0.8858095423507265,-0.44076546636597874,0.14514564526563628,-0.45862629511811576,-0.8792093842394836,0.12904565119158176,3,0.48072949605208243,-0.04797794031182588,0.1094363041528675
1772595887.7296941,0.4389120685573994,0.04232969836342182,0.11977099897672985,0.8868165528867776,-0.439304484975558,0.14341537925331688,-0.4567555131235051,-0.8803975421031548,0.1275718193411348,3,0.48072949605208243,-0.04797794031182588,0.1094363041528675
1772595887.7776563,0.439214458983402,0.042495505997445636,0.11688056651736498,0.8876129980404448,-0.43843251332673655,0.14113857363475973,-0.45535500848580385,-0.8813787586104238,0.12579069964525277,3,0.48072949605208243,-0.04797794031182588,0.1094363041528675
1772595887.777801,0.439214458983402,0.042495505997445636,0.11688056651736498,0.8876129980404448,-0.43843251332673655,0.14113857363475973,-0.45535500848580385,-0.8813787586104238,0.12579069964525277,3,0.48072949605208243,-0.04797794031182588,0.1094363041528675
1772595887.8216662,0.4394221260488183,0.04265315849561378,0.11402351116094414,0.888024543539937,-0.43862155225363825,0.13792586403316778,-0.45485111136604256,-0.8818942720636893,0.12398773887095509,3,0.48072949605208243,-0.04797794031182588,0.1094363041528675
1772595887.8435662,0.4397055297683211,0.04278491770469092,0.11114813377257096,0.8882038030561921,-0.43923502319511326,0.13478352508858654,-0.45476472243383853,-0.8822532517462112,0.12173022226591929,3,0.48072949605208243,-0.04797794031182588,0.1094363041528675
1772595887.885631,0.4397055297683211,0.04278491770469092,0.11114813377257096,0.8882038030561921,-0.43923502319511326,0.13478352508858654,-0.45476472243383853,-0.8822532517462112,0.12173022226591929,3,0.48072949605208243,-0.04797794031182588,0.1094363041528675
1772595887.9297218,0.44146129955701746,0.0426770804823672,0.10609657137955814,0.8886440776355815,-0.4390630391184368,0.13242111222644334,-0.45380997991914707,-0.8835239091519362,0.11593965707498131,3,0.48072949605208243,-0.04797794031182588,0.1094363041528675
1772595887.9737494,0.4446844305944226,0.041634685565573946,0.1022820209018647,0.8897376055323536,-0.43585301465148163,0.13564344038975537,-0.4507357739621175,-0.885833132013502,0.11016770986963667,3,0.48072949605208243,-0.04797794031182588,0.1094363041528675
1772595888.021701,0.4465709064112805,0.04018865517884222,0.10094273753130184,0.8913232302768596,-0.43146591070716195,0.1392123093209211,-0.4469215925919215,-0.8877994551195788,0.10987819421741343,3,0.48072949605208243,-0.04797794031182588,0.1094363041528675
1772595888.0219045,0.4465709064112805,0.04018865517884222,0.10094273753130184,0.8913232302768596,-0.43146591070716195,0.1392123093209211,-0.4469215925919215,-0.8877994551195788,0.10987819421741343,3,0.48072949605208243,-0.04797794031182588,0.1094363041528675
1772595888.0668132,0.448320191190702,0.038205012151300066,0.09996958455162283,0.892843722456556,-0.4270354277627417,0.14307631077649835,-0.443224764625499,-0.8895170709685878,0.11095579515345624,3,0.48072949605208243,-0.04797794031182588,0.1094363041528675
1772595888.0770009,0.4496502409297125,0.036115367298111135,0.09916600691145055,0.893926627032344,-0.42370677248352956,0.1461771406005977,-0.4405714045880566,-0.8906089353199516,0.11274999684066285,3,0.48072949605208243,-0.04797794031182588,0.1094363041528675
1772595888.1219134,0.45157290626883256,0.03248169730513946,0.09788853188320079,0.8954536015782415,-0.4190524974240356,0.15019271561309172,-0.43687930022567834,-0.8920308316432066,0.11583381385524286,3,0.48072949605208243,-0.04797794031182588,0.1094363041528675
1772595888.1657436,0.45157290626883256,0.03248169730513946,0.09788853188320079,0.8954536015782415,-0.4190524974240356,0.15019271561309172,-0.43687930022567834,-0.8920308316432066,0.11583381385524286,3,0.48072949605208243,-0.04797794031182588,0.1094363041528675
1772595888.209635,0.4535482832815538,0.0296961655486079,0.09728731084534614,0.89658059198649,-0.41537696587445583,0.15363989811922657,-0.43399273877857036,-0.8931768444962442,0.11783644233940466,3,0.48072949605208243,-0.04797794031182588,0.1094363041528675
1772595888.2537127,0.45457550881888914,0.028631036530901655,0.09728801226965483,0.8971226238657467,-0.41367997720289207,0.15504797389728397,-0.4326478006071267,-0.8936855856388696,0.11891995060176737,3,0.48072949605208243,-0.04797794031182588,0.1094363041528675
1772595888.253879,0.45457550881888914,0.028631036530901655,0.09728801226965483,0.8971226238657467,-0.41367997720289207,0.15504797389728397,-0.4326478006071267,-0.8936855856388696,0.11891995060176737,3,0.48072949605208243,-0.04797794031182588,0.1094363041528675
1772595888.2976851,0.4555030882242032,0.027977047767084776,0.09737157524465684,0.8973313890814985,-0.41295169779710833,0.1557795668743313,-0.4320955397440051,-0.8938888269503733,0.11939937012657421,3,0.48072949605208243,-0.04797794031182588,0.1094363041528675
1772595888.3102193,0.456444765844761,0.027914656003304006,0.09751789460279223,0.8969707317215128,-0.4136677216134316,0.15595679699880483,-0.4327533967717018,-0.8936962139401743,0.11845494827803715,3,0.48072949605208243,-0.04797794031182588,0.1094363041528675
1772595888.3536077,0.456444765844761,0.027914656003304006,0.09751789460279223,0.8969707317215128,-0.4136677216134316,0.15595679699880483,-0.4327533967717018,-0.8936962139401743,0.11845494827803715,3,0.48072949605208243,-0.04797794031182588,0.1094363041528675
1772595888.3976152,0.45833322017837735,0.028437546628083024,0.09806339530854563,0.8966992563451536,-0.41393147836204996,0.15681573547018962,-0.43297533978418007,-0.8938599054764117,0.11639082661650813,3,0.48072949605208243,-0.04797794031182588,0.1094363041528675
1772595888.4416149,0.46000056452766547,0.02867750722049628,0.09898198873365202,0.8962540683417715,-0.41421947128035036,0.15859027269366294,-0.43340852001442304,-0.8938732943824166,0.11466293371806405,3,0.48072949605208243,-0.04797794031182588,0.1094363041528675
1772595888.4857156,0.4606859233043477,0.02852277977027784,0.09951393027395891,0.8958433291482366,-0.41469355315204937,0.15966836441428497,-0.4340036448680916,-0.8936714906808261,0.113982906549719,3,0.48072949605208243,-0.04797794031182588,0.1094363041528675
1772595888.4858396,0.4606859233043477,0.02852277977027784,0.09951393027395891,0.8958433291482366,-0.41469355315204937,0.15966836441428497,-0.4340036448680916,-0.8936714906808261,0.113982906549719,3,0.48072949605208243,-0.04797794031182588,0.1094363041528675
1772595888.5301125,0.46123929558459104,0.02828701842227696,0.09997145056445181,0.8954163528244228,-0.4152614012955421,0.16058494228498427,-0.4346774082668672,-0.8934124367978755,0.11344500216969373,3,0.48072949605208243,-0.04797794031182588,0.1094363041528675
1772595888.5436676,0.46123929558459104,0.02828701842227696,0.09997145056445181,0.8954163528244228,-0.4152614012955421,0.16058494228498427,-0.4346774082668672,-0.8934124367978755,0.11344500216969373,3,0.48072949605208243,-0.04797794031182588,0.1094363041528675
1772595888.585705,0.4618813650177288,0.027736509392702766,0.10046325197712547,0.8946517092275091,-0.41653346973535005,0.16154933539487848,-0.4360511678279136,-0.8928246094406779,0.11279891760568478,3,0.48072949605208243,-0.04797794031182588,0.1094363041528675
1772595888.6295822,0.46209805882884325,0.027586816919272145,0.10062002217609547,0.8944363854919195,-0.41688104846512275,0.16184481375308402,-0.4364304323401855,-0.8926636253627014,0.11260608190358878,3,0.48072949605208243,-0.04797794031182588,0.1094363041528675
1772595888.67377,0.46201170602744734,0.027588577073194356,0.1005559900813873,0.8945065595159856,-0.4168079458178023,0.1616451400012352,-0.4363370862284995,-0.8926909104170908,0.1127514329857019,3,0.48072949605208243,-0.04797794031182588,0.1094363041528675
1772595888.7176683,0.46204784843907215,0.027599394938029556,0.10058280778814555,0.8948656464360459,-0.4160512783293951,0.16160695724217514,-0.43558482250263914,-0.8930460948161726,0.1128473966865351,3,0.48072949605208243,-0.04797794031182588,0.1094363041528675
1772595888.7178166,0.46204784843907215,0.027599394938029556,0.10058280778814555,0.8948656464360459,-0.4160512783293951,0.16160695724217514,-0.43558482250263914,-0.8930460948161726,0.1128473966865351,3,0.48072949605208243,-0.04797794031182588,0.1094363041528675
1772595888.7616308,0.462037621970964,0.02763274469084484,0.10057149548238414,0.8949370063184154,-0.41591118189491144,0.1615724094535036,-0.43544176133203255,-0.8931123256988516,0.11287535680052471,3,0.48072949605208243,-0.04797794031182588,0.1094363041528675
1772595888.7817426,0.462037621970964,0.02763274469084484,0.10057149548238414,0.8949370063184154,-0.41591118189491144,0.1615724094535036,-0.43544176133203255,-0.8931123256988516,0.11287535680052471,3,0.48072949605208243,-0.04797794031182588,0.1094363041528675
1772595888.821698,0.46204903250105656,0.027822506051928486,0.10058241097290052,0.8951017343911799,-0.41554089442198355,0.1616126546805038,-0.43507996840685986,-0.893287711438237,0.11288261905414419,3,0.48072949605208243,-0.04797794031182588,0.1094363041528675
1772595888.865664,0.4620220549872447,0.02796064263624788,0.10056232745174509,0.8952197326826493,-0.4152968645308974,0.16158633768487768,-0.43483504369487613,-0.8934028931753685,0.11291481408901256,3,0.48072949605208243,-0.04797794031182588,0.1094363041528675
1772595888.9096987,0.4620159062152379,0.027989055201631127,0.10055766134519184,0.8952396094766089,-0.415258307596666,0.16157530626962172,-0.43479481207686105,-0.893422255946795,0.11291653541438115,3,0.48072949605208243,-0.04797794031182588,0.1094363041528675
1772595888.9538221,0.4619761374813738,0.028093682321862087,0.10051416531176,0.8953489635458135,-0.4150553777235754,0.16149076413274527,-0.43458192312642935,-0.8935202694124752,0.11296052514392799,3,0.48072949605208243,-0.04797794031182588,0.1094363041528675
1772595888.9540522,0.4619761374813738,0.028093682321862087,0.10051416531176,0.8953489635458135,-0.4150553777235754,0.16149076413274527,-0.43458192312642935,-0.8935202694124752,0.11296052514392799,3,0.48072949605208243,-0.04797794031182588,0.1094363041528675
1772595889.0017116,0.46195298862583956,0.028111526905272577,0.10049000148974713,0.8953774803871193,-0.4150158955330527,0.1614341168108907,-0.43453538768218397,-0.8935394080917842,0.11298815441840834,3,0.48072949605208243,-0.04797794031182588,0.1094363041528675
1772595889.0102756,0.46195298862583956,0.028111526905272577,0.10049000148974713,0.8953774803871193,-0.4150158955330527,0.1614341168108907,-0.43453538768218397,-0.8935394080917842,0.11298815441840834,3,0.48072949605208243,-0.04797794031182588,0.1094363041528675
1772595889.0536246,0.46194423306746657,0.02808380071354312,0.10048356373436931,0.8953512932173668,-0.41507923768888916,0.16141650527006218,-0.4345959870829302,-0.8935093514954127,0.11299277322758843,3,0.48072949605208243,-0.04797794031182588,0.1094363041528675
1772595889.097879,0.4619399841862622,0.02810470368598096,0.10048213414227489,0.8953728835234245,-0.41503528678501683,0.16140975860903567,-0.43455178699522196,-0.8935297826158417,0.11300120352344181,3,0.48072949605208243,-0.04797794031182588,0.1094363041528675
1772595889.1416118,0.4619294294860977,0.028094869228919378,0.10047264886278293,0.8953703948349567,-0.4150491648351707,0.16138787693851414,-0.4345630470031076,-0.8935227437222075,0.11301355949846596,3,0.48072949605208243,-0.04797794031182588,0.1094363041528675
1772595889.1921132,0.461939936842052,0.028089553880996113,0.10048068009132494,0.8953585560623205,-0.4150675415725782,0.16140629485522823,-0.4345832381216592,-0.893514655982903,0.11299986144879917,3,0.48072949605208243,-0.04797794031182588,0.1094363041528675
1772595889.1922348,0.461939936842052,0.028089553880996113,0.10048068009132494,0.8953585560623205,-0.4150675415725782,0.16140629485522823,-0.4345832381216592,-0.893514655982903,0.11299986144879917,3,0.48072949605208243,-0.04797794031182588,0.1094363041528675
1772595889.2336915,0.461935288893744,0.028086567144230745,0.10047585328635039,0.8953569237266403,-0.41507535430316195,0.16139525824779383,-0.4345895672030961,-0.8935109952546734,0.11300446644813994,3,0.48072949605208243,-0.04797794031182588,0.1094363041528675
1772595889.2439206,0.461935288893744,0.028086567144230745,0.10047585328635039,0.8953569237266403,-0.41507535430316195,0.16139525824779383,-0.4345895672030961,-0.8935109952546734,0.11300446644813994,3,0.48072949605208243,-0.04797794031182588,0.1094363041528675
1772595889.2896717,0.46193961746266177,0.02809454416440077,0.10048175052900657,0.8953622824696643,-0.41505775288857905,0.1614107954809603,-0.43457415499144747,-0.8935192004279273,0.11299885964073607,3,0.48072949605208243,-0.04797794031182588,0.1094363041528675
1772595889.3336747,0.4619339707264013,0.028091306779002803,0.10047606533222267,0.8953610053585477,-0.4150661417822636,0.16139630735960825,-0.4345806007714436,-0.8935153000722287,0.11300491126480619,3,0.48072949605208243,-0.04797794031182588,0.1094363041528675
1772595889.3776453,0.4619327195444331,0.028091826150189125,0.10047582734391194,0.8953631602500008,-0.4150610181724027,0.16139752928970183,-0.43457601315143823,-0.8935171333400175,0.11300805821373436,3,0.48072949605208243,-0.04797794031182588,0.1094363041528675
1772595889.377779,0.4619327195444331,0.028091826150189125,0.10047582734391194,0.8953631602500008,-0.4150610181724027,0.16139752928970183,-0.43457601315143823,-0.8935171333400175,0.11300805821373436,3,0.48072949605208243,-0.04797794031182588,0.1094363041528675
1772595889.4256318,0.4619327195444331,0.028091826150189125,0.10047582734391194,0.8953631602500008,-0.4150610181724027,0.16139752928970183,-0.43457601315143823,-0.8935171333400175,0.11300805821373436,3,0.48072949605208243,-0.04797794031182588,0.1094363041528675
1772595889.44378,0.4619327195444331,0.028091826150189125,0.10047582734391194,0.8953631602500008,-0.4150610181724027,0.16139752928970183,-0.43457601315143823,-0.8935171333400175,0.11300805821373436,3,0.48072949605208243,-0.04797794031182588,0.1094363041528675
1772595889.4856415,0.4619351883879099,0.02809790091423349,0.10047820935034371,0.8953647100462135,-0.41505603268640473,0.16140175257562145,-0.434571411139311,-0.8935198344963128,0.11300439806516371,3,0.48072949605208243,-0.04797794031182588,0.1094363041528675
1772595889.530283,0.4619266555006138,0.028094987160276835,0.10047023151020112,0.8953677999221934,-0.41505618963271795,0.1613842071271548,-0.43456936341181096,-0.8935197404510977,0.11301301610016484,3,0.48072949605208243,-0.04797794031182588,0.1094363041528675
1772595889.5738528,0.46193208116319673,0.028099421678060496,0.10047497536058425,0.8953706640244985,-0.4150458277314857,0.16139496549463497,-0.43456059643054756,-0.8935243898700589,0.11300996742440832,3,0.48072949605208243,-0.04797794031182588,0.1094363041528675
1772595889.6176155,0.46192779093339764,0.0281015750433648,0.10047229603140864,0.8953722260436061,-0.4150453357428391,0.16138756491077988,-0.4345591100792293,-0.8935247365751207,0.11301294162842244,3,0.48072949605208243,-0.04797794031182588,0.1094363041528675
1772595889.6177115,0.46192779093339764,0.0281015750433648,0.10047229603140864,0.8953722260436061,-0.4150453357428391,0.16138756491077988,-0.4345591100792293,-0.8935247365751207,0.11301294162842244,3,0.48072949605208243,-0.04797794031182588,0.1094363041528675
1772595889.661775,0.4619310217417852,0.02810053614361631,0.10047440611303654,0.895370225289715,-0.4150472275429892,0.1613937996749667,-0.43456159742374895,-0.8935241485094442,0.11300802659542694,3,0.48072949605208243,-0.04797794031182588,0.1094363041528675
1772595889.677236,0.4619310217417852,0.02810053614361631,0.10047440611303654,0.895370225289715,-0.4150472275429892,0.1613937996749667,-0.43456159742374895,-0.8935241485094442,0.11300802659542694,3,0.48072949605208243,-0.04797794031182588,0.1094363041528675
1772595889.7175868,0.46193617016825805,0.028096545011536952,0.10048042729596726,0.895364218826946,-0.41505534525275545,0.16140624529902559,-0.43457147685748765,-0.8935198429711126,0.11300407832808743,3,0.48072949605208243,-0.04797794031182588,0.1094363041528675
1772595889.7616634,0.46193471933680647,0.02809404138400476,0.10047900471155907,0.8953619143446949,-0.4150622958142797,0.16140115530683838,-0.4345777718930814,-0.8935164673025078,0.11300656102939974,3,0.48072949605208243,-0.04797794031182588,0.1094363041528675
1772595889.805587,0.46193266857663495,0.028088014898784333,0.10047673410382604,0.8953591741763067,-0.41507013900000533,0.16139618622767604,-0.4345849569923723,-0.8935126864146836,0.11300882431011099,3,0.48072949605208243,-0.04797794031182588,0.1094363041528675
1772595889.8495665,0.46193039206016084,0.028091297959757455,0.10047509090691423,0.8953613930966753,-0.4150663899499612,0.16139351810369595,-0.4345809431122218,-0.8935143930588254,0.1130107662145997,3,0.48072949605208243,-0.04797794031182588,0.1094363041528675
1772595889.8496492,0.46193039206016084,0.028091297959757455,0.10047509090691423,0.8953613930966753,-0.4150663899499612,0.16139351810369595,-0.4345809431122218,-0.8935143930588254,0.1130107662145997,3,0.48072949605208243,-0.04797794031182588,0.1094363041528675
1772595889.8940299,0.4619323501074263,0.028091458577820957,0.1004768199368605,0.8953617373432985,-0.4150638985033601,0.16139801566556736,-0.4345789364092052,-0.8935157573763364,0.11300769597525698,3,0.48072949605208243,-0.04797794031182588,0.1094363041528675
1772595889.9103281,0.4619323501074263,0.028091458577820957,0.1004768199368605,0.8953617373432985,-0.4150638985033601,0.16139801566556736,-0.4345789364092052,-0.8935157573763364,0.11300769597525698,3,0.48072949605208243,-0.04797794031182588,0.1094363041528675
1772595889.957602,0.46193176348020626,0.028090006837891368,0.10047779152799208,0.8953593657126121,-0.415069060670908,0.16139789684032252,-0.4345842428629496,-0.8935129526228965,0.1130094657555309,3,0.48072949605208243,-0.04797794031182588,0.1094363041528675
1772595890.0016043,0.4619370518886395,0.028090998780231025,0.10048098623867699,0.8953569629160227,-0.4150716890135675,0.16140446690603197,-0.43458735325218256,-0.893512278608104,0.1130028334592408,3,0.48072949605208243,-0.04797794031182588,0.1094363041528675
1772595890.0496886,0.4619375037629734,0.0280917478793571,0.10048144739466883,0.895360281138713,-0.41506417214251834,0.16140539012948318,-0.4345800830091803,-0.8935157253074831,0.11300354012143338,3,0.48072949605208243,-0.04797794031182588,0.1094363041528675
1772595890.049812,0.4619375037629734,0.0280917478793571,0.10048144739466883,0.895360281138713,-0.41506417214251834,0.16140539012948318,-0.4345800830091803,-0.8935157253074831,0.11300354012143338,3,0.48072949605208243,-0.04797794031182588,0.1094363041528675
1772595890.093687,0.4619366872623676,0.028100974126239367,0.10048114930592264,0.8953693112559049,-0.415044543984911,0.1614057711777493,-0.43456070491167265,-0.8935249675701333,0.11300498252494286,3,0.48072949605208243,-0.04797794031182588,0.1094363041528675
1772595890.110282,0.4619366872623676,0.028100974126239367,0.10048114930592264,0.8953693112559049,-0.415044543984911,0.1614057711777493,-0.43456070491167265,-0.8935249675701333,0.11300498252494286,3,0.48072949605208243,-0.04797794031182588,0.1094363041528675
1772595890.1576035,0.46193585513043933,0.02810280851754622,0.1004795913978862,0.8953728037557853,-0.4150384182903154,0.1614021488009908,-0.43455407704667615,-0.8935280420145548,0.11300616025574703,3,0.48072949605208243,-0.04797794031182588,0.1094363041528675
1772595890.2055814,0.4619352206823607,0.02810516423828291,0.1004795031925742,0.895373618580029,-0.415036898797435,0.16140153588957204,-0.4345524990098306,-0.8935287518658281,0.11300661570636765,3,0.48072949605208243,-0.04797794031182588,0.1094363041528675
1772595890.2495933,0.46193423647578463,0.028104353507271918,0.10047811229240344,0.8953752061350813,-0.4150348848852372,0.16139790756654393,-0.4345500012320268,-0.893529782225712,0.1130080736271402,3,0.48072949605208243,-0.04797794031182588,0.1094363041528675
1772595890.249681,0.46193423647578463,0.028104353507271918,0.10047811229240344,0.8953752061350813,-0.4150348848852372,0.16139790756654393,-0.4345500012320268,-0.893529782225712,0.1130080736271402,3,0.48072949605208243,-0.04797794031182588,0.1094363041528675
1772595890.297592,0.4619349426662547,0.028103316087165695,0.10047898650702594,0.8953730998060283,-0.4150381185677433,0.16140127719287703,-0.4345537219148238,-0.8935280924483959,0.11300712710048282,3,0.48072949605208243,-0.04797794031182588,0.1094363041528675
1772595890.310157,0.4619349426662547,0.028103316087165695,0.10047898650702594,0.8953730998060283,-0.4150381185677433,0.16140127719287703,-0.4345537219148238,-0.8935280924483959,0.11300712710048282,3,0.48072949605208243,-0.04797794031182588,0.1094363041528675
1772595890.3575861,0.4619357964906845,0.028105432889506093,0.10047967172192507,0.8953747782342805,-0.4150341282621776,0.16140222699692824,-0.4345497813847779,-0.893530166946702,0.11300587708009269,3,0.48072949605208243,-0.04797794031182588,0.1094363041528675
1772595890.4055865,0.46193525539134855,0.028106266059731724,0.10047871977781056,0.8953743567219881,-0.41503552219305306,0.1614009809221303,-0.434550979364711,-0.8935295534763952,0.11300612106184546,3,0.48072949605208243,-0.04797794031182588,0.1094363041528675
1772595890.4496753,0.4619336252338602,0.028105565081237335,0.10047814532838084,0.8953767768771009,-0.41503061969854443,0.1614001615297098,-0.434546321873372,-0.893531337175194,0.11300992714020211,3,0.48072949605208243,-0.04797794031182588,0.1094363041528675
1772595890.4498308,0.4619336252338602,0.028105565081237335,0.10047814532838084,0.8953767768771009,-0.41503061969854443,0.1614001615297098,-0.434546321873372,-0.893531337175194,0.11300992714020211,3,0.48072949605208243,-0.04797794031182588,0.1094363041528675
1772595890.4937074,0.46193371365301916,0.028109049188240948,0.10047837790131472,0.895379047798786,-0.41502573300786133,0.1614001291951995,-0.43454136467797394,-0.8935338434478977,0.11300917218098774,3,0.48072949605208243,-0.04797794031182588,0.1094363041528675
1772595890.51026,0.46193371365301916,0.028109049188240948,0.10047837790131472,0.895379047798786,-0.41502573300786133,0.1614001291951995,-0.43454136467797394,-0.8935338434478977,0.11300917218098774,3,0.48072949605208243,-0.04797794031182588,0.1094363041528675
1772595890.5586636,0.46193057330930287,0.028110786385243378,0.1004748808680132,0.895383454666485,-0.41501980863120563,0.161390915336733,-0.4345342460447144,-0.8935367952580497,0.11301320513252494,3,0.48072949605208243,-0.04797794031182588,0.1094363041528675
1772595890.6018083,0.46193098517115894,0.02811622511377078,0.10047423318618426,0.8953859127108685,-0.4150145606088278,0.16139077359498288,-0.4345286609971102,-0.8935399230502092,0.11300994950660372,3,0.48072949605208243,-0.04797794031182588,0.1094363041528675
1772595890.6496115,0.4619307869855787,0.028115233415785423,0.10047431213194224,0.8953861656374381,-0.4150140038903205,0.16139080196842437,-0.4345283108799388,-0.8935398378141334,0.11301196964445585,3,0.48072949605208243,-0.04797794031182588,0.1094363041528675
1772595890.6497452,0.4619307869855787,0.028115233415785423,0.10047431213194224,0.8953861656374381,-0.4150140038903205,0.16139080196842437,-0.4345283108799388,-0.8935398378141334,0.11301196964445585,3,0.48072949605208243,-0.04797794031182588,0.1094363041528675
1772595890.6976733,0.4619285877878919,0.028116777443285626,0.10047179775833642,0.895386469907293,-0.4150149413764926,0.16138670311157252,-0.434528625215104,-0.8935395657382667,0.1130129122221959,3,0.48072949605208243,-0.04797794031182588,0.1094363041528675
1772595890.7103949,0.4619336780257009,0.028116669289810922,0.10047595195348633,0.8953863673105404,-0.41501103210413304,0.16139732484244046,-0.4345260555495839,-0.8935414788484393,0.11300766622607486,3,0.48072949605208243,-0.04797794031182588,0.1094363041528675
1772595890.7536378,0.4619336780257009,0.028116669289810922,0.10047595195348633,0.8953863673105404,-0.41501103210413304,0.16139732484244046,-0.4345260555495839,-0.8935414788484393,0.11300766622607486,3,0.48072949605208243,-0.04797794031182588,0.1094363041528675
1772595890.7976296,0.4619332010169728,0.02811729746621902,0.10047670804757208,0.8953869898812842,-0.41501021331108273,0.1613959764022119,-0.43452520693029667,-0.8935416320719834,0.11300971770745805,3,0.48072949605208243,-0.04797794031182588,0.1094363041528675
1772595890.8456275,0.46193009175099475,0.028117212554663137,0.10047385175680679,0.8953875993984916,-0.41501107347865557,0.16139038302668543,-0.4345253374111931,-0.893541253278041,0.11301221101277652,3,0.48072949605208243,-0.04797794031182588,0.1094363041528675
1772595890.8457665,0.46193009175099475,0.028117212554663137,0.10047385175680679,0.8953875993984916,-0.41501107347865557,0.16139038302668543,-0.4345253374111931,-0.893541253278041,0.11301221101277652,3,0.48072949605208243,-0.04797794031182588,0.1094363041528675
1772595890.8895938,0.4619308189181358,0.028116200171034736,0.10047501989626104,0.8953882157491937,-0.41500903397863326,0.1613922080324735,-0.4345235938375888,-0.8935421349733828,0.1130119437301889,3,0.48072949605208243,-0.04797794031182588,0.1094363041528675
1772595890.9103158,0.46192858069472653,0.028120296142605222,0.10047267628713769,0.8953924204882657,-0.4150015964093298,0.16138800547089113,-0.4345157035257838,-0.8935456345368429,0.11301461139889665,3,0.48072949605208243,-0.04797794031182588,0.1094363041528675
1772595890.953636,0.46192768209500074,0.02812043940089083,0.10047155558440068,0.8953907987431714,-0.4150064562049966,0.1613845061777487,-0.4345197703925506,-0.8935438769483838,0.11301287141762661,3,0.48072949605208243,-0.04797794031182588,0.1094363041528675
1772595890.997642,0.46193201575654314,0.028117460952412146,0.10047425404567528,0.8953879897599918,-0.4150103091627702,0.16139018273173394,-0.43452430546901516,-0.8935420536338906,0.11300985065205141,3,0.48072949605208243,-0.04797794031182588,0.1094363041528675
1772595891.0416157,0.46192968590235556,0.028115732006148864,0.1004733905714317,0.895387075865991,-0.41501286726176145,0.16138867487937883,-0.43452682454226954,-0.8935405365669196,0.11301215980996765,3,0.48072949605208243,-0.04797794031182588,0.1094363041528675
1772595891.085661,0.4619296805419352,0.028117459302953215,0.1004727536984657,0.8953890519265676,-0.41500907332846015,0.1613874677448512,-0.43452280522498987,-0.8935425200756414,0.1130119310350797,3,0.48072949605208243,-0.04797794031182588,0.1094363041528675
1772595891.0857866,0.4619296805419352,0.028117459302953215,0.1004727536984657,0.8953890519265676,-0.41500907332846015,0.1613874677448512,-0.43452280522498987,-0.8935425200756414,0.1130119310350797,3,0.48072949605208243,-0.04797794031182588,0.1094363041528675
1772595891.1336138,0.4619296805419352,0.028117459302953215,0.1004727536984657,0.8953890519265676,-0.41500907332846015,0.1613874677448512,-0.43452280522498987,-0.8935425200756414,0.1130119310350797,14,0.48072949605208243,-0.04797794031182588,0.1094363041528675
1772595891.1435843,0.4619296805419352,0.028117459302953215,0.1004727536984657,0.8953890519265676,-0.41500907332846015,0.1613874677448512,-0.43452280522498987,-0.8935425200756414,0.1130119310350797,16,0.48072949605208243,-0.04797794031182588,0.1094363041528675
1772595891.1855986,0.46194313306716583,0.028117042837296352,0.10048846603974154,0.8953854470523336,-0.41500538661532715,0.1614169454770961,-0.4345234191320274,-0.8935433012025317,0.11300339420519329,33,0.48072949605208243,-0.04797794031182588,0.1094363041528675
1772595891.2296348,0.46192933916303525,0.02811473327397246,0.10047483686256115,0.895388158437112,-0.4150107501388299,0.16138811294455085,-0.43452506711818945,-0.8935408135035314,0.11301672729901684,54,0.48072949605208243,-0.04797794031182588,0.1094363041528675
1772595891.2736416,0.4619327836218554,0.028110132799859064,0.10047778011693265,0.8953808417809149,-0.4150240948308958,0.16139438925035962,-0.43453900307931076,-0.8935346425802951,0.11301193437749635,71,0.48072949605208243,-0.04797794031182588,0.1094363041528675
1772595891.3177073,0.4619257199652684,0.028118311570219157,0.10047182690030626,0.8953911260290661,-0.41500909112800666,0.16137591427938391,-0.43452105990131074,-0.8935430481762643,0.11301446614532186,87,0.48072949605208243,-0.04797794031182588,0.1094363041528675
1772595891.3178387,0.4619257199652684,0.028118311570219157,0.10047182690030626,0.8953911260290661,-0.41500909112800666,0.16137591427938391,-0.43452105990131074,-0.8935430481762643,0.11301446614532186,87,0.48072949605208243,-0.04797794031182588,0.1094363041528675
1772595891.3616295,0.4619255724091016,0.028119163275442186,0.10047087957648204,0.8953790814105178,-0.41503358381700867,0.16137975361385096,-0.4345457687314402,-0.8935315454658952,0.11301040719743696,103,0.48072949605208243,-0.04797794031182588,0.1094363041528675
1772595891.376936,0.4619255724091016,0.028119163275442186,0.10047087957648204,0.8953790814105178,-0.41503358381700867,0.16137975361385096,-0.4345457687314402,-0.8935315454658952,0.11301040719743696,111,0.48072949605208243,-0.04797794031182588,0.1094363041528675
1772595891.4176364,0.46197782436742013,0.028152261891509503,0.10051867360289896,0.8953926162307453,-0.4149640190623036,0.1614835152054892,-0.43448872724092946,-0.8935665574908169,0.11295288059437844,125,0.48072949605208243,-0.04797794031182588,0.1094363041528675
1772595891.4616597,0.46196229159059726,0.028081872544047343,0.10050676016457294,0.8953103827421625,-0.4151555783833981,0.1614470944031791,-0.4346732504200451,-0.8934771853444639,0.11294992093050549,125,0.48072949605208243,-0.04797794031182588,0.1094363041528675
1772595891.5056472,0.46206264734469255,0.02812048482949299,0.100636456509644,0.8953136064115874,-0.4150344089002278,0.16174048844712885,-0.43459522982494014,-0.8935256357527279,0.1128668439626574,125,0.48072949605208243,-0.04797794031182588,0.1094363041528675
1772595891.5496414,0.4620534072069565,0.028112798082064724,0.10061632027110015,0.8953151725339781,-0.41504898905202353,0.1616943985342308,-0.43460279900727244,-0.8935206133897109,0.1128774580805198,125,0.48072949605208243,-0.04797794031182588,0.1094363041528675
1772595891.5497608,0.4620534072069565,0.028112798082064724,0.10061632027110015,0.8953151725339781,-0.41504898905202353,0.1616943985342308,-0.43460279900727244,-0.8935206133897109,0.1128774580805198,125,0.48072949605208243,-0.04797794031182588,0.1094363041528675
1772595891.5936162,0.4620486628161105,0.028120074814938154,0.10061128700969954,0.89532760096017,-0.41502743446201296,0.16168090673541627,-0.4345798324310106,-0.8935306446013499,0.11288647572907576,125,0.48072949605208243,-0.04797794031182588,0.1094363041528675
1772595891.6101527,0.4620486628161105,0.028120074814938154,0.10061128700969954,0.89532760096017,-0.41502743446201296,0.16168090673541627,-0.4345798324310106,-0.8935306446013499,0.11288647572907576,125,0.48072949605208243,-0.04797794031182588,0.1094363041528675
1772595891.65363,0.4620457979387586,0.028121622823885528,0.10061495049743038,0.8953299334694094,-0.415018277113085,0.16169149605266744,-0.4345729677826287,-0.8935334410623803,0.11289076745163985,125,0.48072949605208243,-0.04797794031182588,0.1094363041528675
1772595891.6982834,0.46204735222063553,0.028119849117129767,0.10061263650441352,0.8953257476970131,-0.41502950974737696,0.16168584214345033,-0.4345828704637703,-0.8935290323929177,0.1128875412543224,125,0.48072949605208243,-0.04797794031182588,0.1094363041528675
1772595891.7416306,0.46204735222063553,0.028119849117129767,0.10061263650441352,0.8953257476970131,-0.41502950974737696,0.16168584214345033,-0.4345828704637703,-0.8935290323929177,0.1128875412543224,125,0.48072949605208243,-0.04797794031182588,0.1094363041528675
1772595891.785623,0.4620430091963701,0.028123010022758632,0.10060951685385594,0.8953344290339175,-0.41501331272241626,0.1616793445362623,-0.43456623193976873,-0.8935362880898211,0.11289416249007606,125,0.48072949605208243,-0.04797794031182588,0.1094363041528675
1772595891.7857583,0.4620430091963701,0.028123010022758632,0.10060951685385594,0.8953344290339175,-0.41501331272241626,0.1616793445362623,-0.43456623193976873,-0.8935362880898211,0.11289416249007606,125,0.48072949605208243,-0.04797794031182588,0.1094363041528675
1772595891.8296604,0.4620405999858285,0.02812727195993163,0.1006070236402,0.8953376290899309,-0.41500874221206535,0.16167335532851707,-0.4345607754368656,-0.893538752158537,0.11289566352466807,125,0.48072949605208243,-0.04797794031182588,0.1094363041528675
1772595891.8438876,0.4620408781547884,0.02814050791415483,0.10060728359174653,0.8953482099375879,-0.41498526340400865,0.1616750262689433,-0.43453769201339365,-0.8935499060565778,0.11289623379880595,125,0.48072949605208243,-0.04797794031182588,0.1094363041528675
1772595891.885604,0.46204873849130906,0.02813628452036876,0.10061513664205718,0.8953437504582874,-0.41498827013626993,0.16169200402182649,-0.43454289216940556,-0.893548343653004,0.11288858409964068,125,0.48072949605208243,-0.04797794031182588,0.1094363041528675
1772595891.9295988,0.4620484921536448,0.028142244022353186,0.10061603742637351,0.8953486167732315,-0.4149768736753351,0.16169430650739192,-0.4345320044897586,-0.893553531389545,0.11288943092861296,125,0.48072949605208243,-0.04797794031182588,0.1094363041528675
1772595891.9736905,0.4620569665311975,0.028140971025655867,0.10062693954800808,0.8953452427737366,-0.4149753390895276,0.16171692610846325,-0.434533656639932,-0.893553694007183,0.1128817840630063,125,0.48072949605208243,-0.04797794031182588,0.1094363041528675
1772595892.021767,0.4622124302444719,0.028408097431977586,0.1010076850071526,0.8948562370844189,-0.4156372476491899,0.16272059893486232,-0.4353344725737846,-0.8932079537250261,0.11253198830224495,125,0.48072949605208243,-0.04797794031182588,0.1094363041528675
1772595892.0219305,0.4622124302444719,0.028408097431977586,0.1010076850071526,0.8948562370844189,-0.4156372476491899,0.16272059893486232,-0.4353344725737846,-0.8932079537250261,0.11253198830224495,125,0.48072949605208243,-0.04797794031182588,0.1094363041528675
1772595892.0655854,0.4624319761693243,0.028622538512165507,0.10149546023311631,0.8945363690896122,-0.41585456667517207,0.16391968689385106,-0.4357278194165948,-0.8930574770781963,0.11220343141449252,125,0.48072949605208243,-0.04797794031182588,0.1094363041528675
1772595892.077105,0.4624319761693243,0.028622538512165507,0.10149546023311631,0.8945363690896122,-0.41585456667517207,0.16391968689385106,-0.4357278194165948,-0.8930574770781963,0.11220343141449252,125,0.48072949605208243,-0.04797794031182588,0.1094363041528675
1772595892.117588,0.4628698844345205,0.028713558330245234,0.10240448318072048,0.8935804491835091,-0.4170155259873822,0.1661686851439374,-0.4372144661969121,-0.8924121865645684,0.1115526773286737,125,0.48072949605208243,-0.04797794031182588,0.1094363041528675
1772595892.161646,0.46356606926974686,0.028655369208330422,0.10379970794302582,0.8917686625040024,-0.41948640038242696,0.16964613897762917,-0.440180168593937,-0.8910892716033116,0.11045962705936149,125,0.48072949605208243,-0.04797794031182588,0.1094363041528675
1772595892.2099915,0.4657641374997097,0.02831078899248772,0.10826369954477,0.8869553909354484,-0.42517441201322215,0.1803797490289776,-0.4474330464032421,-0.8878532018798708,0.10733294414100403,125,0.48072949605208243,-0.04797794031182588,0.1094363041528675
1772595892.2576253,0.4657641374997097,0.02831078899248772,0.10826369954477,0.8869553909354484,-0.42517441201322215,0.1803797490289776,-0.4474330464032421,-0.8878532018798708,0.10733294414100403,125,0.48072949605208243,-0.04797794031182588,0.1094363041528675
1772595892.2577674,0.4657641374997097,0.02831078899248772,0.10826369954477,0.8869553909354484,-0.42517441201322215,0.1803797490289776,-0.4474330464032421,-0.8878532018798708,0.10733294414100403,125,0.48072949605208243,-0.04797794031182588,0.1094363041528675
1772595892.3063638,0.4688701900436785,0.02767023552141669,0.11479089735993289,0.8836355893803455,-0.4256570194182377,0.19494677991808892,-0.4501966571368918,-0.8868195358374765,0.10427886056037963,125,0.48072949605208243,-0.04797794031182588,0.1094363041528675
1772595892.310287,0.4707011194809151,0.027263783250264934,0.11880860038446889,0.8820464981760237,-0.4248481935811474,0.20371054824492957,-0.45079989895769684,-0.8867021009615437,0.10265882938215651,125,0.48072949605208243,-0.04797794031182588,0.1094363041528675
1772595892.3575714,0.47483006076499074,0.026338302942566325,0.12817308633950625,0.8780580334598136,-0.42294763765150184,0.22389592600514027,-0.4521890803050757,-0.8864251493779975,0.0988710786987009,125,0.48072949605208243,-0.04797794031182588,0.1094363041528675
1772595892.401616,0.4770607550464655,0.02586069304739734,0.13343982102108828,0.8756754162068178,-0.4218103710064008,0.23509269738224292,-0.4529019196741499,-0.8862944947610595,0.0967570137597693,125,0.48072949605208243,-0.04797794031182588,0.1094363041528675
1772595892.4456737,0.4793468310755037,0.025444814980611172,0.13905088755985748,0.8730699352720612,-0.42045349718679015,0.24691647338206724,-0.4535169376246643,-0.8862221450724057,0.0945129455197059,125,0.48072949605208243,-0.04797794031182588,0.1094363041528675
1772595892.4458172,0.4793468310755037,0.025444814980611172,0.13905088755985748,0.8730699352720612,-0.42045349718679015,0.24691647338206724,-0.4535169376246643,-0.8862221450724057,0.0945129455197059,125,0.48072949605208243,-0.04797794031182588,0.1094363041528675
1772595892.4896603,0.48369708768146163,0.024757123867201816,0.15078392173806549,0.8673902844176404,-0.4172192925728892,0.27122344368225754,-0.45445402054819256,-0.8861967203145682,0.09014940993309739,125,0.48072949605208243,-0.04797794031182588,0.1094363041528675
1772595892.5102837,0.48369708768146163,0.024757123867201816,0.15078392173806549,0.8673902844176404,-0.4172192925728892,0.27122344368225754,-0.45445402054819256,-0.8861967203145682,0.09014940993309739,125,0.48072949605208243,-0.04797794031182588,0.1094363041528675
1772595892.553623,0.48725449352117434,0.024221648344516206,0.16248864801735774,0.8614944539100312,-0.4132959057246939,0.2949810166662632,-0.4548568128750322,-0.8863482729085076,0.08655644917205085,125,0.48072949605208243,-0.04797794031182588,0.1094363041528675
1772595892.5976145,0.4886274735000041,0.024229627743677568,0.16802322634161587,0.858778117747421,-0.41081973158251,0.30614913460709225,-0.45449662057093804,-0.8866757151429834,0.08508230171590359,125,0.48072949605208243,-0.04797794031182588,0.1094363041528675
1772595892.641696,0.4898476424004025,0.02450308523092823,0.17337435792365238,0.8561880763924813,-0.4079106287856067,0.31709761394099734,-0.45365155254494005,-0.8872549472837615,0.08353997482675628,125,0.48072949605208243,-0.04797794031182588,0.1094363041528675
1772595892.6856644,0.4909079326661181,0.024934183999113402,0.1785260868904661,0.8536574261166694,-0.40482473636758576,0.3276979274587772,-0.45256808819204764,-0.8879509816482485,0.08200719322173493,125,0.48072949605208243,-0.04797794031182588,0.1094363041528675
1772595892.6858132,0.4909079326661181,0.024934183999113402,0.1785260868904661,0.8536574261166694,-0.40482473636758576,0.3276979274587772,-0.45256808819204764,-0.8879509816482485,0.08200719322173493,125,0.48072949605208243,-0.04797794031182588,0.1094363041528675
1772595892.7295995,0.49234866260432275,0.025832102426646963,0.1878408382591131,0.8489023645077788,-0.39875155477951557,0.3469322312700588,-0.45026513618187997,-0.8893426766427871,0.07956701980693119,125,0.48072949605208243,-0.04797794031182588,0.1094363041528675
1772595892.7436016,0.49234866260432275,0.025832102426646963,0.1878408382591131,0.8489023645077788,-0.39875155477951557,0.3469322312700588,-0.45026513618187997,-0.8893426766427871,0.07956701980693119,125,0.48072949605208243,-0.04797794031182588,0.1094363041528675
1772595892.7856393,0.49309509357739273,0.02679491180847149,0.19588990504689624,0.84466161673043,-0.39287409583233973,0.36358863849996403,-0.44780851441434183,-0.8907352431499512,0.07783483171830877,125,0.48072949605208243,-0.04797794031182588,0.1094363041528675
1772595892.834125,0.4931985916736427,0.02725586421934975,0.19932612139615938,0.8429165494239481,-0.38991533374786386,0.3707529139676675,-0.446403542603988,-0.8914822521865351,0.0773516075271381,125,0.48072949605208243,-0.04797794031182588,0.1094363041528675
1772595892.87359,0.4931985916736427,0.02725586421934975,0.19932612139615938,0.8429165494239481,-0.38991533374786386,0.3707529139676675,-0.446403542603988,-0.8914822521865351,0.0773516075271381,125,0.48072949605208243,-0.04797794031182588,0.1094363041528675
1772595892.9177089,0.49314211157239246,0.027721397908541216,0.20237542611117743,0.8413858641376204,-0.3870323809976666,0.3771945965793612,-0.4449666493728282,-0.8922250873793025,0.07706539039617447,125,0.48072949605208243,-0.04797794031182588,0.1094363041528675
1772595892.917853,0.49314211157239246,0.027721397908541216,0.20237542611117743,0.8413858641376204,-0.3870323809976666,0.3771945965793612,-0.4449666493728282,-0.8922250873793025,0.07706539039617447,125,0.48072949605208243,-0.04797794031182588,0.1094363041528675
1772595892.9656045,0.49284098255235254,0.028192035369534386,0.20747459444209235,0.8383091268509861,-0.382911792993703,0.38809324475528406,-0.4433813715041513,-0.8930535364489456,0.07660509408080828,125,0.48072949605208243,-0.04797794031182588,0.1094363041528675
1772595892.977139,0.49284098255235254,0.028192035369534386,0.20747459444209235,0.8383091268509861,-0.382911792993703,0.38809324475528406,-0.4433813715041513,-0.8930535364489456,0.07660509408080828,125,0.48072949605208243,-0.04797794031182588,0.1094363041528675
1772595893.0216339,0.49282381797314645,0.028196715511861432,0.21158551569114264,0.8353808085247761,-0.3804797968514542,0.39670395629028876,-0.44293962470110154,-0.893328634050219,0.07595024987198559,125,0.48072949605208243,-0.04797794031182588,0.1094363041528675
1772595893.0695908,0.49310846030687444,0.02807534625988637,0.21346463833726503,0.8338655219875959,-0.37989451926899825,0.40043531995783144,-0.44313470190398113,-0.8932852953113972,0.07531943407182125,125,0.48072949605208243,-0.04797794031182588,0.1094363041528675
1772595893.113665,0.4935517433839855,0.02794111480081999,0.2152341840831016,0.8323799408078713,-0.3795794534051579,0.4038106891766565,-0.44345896770654364,-0.89319203345027,0.0745126522250983,125,0.48072949605208243,-0.04797794031182588,0.1094363041528675
1772595893.113853,0.4935517433839855,0.02794111480081999,0.2152341840831016,0.8323799408078713,-0.3795794534051579,0.4038106891766565,-0.44345896770654364,-0.89319203345027,0.0745126522250983,125,0.48072949605208243,-0.04797794031182588,0.1094363041528675
1772595893.1576698,0.49390367604110086,0.027773344258693745,0.21667178843175097,0.8311142106732032,-0.3794401398825903,0.4065394803250211,-0.443838151450882,-0.8930598349553405,0.07383648492583698,125,0.48072949605208243,-0.04797794031182588,0.1094363041528675
1772595893.1768398,0.49390367604110086,0.027773344258693745,0.21667178843175097,0.8311142106732032,-0.3794401398825903,0.4065394803250211,-0.443838151450882,-0.8930598349553405,0.07383648492583698,125,0.48072949605208243,-0.04797794031182588,0.1094363041528675
1772595893.2175708,0.494360775932545,0.027397181223499358,0.21852505588802118,0.8293236750759349,-0.37964121805810785,0.40999364325547977,-0.44467226049172065,-0.8927272223873658,0.07283328331005083,125,0.48072949605208243,-0.04797794031182588,0.1094363041528675
1772595893.26156,0.4943773303243585,0.02735607079737628,0.21863533719063555,0.8292014484438707,-0.3796803175273105,0.4102046006335718,-0.44475235285485964,-0.8926922822665596,0.07277247976940204,125,0.48072949605208243,-0.04797794031182588,0.1094363041528675
1772595893.3056724,0.49427528615644223,0.027395624733456872,0.21820176352118642,0.8295716309275073,-0.3797579321159704,0.40938346590364094,-0.44467140824745544,-0.8927169341352389,0.07296447214503886,125,0.48072949605208243,-0.04797794031182588,0.1094363041528675
1772595893.349713,0.4941038364531177,0.027468165340270953,0.21751157715119013,0.8301684928056177,-0.3798466556097895,0.4080891958566253,-0.4445158564729337,-0.8927678740854199,0.0732883097440124,125,0.48072949605208243,-0.04797794031182588,0.1094363041528675
1772595893.349859,0.4941038364531177,0.027468165340270953,0.21751157715119013,0.8301684928056177,-0.3798466556097895,0.4080891958566253,-0.4445158564729337,-0.8927678740854199,0.0732883097440124,125,0.48072949605208243,-0.04797794031182588,0.1094363041528675
1772595893.3936172,0.4938663025872194,0.027614215775525974,0.2165543198225479,0.831042131041551,-0.3798515453771489,0.40630257187040975,-0.44419540368454896,-0.8928860644212593,0.07378969648830123,125,0.48072949605208243,-0.04797794031182588,0.1094363041528675
1772595893.4102902,0.4938663025872194,0.027614215775525974,0.2165543198225479,0.831042131041551,-0.3798515453771489,0.40630257187040975,-0.44419540368454896,-0.8928860644212593,0.07378969648830123,125,0.48072949605208243,-0.04797794031182588,0.1094363041528675
1772595893.4536579,0.49380281961809547,0.02760547757666615,0.2163300929165954,0.8312075927153678,-0.37992896929956044,0.40589150779401195,-0.44419753815339447,-0.8928768588591295,0.07388817234387099,125,0.48072949605208243,-0.04797794031182588,0.1094363041528675
1772595893.4975803,0.49375559863414986,0.027711101266826674,0.21628359391247165,0.8313400013267015,-0.3796844589432738,0.40584912693151615,-0.4439670204805854,-0.8929815274391485,0.07400862367344377,125,0.48072949605208243,-0.04797794031182588,0.1094363041528675
1772595893.5416112,0.4937858876017543,0.027644356710411162,0.21633683906867085,0.8312389785794717,-0.3798220489003377,0.405927298489897,-0.4441095651123393,-0.8929168580688759,0.07393361043622636,125,0.48072949605208243,-0.04797794031182588,0.1094363041528675
1772595893.585674,0.4937538502943379,0.02767154342031361,0.2162686077548035,0.8313193097601579,-0.37976960819130967,0.4058118405297137,-0.44404383463954755,-0.8929442413721604,0.0739976669828392,125,0.48072949605208243,-0.04797794031182588,0.1094363041528675
1772595893.5858245,0.4937538502943379,0.02767154342031361,0.2162686077548035,0.8313193097601579,-0.37976960819130967,0.4058118405297137,-0.44404383463954755,-0.8929442413721604,0.0739976669828392,125,0.48072949605208243,-0.04797794031182588,0.1094363041528675
1772595893.6296365,0.4937713990466037,0.027688393205541152,0.21631764282156601,0.8312935205676557,-0.37972850001577274,0.4059031275292221,-0.44401713213504046,-0.8929594532360154,0.07397432829712133,125,0.48072949605208243,-0.04797794031182588,0.1094363041528675
1772595893.6437173,0.4937713990466037,0.027688393205541152,0.21631764282156601,0.8312935205676557,-0.37972850001577274,0.4059031275292221,-0.44401713213504046,-0.8929594532360154,0.07397432829712133,125,0.48072949605208243,-0.04797794031182588,0.1094363041528675
1772595893.6856399,0.49377001661403763,0.027667608063183004,0.2163095941143062,0.8312843910489821,-0.37976837062977775,0.4058845228233354,-0.44405377861725814,-0.892941428367214,0.07397193522718253,125,0.48072949605208243,-0.04797794031182588,0.1094363041528675
1772595893.7295969,0.49376275772378075,0.027693410533498462,0.2162979684677957,0.8313144845293602,-0.3797168378522908,0.4058711012909659,-0.4440020454693264,-0.8929654719627383,0.07399222595258367,125,0.48072949605208243,-0.04797794031182588,0.1094363041528675
1772595893.773591,0.49376474036656215,0.027689065175258598,0.21630028864937806,0.8313096395001105,-0.37972714053234896,0.4058713860539102,-0.4440110167552152,-0.8929615025752826,0.07398629547756548,125,0.48072949605208243,-0.04797794031182588,0.1094363041528675
1772595893.817619,0.49376734732741895,0.027666144781415006,0.2163049000575316,0.8312862593406087,-0.3797704916821343,0.40587871178346924,-0.44405595203146864,-0.8929399973537175,0.07397616231847491,125,0.48072949605208243,-0.04797794031182588,0.1094363041528675
1772595893.8177748,0.49376734732741895,0.027666144781415006,0.2163049000575316,0.8312862593406087,-0.3797704916821343,0.40587871178346924,-0.44405595203146864,-0.8929399973537175,0.07397616231847491,125,0.48072949605208243,-0.04797794031182588,0.1094363041528675
1772595893.8615983,0.4937656065523685,0.027683068750092667,0.21630476909342333,0.8313022266168109,-0.3797342016829825,0.4058799626664523,-0.4440202319741317,-0.8929571042059703,0.07398407697421583,125,0.48072949605208243,-0.04797794031182588,0.1094363041528675
1772595893.8771265,0.4937656065523685,0.027683068750092667,0.21630476909342333,0.8313022266168109,-0.3797342016829825,0.4058799626664523,-0.4440202319741317,-0.8929571042059703,0.07398407697421583,125,0.48072949605208243,-0.04797794031182588,0.1094363041528675
1772595893.917731,0.4937658528579737,0.027673346207267205,0.21629997696760267,0.8312971017267357,-0.37975722116056204,0.4058689217433844,-0.44404105439873803,-0.8929469209427277,0.07398201394500778,125,0.48072949605208243,-0.04797794031182588,0.1094363041528675
1772595893.9616914,0.49376711415486574,0.027681341668538653,0.2163033258322099,0.8313002514952298,-0.3797434734362277,0.4058753333802837,-0.4440275282702971,-0.8929537794017682,0.07398041626179627,125,0.48072949605208243,-0.04797794031182588,0.1094363041528675
1772595894.0057037,0.49376691457465965,0.027686771778606407,0.21630311133215918,0.8313054825779953,-0.3797304419395825,0.4058768114836516,-0.44401497725724537,-0.8929597888463099,0.07398321076299248,125,0.48072949605208243,-0.04797794031182588,0.1094363041528675
1772595894.049742,0.49376660341853684,0.02767537577214018,0.2163019256744196,0.8312961372816239,-0.37975424167464855,0.40587368487100084,-0.4440387857169398,-0.8929481452443169,0.07398085349440357,125,0.48072949605208243,-0.04797794031182588,0.1094363041528675
1772595894.0498939,0.49376660341853684,0.02767537577214018,0.2163019256744196,0.8312961372816239,-0.37975424167464855,0.40587368487100084,-0.4440387857169398,-0.8929481452443169,0.07398085349440357,125,0.48072949605208243,-0.04797794031182588,0.1094363041528675
1772595894.0936253,0.49376875157678723,0.027677610134015075,0.21630449261989682,0.8312936993808038,-0.37975506900702993,0.405877903972665,-0.44403851107603187,-0.8929488158666077,0.07397440722171288,125,0.48072949605208243,-0.04797794031182588,0.1094363041528675
1772595894.110358,0.49376875157678723,0.027677610134015075,0.21630449261989682,0.8312936993808038,-0.37975506900702993,0.405877903972665,-0.44403851107603187,-0.8929488158666077,0.07397440722171288,125,0.48072949605208243,-0.04797794031182588,0.1094363041528675
1772595894.1576257,0.49376566767899643,0.027671999282311795,0.21630081334450835,0.8312951602803639,-0.3797596945193992,0.40587058394638137,-0.4440439243668363,-0.8929455526020803,0.07398130386161605,125,0.48072949605208243,-0.04797794031182588,0.1094363041528675
1772595894.2056742,0.49376687184573953,0.027672198098197806,0.2163025987289587,0.8312937950796789,-0.37975935951521417,0.40587369355825326,-0.4440440800674231,-0.8929455588829803,0.07398029351278404,125,0.48072949605208243,-0.04797794031182588,0.1094363041528675
1772595894.2496812,0.493765012548974,0.027671604447039838,0.2163007625374298,0.83129698513308,-0.3797550956552875,0.4058711492980195,-0.44404133779037563,-0.8929463439580767,0.07398727691460184,125,0.48072949605208243,-0.04797794031182588,0.1094363041528675
1772595894.24979,0.493765012548974,0.027671604447039838,0.2163007625374298,0.83129698513308,-0.3797550956552875,0.4058711492980195,-0.44404133779037563,-0.8929463439580767,0.07398727691460184,125,0.48072949605208243,-0.04797794031182588,0.1094363041528675
1772595894.2937026,0.4937645161280553,0.02767030161388507,0.21629875749001698,0.8312949018643354,-0.3797619331671699,0.40586901859035657,-0.4440469341149027,-0.8929438185855763,0.07398416825892562,125,0.48072949605208243,-0.04797794031182588,0.1094363041528675
1772595894.3103,0.4937645161280553,0.02767030161388507,0.21629875749001698,0.8312949018643354,-0.3797619331671699,0.40586901859035657,-0.4440469341149027,-0.8929438185855763,0.07398416825892562,125,0.48072949605208243,-0.04797794031182588,0.1094363041528675
1772595894.3536465,0.4937656840670085,0.027669266107265597,0.21630061081609683,0.8312924138235851,-0.37976314773142716,0.40587297809102196,-0.44404895047940474,-0.8929429099929496,0.07398303232135076,125,0.48072949605208243,-0.04797794031182588,0.1094363041528675
1772595894.397636,0.4937678854513872,0.02767214111172501,0.21630398518862762,0.8312913129328985,-0.3797604141345197,0.4058777905954895,-0.4440459405666843,-0.8929447330514011,0.07397909422269888,125,0.48072949605208243,-0.04797794031182588,0.1094363041528675
1772595894.4415789,0.4937681434639535,0.027668345553700485,0.21630440155040104,0.8312889317246431,-0.3797658270297794,0.4058776029944117,-0.44405153236819744,-0.8929419904880359,0.07397863356889092,125,0.48072949605208243,-0.04797794031182588,0.1094363041528675
1772595894.4921615,0.49376673921885156,0.027672535867837023,0.21630226809745187,0.8312945488934035,-0.379757494709162,0.4058738944454714,-0.44404349466737236,-0.8929455428797893,0.07398400026158022,125,0.48072949605208243,-0.04797794031182588,0.1094363041528675
1772595894.492468,0.49376673921885156,0.027672535867837023,0.21630226809745187,0.8312945488934035,-0.379757494709162,0.4058738944454714,-0.44404349466737236,-0.8929455428797893,0.07398400026158022,125,0.48072949605208243,-0.04797794031182588,0.1094363041528675
1772595894.5376437,0.49376850083053275,0.0276721036604501,0.21630418073837915,0.8312910240182998,-0.3797610108838712,0.405877823980403,-0.44404641508902104,-0.892944536808348,0.07397861468501597,125,0.48072949605208243,-0.04797794031182588,0.1094363041528675
1772595894.5435894,0.49376850083053275,0.0276721036604501,0.21630418073837915,0.8312910240182998,-0.3797610108838712,0.405877823980403,-0.44404641508902104,-0.892944536808348,0.07397861468501597,125,0.48072949605208243,-0.04797794031182588,0.1094363041528675
1772595894.5856845,0.49376938413624794,0.027671697604257202,0.21630598136675036,0.8312896224004832,-0.37976236562786636,0.40587942709872465,-0.4440475068672268,-0.8929441790695184,0.07397637941170211,125,0.48072949605208243,-0.04797794031182588,0.1094363041528675
1772595894.6296895,0.4937656831025782,0.027671721873627472,0.2163011351913392,0.831294808454131,-0.3797578237484778,0.4058730549556475,-0.44404386758599346,-0.8929452990176936,0.07398470532126923,125,0.48072949605208243,-0.04797794031182588,0.1094363041528675
1772595894.677758,0.49376924762865015,0.02767034909469636,0.21630470281869923,0.8312904683827445,-0.37976310413486547,0.4058770034306561,-0.4440482732341019,-0.8929436480992681,0.07397818838673484,125,0.48072949605208243,-0.04797794031182588,0.1094363041528675
1772595894.6778812,0.49376924762865015,0.02767034909469636,0.21630470281869923,0.8312904683827445,-0.37976310413486547,0.4058770034306561,-0.4440482732341019,-0.8929436480992681,0.07397818838673484,125,0.48072949605208243,-0.04797794031182588,0.1094363041528675
1772595894.7216115,0.4937666030004328,0.027672343907816366,0.21630167287071506,0.8312932008346311,-0.3797625076026968,0.4058719651139084,-0.4440464653438172,-0.892944486410805,0.07397892135065177,125,0.48072949605208243,-0.04797794031182588,0.1094363041528675
1772595894.7436495,0.4937666030004328,0.027672343907816366,0.21630167287071506,0.8312932008346311,-0.3797625076026968,0.4058719651139084,-0.4440464653438172,-0.892944486410805,0.07397892135065177,125,0.48072949605208243,-0.04797794031182588,0.1094363041528675
1772595894.7896764,0.4937659985326102,0.027672878492518226,0.21630102206357457,0.8312938719343556,-0.3797603472522586,0.4058726119599977,-0.4440442919364407,-0.892945575607493,0.0739788199532001,125,0.48072949605208243,-0.04797794031182588,0.1094363041528675
1772595894.8336515,0.4937685376914246,0.027669421533041187,0.21630548627576612,0.8312902449935746,-0.3797611090059357,0.4058793277134281,-0.4440471029905699,-0.8929441599927503,0.07397903392531893,125,0.48072949605208243,-0.04797794031182588,0.1094363041528675
1772595894.8776925,0.49376741610850217,0.027669764778609315,0.21630456860825448,0.8312913318138078,-0.3797606023856034,0.40587757578726785,-0.4440467323173274,-0.892944192426786,0.0739808673210765,125,0.48072949605208243,-0.04797794031182588,0.1094363041528675
1772595894.8778374,0.49376741610850217,0.027669764778609315,0.21630456860825448,0.8312913318138078,-0.3797606023856034,0.40587757578726785,-0.4440467323173274,-0.892944192426786,0.0739808673210765,125,0.48072949605208243,-0.04797794031182588,0.1094363041528675
1772595894.9258728,0.4937686720677809,0.027670958805857043,0.21630569484687684,0.8312914902299335,-0.3797572953278718,0.40588034556572966,-0.44404400322863485,-0.8929455419403383,0.07398095920954369,125,0.48072949605208243,-0.04797794031182588,0.1094363041528675
1772595894.944203,0.4937686720677809,0.027670958805857043,0.21630569484687684,0.8312914902299335,-0.3797572953278718,0.40588034556572966,-0.44404400322863485,-0.8929455419403383,0.07398095920954369,125,0.48072949605208243,-0.04797794031182588,0.1094363041528675
1772595894.990045,0.4937685584255144,0.027670209479049843,0.21630478094952293,0.831289521651277,-0.37976270233207365,0.4058793184066321,-0.4440485734180467,-0.8929434825884561,0.07397838433081481,125,0.48072949605208243,-0.04797794031182588,0.1094363041528675
1772595895.0378263,0.493768575196998,0.02767292161483184,0.2163045805563685,0.8312952287184281,-0.3797514068509121,0.4058781981145696,-0.44403788552382534,-0.8929483991082872,0.07398319234446198,125,0.48072949605208243,-0.04797794031182588,0.1094363041528675
1772595895.08168,0.49376791281785914,0.027671185675875225,0.2163043562256916,0.8312923512947492,-0.37975870564095465,0.4058772624436531,-0.4440445318404184,-0.8929453033314829,0.07398066639919894,125,0.48072949605208243,-0.04797794031182588,0.1094363041528675
1772595895.0818226,0.49376791281785914,0.027671185675875225,0.2163043562256916,0.8312923512947492,-0.37975870564095465,0.4058772624436531,-0.4440445318404184,-0.8929453033314829,0.07398066639919894,125,0.48072949605208243,-0.04797794031182588,0.1094363041528675
1772595895.1256514,0.4937661634063838,0.027672031464931995,0.21630293111358698,0.831293965808766,-0.3797562266519924,0.40587627514918273,-0.4440425468827396,-0.8929460738558744,0.07398328016024651,125,0.48072949605208243,-0.04797794031182588,0.1094363041528675
1772595895.1435347,0.4937661634063838,0.027672031464931995,0.21630293111358698,0.831293965808766,-0.3797562266519924,0.40587627514918273,-0.4440425468827396,-0.8929460738558744,0.07398328016024651,125,0.48072949605208243,-0.04797794031182588,0.1094363041528675
1772595895.1897976,0.4937675690124151,0.02766811816928244,0.21630299892603055,0.8312877366994309,-0.37977202493934553,0.40587425132250887,-0.44405567577161914,-0.892940281863984,0.07397438637582622,125,0.48072949605208243,-0.04797794031182588,0.1094363041528675
1772595895.2335799,0.49376437529416306,0.02766994058320047,0.21629951332822256,0.8312933516169232,-0.37976454279020194,0.4058697520102372,-0.44404937403425354,-0.8929427344434224,0.07398260893271742,125,0.48072949605208243,-0.04797794031182588,0.1094363041528675
1772595895.2776315,0.49376655789991497,0.02767141833475461,0.21630342670050934,0.8312908793791608,-0.37976296299351786,0.40587629371448297,-0.44404832401498096,-0.8929435314955486,0.07397929101947796,125,0.48072949605208243,-0.04797794031182588,0.1094363041528675
1772595895.2777753,0.49376655789991497,0.02767141833475461,0.21630342670050934,0.8312908793791608,-0.37976296299351786,0.40587629371448297,-0.44404832401498096,-0.8929435314955486,0.07397929101947796,125,0.48072949605208243,-0.04797794031182588,0.1094363041528675
1772595895.3220665,0.49376892819107,0.027669952375031406,0.2163054039784834,0.8312874941512604,-0.37976794310455875,0.405878567379273,-0.4440525893756989,-0.8929418013799263,0.0739745714222767,125,0.48072949605208243,-0.04797794031182588,0.1094363041528675
1772595895.3437123,0.49376892819107,0.027669952375031406,0.2163054039784834,0.8312874941512604,-0.37976794310455875,0.405878567379273,-0.4440525893756989,-0.8929418013799263,0.0739745714222767,125,0.48072949605208243,-0.04797794031182588,0.1094363041528675
1772595895.385695,0.4937670286582837,0.027670194694117634,0.21630341949355492,0.8312916178214804,-0.37976242150613015,0.40587528792912003,-0.44404777168927645,-0.8929437348238924,0.07398015204462635,125,0.48072949605208243,-0.04797794031182588,0.1094363041528675
1772595895.4296238,0.49376631171263746,0.02767180063059594,0.21630172688467436,0.8312944772676979,-0.3797589616206927,0.4058726686203426,-0.4440434836113782,-0.8929458277009078,0.07398062890928196,125,0.48072949605208243,-0.04797794031182588,0.1094363041528675
1772595895.4736729,0.49376631171263746,0.02767180063059594,0.21630172688467436,0.8312944772676979,-0.3797589616206927,0.4058726686203426,-0.4440434836113782,-0.8929458277009078,0.07398062890928196,125,0.48072949605208243,-0.04797794031182588,0.1094363041528675
1772595895.5177617,0.4937687767730574,0.027671326702872534,0.21630587669270607,0.8312909344489285,-0.37975925470204885,0.40587965059999204,-0.44404493842820947,-0.8929452961578264,0.07397831253752273,125,0.48072949605208243,-0.04797794031182588,0.1094363041528675
1772595895.5179675,0.4937687767730574,0.027671326702872534,0.21630587669270607,0.8312909344489285,-0.37975925470204885,0.40587965059999204,-0.44404493842820947,-0.8929452961578264,0.07397831253752273,125,0.48072949605208243,-0.04797794031182588,0.1094363041528675
1772595895.5619166,0.49376806662791073,0.027672927084262763,0.21630401721265818,0.8312895803391542,-0.37976192498241146,0.4058799255361198,-0.4440473001886899,-0.892944253728982,0.07397671882103792,125,0.48072949605208243,-0.04797794031182588,0.1094363041528675
1772595895.5770411,0.49376806662791073,0.027672927084262763,0.21630401721265818,0.8312895803391542,-0.37976192498241146,0.4058799255361198,-0.4440473001886899,-0.892944253728982,0.07397671882103792,125,0.48072949605208243,-0.04797794031182588,0.1094363041528675
1772595895.6176243,0.4937665604203304,0.027669571477311174,0.21630322588363488,0.8312900113221089,-0.3797652330531725,0.40587594759995066,-0.4440508144155974,-0.8929422590450677,0.07397970146152309,125,0.48072949605208243,-0.04797794031182588,0.1094363041528675
1772595895.6616263,0.49376839195902816,0.02767400099214462,0.21630484423867297,0.831293600428175,-0.3797537264205743,0.4058793628122145,-0.44403949771668433,-0.892947870865116,0.07397989176101002,125,0.48072949605208243,-0.04797794031182588,0.1094363041528675
1772595895.7056146,0.4937678076843462,0.02767317261664283,0.216304236522031,0.8312912545996355,-0.37976164714717187,0.40587675639562226,-0.4440457848261158,-0.8929450780760645,0.0739758644281391,125,0.48072949605208243,-0.04797794031182588,0.1094363041528675
1772595895.7498207,0.4937665375199306,0.027671874945980127,0.21630187915081128,0.8312926806003803,-0.37976136304604535,0.405874101560624,-0.44404580670131466,-0.8929448225596716,0.07397881733885221,125,0.48072949605208243,-0.04797794031182588,0.1094363041528675
1772595895.7499433,0.4937665375199306,0.027671874945980127,0.21630187915081128,0.8312926806003803,-0.37976136304604535,0.405874101560624,-0.44404580670131466,-0.8929448225596716,0.07397881733885221,125,0.48072949605208243,-0.04797794031182588,0.1094363041528675
1772595895.7937777,0.49376748594627307,0.02767389598814468,0.2163034510541414,0.8312953130170412,-0.37975470731746586,0.4058749374205375,-0.444039676768883,-0.8929476945070304,0.07398094571959093,125,0.48072949605208243,-0.04797794031182588,0.1094363041528675
1772595895.8105333,0.4937695725376806,0.02767551779562228,0.21630571512843966,0.8312928277738922,-0.3797520286602294,0.4058825337707037,-0.44403810488493445,-0.8929486702539222,0.07397860300078617,125,0.48072949605208243,-0.04797794031182588,0.1094363041528675
1772595895.8536596,0.49376867344019804,0.027677340056350093,0.21630620602668074,0.8312951039565211,-0.3797483545272864,0.4058813094634138,-0.44403435509729106,-0.8929504116999307,0.07398009014767014,125,0.48072949605208243,-0.04797794031182588,0.1094363041528675
1772595895.9016101,0.49376778498815566,0.02767727049829294,0.21630436189808,0.8312970326836953,-0.3797473257990251,0.40587832166767995,-0.44403253937997506,-0.892951282775853,0.07398047418562387,125,0.48072949605208243,-0.04797794031182588,0.1094363041528675
1772595895.9461217,0.49376752342538954,0.027673426642262702,0.21630523278690517,0.8312919485218718,-0.379756505667005,0.4058801457650966,-0.44404240255667987,-0.8929464949148965,0.07397906427424164,125,0.48072949605208243,-0.04797794031182588,0.1094363041528675
1772595895.9462554,0.49376752342538954,0.027673426642262702,0.21630523278690517,0.8312919485218718,-0.379756505667005,0.4058801457650966,-0.44404240255667987,-0.8929464949148965,0.07397906427424164,125,0.48072949605208243,-0.04797794031182588,0.1094363041528675
1772595895.9899764,0.49376906476206467,0.027677220830243376,0.21630700518411156,0.8312915148573775,-0.3797537340143388,0.40588362719909443,-0.4440396189086065,-0.8929480594597486,0.07397688792162675,125,0.48072949605208243,-0.04797794031182588,0.1094363041528675
1772595896.0103006,0.49376906476206467,0.027677220830243376,0.21630700518411156,0.8312915148573775,-0.3797537340143388,0.40588362719909443,-0.4440396189086065,-0.8929480594597486,0.07397688792162675,125,0.48072949605208243,-0.04797794031182588,0.1094363041528675
1772595896.053607,0.49376718981425544,0.027675330135810944,0.21630409056126246,0.8312929454308037,-0.3797553929402083,0.4058791450786889,-0.44404054465028053,-0.8929475039999933,0.0739780359759874,125,0.48072949605208243,-0.04797794031182588,0.1094363041528675
1772595896.1016521,0.4937664847586441,0.027676991562276633,0.2163031813661303,0.8312961421966112,-0.37975129706991456,0.4058764298930766,-0.44403609044211373,-0.892949556569959,0.07397999598808418,125,0.48072949605208243,-0.04797794031182588,0.1094363041528675
1772595896.145701,0.4937676445681998,0.027676411278997302,0.21630381350253058,0.8312956577006099,-0.3797514419822558,0.4058772866280006,-0.444036443332862,-0.8929493916914304,0.07397986800614631,125,0.48072949605208243,-0.04797794031182588,0.1094363041528675
1772595896.145867,0.4937676445681998,0.027676411278997302,0.21630381350253058,0.8312956577006099,-0.3797514419822558,0.4058772866280006,-0.444036443332862,-0.8929493916914304,0.07397986800614631,125,0.48072949605208243,-0.04797794031182588,0.1094363041528675
1772595896.1936603,0.4937636369183601,0.027675584935660733,0.2162998805504192,0.8312981628212798,-0.37975430458623494,0.4058694773423969,-0.4440386351194304,-0.8929479986479342,0.07398352676050811,125,0.48072949605208243,-0.04797794031182588,0.1094363041528675
1772595896.2103333,0.4937683071491453,0.02767585559860359,0.21630619911343849,0.8312921664827247,-0.3797547045883352,0.40588138450474004,-0.44404001245787333,-0.8929478659581814,0.07397686136314392,125,0.48072949605208243,-0.04797794031182588,0.1094363041528675
1772595896.2536077,0.4937683071491453,0.02767585559860359,0.21630619911343849,0.8312921664827247,-0.3797547045883352,0.40588138450474004,-0.44404001245787333,-0.8929478659581814,0.07397686136314392,125,0.48072949605208243,-0.04797794031182588,0.1094363041528675
1772595896.297612,0.4937651629211484,0.027677664211361155,0.21630055803619563,0.8312991319053066,-0.37974899301118503,0.4058724622347213,-0.4440336353232216,-0.8929505176514315,0.07398313137253104,125,0.48072949605208243,-0.04797794031182588,0.1094363041528675
1772595896.341633,0.4937673727839969,0.027679150992013152,0.21630481023267908,0.8312985955324083,-0.3797445760571929,0.40587769342621943,-0.4440292869017002,-0.8929529271343898,0.07398014798371787,125,0.48072949605208243,-0.04797794031182588,0.1094363041528675
1772595896.3896804,0.4937682678227561,0.02767950841182399,0.21630489919791923,0.8312966171318109,-0.3797467196431006,0.4058797399051997,-0.44403133662366234,-0.8929520966325378,0.07397786977035321,125,0.48072949605208243,-0.04797794031182588,0.1094363041528675
1772595896.3898404,0.4937682678227561,0.02767950841182399,0.21630489919791923,0.8312966171318109,-0.3797467196431006,0.4058797399051997,-0.44403133662366234,-0.8929520966325378,0.07397786977035321,125,0.48072949605208243,-0.04797794031182588,0.1094363041528675
1772595896.437725,0.4937662474651855,0.027681142299450283,0.21630271652833638,0.8313000169793112,-0.37974329661382306,0.4058759791451859,-0.4440277087200251,-0.8929536476134821,0.07398092391030284,125,0.48072949605208243,-0.04797794031182588,0.1094363041528675
1772595896.4438667,0.4937662474651855,0.027681142299450283,0.21630271652833638,0.8313000169793112,-0.37974329661382306,0.4058759791451859,-0.4440277087200251,-0.8929536476134821,0.07398092391030284,125,0.48072949605208243,-0.04797794031182588,0.1094363041528675
1772595896.4895952,0.49376725722036635,0.027680913311121297,0.21630490993795487,0.8312987500398878,-0.3797433152172004,0.4058785566274352,-0.44402824847662214,-0.8929534277259257,0.07398033838327026,125,0.48072949605208243,-0.04797794031182588,0.1094363041528675
1772595896.5376408,0.4937688303122405,0.027680216681036478,0.2163055690217695,0.8312975952949168,-0.37974414697419867,0.4058801435100358,-0.444028694271029,-0.8929534091966139,0.07397788634524582,125,0.48072949605208243,-0.04797794031182588,0.1094363041528675
1772595896.5821037,0.49376753316042776,0.027677510045386183,0.2163036947766444,0.8312956957963771,-0.3797527469099676,0.4058759876671093,-0.4440367810009787,-0.8929493803863853,0.07397797770863804,125,0.48072949605208243,-0.04797794031182588,0.1094363041528675
1772595896.5822616,0.49376753316042776,0.027677510045386183,0.2163036947766444,0.8312956957963771,-0.3797527469099676,0.4058759876671093,-0.4440367810009787,-0.8929493803863853,0.07397797770863804,125,0.48072949605208243,-0.04797794031182588,0.1094363041528675
1772595896.6257734,0.49376932392872575,0.027678713345927745,0.2163078629217635,0.8312930926538032,-0.3797504029038155,0.4058835123535633,-0.44403515085366013,-0.8929504747593119,0.07397455260754845,125,0.48072949605208243,-0.04797794031182588,0.1094363041528675
1772595896.6437845,0.49376932392872575,0.027678713345927745,0.2163078629217635,0.8312930926538032,-0.3797504029038155,0.4058835123535633,-0.44403515085366013,-0.8929504747593119,0.07397455260754845,125,0.48072949605208243,-0.04797794031182588,0.1094363041528675
1772595896.6856375,0.49376831255859793,0.027680601006801607,0.21630541928877944,0.8312953047864213,-0.3797494824086459,0.40587984287276024,-0.44403396249682725,-0.8929508746561836,0.07397685854456618,125,0.48072949605208243,-0.04797794031182588,0.1094363041528675
1772595896.7336054,0.4937656132532983,0.02767623564361269,0.21630186405843943,0.8312959442799217,-0.37975479595230627,0.4058735615619424,-0.44403852156872786,-0.8929484626894311,0.07397860733780072,125,0.48072949605208243,-0.04797794031182588,0.1094363041528675
1772595896.7777944,0.4937674223676916,0.027679031343193092,0.21630435082720056,0.8312988756867086,-0.3797442658557393,0.4058774098563508,-0.44402946435837864,-0.8929527053735764,0.07398175956019322,125,0.48072949605208243,-0.04797794031182588,0.1094363041528675
1772595896.7779725,0.4937674223676916,0.027679031343193092,0.21630435082720056,0.8312988756867086,-0.3797442658557393,0.4058774098563508,-0.44402946435837864,-0.8929527053735764,0.07398175956019322,125,0.48072949605208243,-0.04797794031182588,0.1094363041528675
1772595896.821597,0.4937657610000362,0.027678331083403944,0.21630168802153948,0.8312993131593082,-0.37974833147560066,0.40587270995025004,-0.4440324671754759,-0.892951217757561,0.0739816923255253,125,0.48072949605208243,-0.04797794031182588,0.1094363041528675
1772595896.843706,0.4937657610000362,0.027678331083403944,0.21630168802153948,0.8312993131593082,-0.37974833147560066,0.40587270995025004,-0.4440324671754759,-0.892951217757561,0.0739816923255253,125,0.48072949605208243,-0.04797794031182588,0.1094363041528675
1772595896.8856874,0.4937670138513446,0.02767941980321701,0.2163038821951262,0.8312985429527846,-0.37974599253933494,0.40587647583334147,-0.4440306049882423,-0.8929522392851659,0.07398053926124022,125,0.48072949605208243,-0.04797794031182588,0.1094363041528675
1772595896.9303787,0.4937660167238549,0.027677848282893144,0.2163038985755245,0.8312959003806181,-0.37974957447767,0.4058785368732937,-0.4440349278583282,-0.8929501150038143,0.07398023355277994,125,0.48072949605208243,-0.04797794031182588,0.1094363041528675
1772595896.9736087,0.49376665884059984,0.02767961320774094,0.21630329828771244,0.831297634127151,-0.37974794314848864,0.40587651221657733,-0.4440328011263968,-0.8929511268005796,0.07398078581240347,125,0.48072949605208243,-0.04797794031182588,0.1094363041528675
1772595897.0215712,0.4937678956074585,0.027677456178753654,0.21630512347479008,0.8312952171007242,-0.3797503004296797,0.40587925710613476,-0.4440346766075409,-0.8929505190147369,0.07397686504136701,125,0.48072949605208243,-0.04797794031182588,0.1094363041528675
1772595897.0216708,0.4937678956074585,0.027677456178753654,0.21630512347479008,0.8312952171007242,-0.3797503004296797,0.40587925710613476,-0.4440346766075409,-0.8929505190147369,0.07397686504136701,125,0.48072949605208243,-0.04797794031182588,0.1094363041528675
1772595897.0657277,0.49376721652441474,0.02767983237127386,0.21630410412430134,0.8312989308699518,-0.3797449041934011,0.40587669959437184,-0.44402982350337816,-0.8929525547949909,0.07398142148308605,125,0.48072949605208243,-0.04797794031182588,0.1094363041528675
1772595897.0770876,0.49376721652441474,0.02767983237127386,0.21630410412430134,0.8312989308699518,-0.3797449041934011,0.40587669959437184,-0.44402982350337816,-0.8929525547949909,0.07398142148308605,125,0.48072949605208243,-0.04797794031182588,0.1094363041528675
1772595897.1176724,0.4937694631399424,0.02767720443100964,0.2163077786540914,0.831292587977946,-0.37974957146637955,0.4058853238835202,-0.44403501512828525,-0.8929504878504679,0.07397520927740053,125,0.48072949605208243,-0.04797794031182588,0.1094363041528675
1772595897.1616368,0.49376856641033373,0.027679869977126972,0.21630493872244025,0.8312956901031893,-0.3797504453615913,0.4058781527300227,-0.4440345526112537,-0.8929505727486878,0.07397696070476316,125,0.48072949605208243,-0.04797794031182588,0.1094363041528675
1772595897.205647,0.4937697139003492,0.027681861804029914,0.2163080944935346,0.8312946295909348,-0.37974603044090105,0.4058844554521015,-0.44403093794285853,-0.8929525211536568,0.0739751384920217,125,0.48072949605208243,-0.04797794031182588,0.1094363041528675
1772595897.2497058,0.4937679832787355,0.027677881790664757,0.21630505103801714,0.8312948868296894,-0.37975221019686917,0.405878146715744,-0.4440362358814188,-0.8929497832814965,0.07397638651481746,125,0.48072949605208243,-0.04797794031182588,0.1094363041528675
1772595897.249851,0.4937679832787355,0.027677881790664757,0.21630505103801714,0.8312948868296894,-0.37975221019686917,0.405878146715744,-0.4440362358814188,-0.8929497832814965,0.07397638651481746,125,0.48072949605208243,-0.04797794031182588,0.1094363041528675
1772595897.2937672,0.49376827015742336,0.027678210632764648,0.2163039887605753,0.8312949361011128,-0.37975251389090514,0.40587776165513795,-0.44403622377724905,-0.8929498408918539,0.07397576376661362,125,0.48072949605208243,-0.04797794031182588,0.1094363041528675
1772595897.310335,0.49376827015742336,0.027678210632764648,0.2163039887605753,0.8312949361011128,-0.37975251389090514,0.40587776165513795,-0.44403622377724905,-0.8929498408918539,0.07397576376661362,125,0.48072949605208243,-0.04797794031182588,0.1094363041528675
1772595897.354115,0.49376900058203976,0.02767684493193317,0.2163065863422523,0.8312937464390009,-0.3797508454680602,0.40588175925718045,-0.4440362657773182,-0.8929496632012335,0.07397765651423893,125,0.48072949605208243,-0.04797794031182588,0.1094363041528675
1772595897.3976123,0.49376900058203976,0.02767684493193317,0.2163065863422523,0.8312937464390009,-0.3797508454680602,0.40588175925718045,-0.4440362657773182,-0.8929496632012335,0.07397765651423893,125,0.48072949605208243,-0.04797794031182588,0.1094363041528675
1772595897.445655,0.49376616097814807,0.02767216010549607,0.21630269183224254,0.8312930090309703,-0.37975817257770256,0.4058764140679761,-0.4440439257673516,-0.8929455576875998,0.07398123407391971,125,0.48072949605208243,-0.04797794031182588,0.1094363041528675
1772595897.445779,0.49376616097814807,0.02767216010549607,0.21630269183224254,0.8312930090309703,-0.37975817257770256,0.4058764140679761,-0.4440439257673516,-0.8929455576875998,0.07398123407391971,125,0.48072949605208243,-0.04797794031182588,0.1094363041528675
1772595897.4895635,0.4937686024454642,0.02767681142079701,0.21630542718855497,0.8312951008763831,-0.3797500792536772,0.4058797020864064,-0.4440356865284615,-0.892949763853292,0.07397991838024719,125,0.48072949605208243,-0.04797794031182588,0.1094363041528675
1772595897.510404,0.4937686024454642,0.02767681142079701,0.21630542718855497,0.8312951008763831,-0.3797500792536772,0.4058797020864064,-0.4440356865284615,-0.892949763853292,0.07397991838024719,125,0.48072949605208243,-0.04797794031182588,0.1094363041528675
1772595897.553656,0.49376769207763405,0.027674861758495442,0.21630508610380556,0.831294127846069,-0.3797539479919849,0.4058780752801806,-0.44403910941863123,-0.8929481224874749,0.07397918526722505,125,0.48072949605208243,-0.04797794031182588,0.1094363041528675
1772595897.6016116,0.49376777337216754,0.02767512451899857,0.21630483463516129,0.8312921034488774,-0.3797579733015538,0.40587845527625266,-0.4440424792845391,-0.8929466865232905,0.07397629091753655,125,0.48072949605208243,-0.04797794031182588,0.1094363041528675
1772595897.6456468,0.49376811901832274,0.02767771495325997,0.21630415217783502,0.8312951644713408,-0.3797527689813029,0.4058770552489997,-0.4440370600918981,-0.8929492526449779,0.07397784442466003,125,0.48072949605208243,-0.04797794031182588,0.1094363041528675
1772595897.6457827,0.49376811901832274,0.02767771495325997,0.21630415217783502,0.8312951644713408,-0.3797527689813029,0.4058770552489997,-0.4440370600918981,-0.8929492526449779,0.07397784442466003,125,0.48072949605208243,-0.04797794031182588,0.1094363041528675
1772595897.6896684,0.4937669822682129,0.02767545798753361,0.21630333972995958,0.8312949463270176,-0.3797541886471517,0.4058761737477385,-0.44403927399418675,-0.8929479395012019,0.07398040613076966,125,0.48072949605208243,-0.04797794031182588,0.1094363041528675
1772595897.7103593,0.4937669822682129,0.02767545798753361,0.21630333972995958,0.8312949463270176,-0.3797541886471517,0.4058761737477385,-0.44403927399418675,-0.8929479395012019,0.07398040613076966,125,0.48072949605208243,-0.04797794031182588,0.1094363041528675
1772595897.7578468,0.4937672165475026,0.02767440670264249,0.2163038195029362,0.8312955535030445,-0.3797526198273394,0.4058763980084815,-0.4440378820015854,-0.8929485799498932,0.07398103076475442,125,0.48072949605208243,-0.04797794031182588,0.1094363041528675
1772595897.801679,0.4937662723201584,0.027674475366082592,0.2163027406194435,0.8312953124634739,-0.3797526775239123,0.40587683771025246,-0.44403802967396344,-0.8929485154639454,0.0739809227706724,125,0.48072949605208243,-0.04797794031182588,0.1094363041528675
1772595897.8456821,0.4937634384656736,0.027673416704012292,0.21629928613194332,0.8312968729791234,-0.3797566972662609,0.4058698804500684,-0.44404144573867904,-0.8929465726453344,0.07398386896651646,125,0.48072949605208243,-0.04797794031182588,0.1094363041528675
1772595897.8458226,0.4937634384656736,0.027673416704012292,0.21629928613194332,0.8312968729791234,-0.3797566972662609,0.4058698804500684,-0.44404144573867904,-0.8929465726453344,0.07398386896651646,125,0.48072949605208243,-0.04797794031182588,0.1094363041528675
