timestamp,ee_x,ee_y,ee_z,pose_6d_0,pose_6d_1,pose_6d_2,pose_6d_3,pose_6d_4,pose_6d_5,gripper,obj_x,obj_y,obj_z
1768361879.5960715,0.32882004322593217,-0.01791313828156564,0.46496275784957186,0.9644965236332246,-0.2052688939398357,0.16616599255004305,-0.21011617102240673,-0.9776034618164258,0.011944292336625636,3,0.48072949605208243,-0.04797794031182588,0.1094363041528675
1768361879.6400614,0.32881989413554846,-0.01790842485139626,0.4649605003478827,0.9644995352038062,-0.20525737968077504,0.16616273552822824,-0.21010487846755113,-0.9776058486673653,0.011947581156692394,3,0.48072949605208243,-0.04797794031182588,0.1094363041528675
1768361879.6842294,0.3288188321700373,-0.017909113679688473,0.4649559709186766,0.964501074697635,-0.20525714129368444,0.16615409370536766,-0.2101055049995974,-0.9776056175174128,0.01195547436376895,3,0.48072949605208243,-0.04797794031182588,0.1094363041528675
1768361879.6843626,0.3288188321700373,-0.017909113679688473,0.4649559709186766,0.964501074697635,-0.20525714129368444,0.16615409370536766,-0.2101055049995974,-0.9776056175174128,0.01195547436376895,3,0.48072949605208243,-0.04797794031182588,0.1094363041528675
1768361879.7281249,0.3288206369137919,-0.01790928738909686,0.46495949774339956,0.9644997268768413,-0.20525632435797384,0.16616292656773093,-0.2101046861655854,-0.9776058245851765,0.011952932209234629,3,0.48072949605208243,-0.04797794031182588,0.1094363041528675
1768361879.7445776,0.3288216003686146,-0.017910903528202942,0.4649521717130803,0.9645017621627962,-0.20526010105319697,0.16614644654789681,-0.21010918593415012,-0.9776047475394288,0.011961921854748425,3,0.48072949605208243,-0.04797794031182588,0.1094363041528675
1768361879.7881224,0.3288216003686146,-0.017910903528202942,0.4649521717130803,0.9645017621627962,-0.20526010105319697,0.16614644654789681,-0.21010918593415012,-0.9776047475394288,0.011961921854748425,3,0.48072949605208243,-0.04797794031182588,0.1094363041528675
1768361879.832067,0.3288219516080387,-0.017912748803191395,0.46494208433626993,0.9645051412781268,-0.20526672288584355,0.1661186471283928,-0.21011497807371302,-0.977603471914598,0.01196443436219776,3,0.48072949605208243,-0.04797794031182588,0.1094363041528675
1768361879.876192,0.3288244081476234,-0.017920484982924534,0.46493859631288004,0.9645026778570067,-0.20528660718176567,0.16610837823078795,-0.21013388250176562,-0.9775994659273026,0.01195975097511522,3,0.48072949605208243,-0.04797794031182588,0.1094363041528675
1768361879.920612,0.3288246714331902,-0.01791701342909917,0.4649303540015661,0.9645081692930558,-0.20527768774087957,0.16608751392779592,-0.21012620914024172,-0.9776009369039894,0.011974322393918681,3,0.48072949605208243,-0.04797794031182588,0.1094363041528675
1768361879.920758,0.3288246714331902,-0.01791701342909917,0.4649303540015661,0.9645081692930558,-0.20527768774087957,0.16608751392779592,-0.21012620914024172,-0.9776009369039894,0.011974322393918681,3,0.48072949605208243,-0.04797794031182588,0.1094363041528675
1768361879.9643776,0.3288246714331902,-0.01791701342909917,0.4649303540015661,0.9645081692930558,-0.20527768774087957,0.16608751392779592,-0.21012620914024172,-0.9776009369039894,0.011974322393918681,3,0.48072949605208243,-0.04797794031182588,0.1094363041528675
1768361879.978028,0.3288246714331902,-0.01791701342909917,0.4649303540015661,0.9645081692930558,-0.20527768774087957,0.16608751392779592,-0.21012620914024172,-0.9776009369039894,0.011974322393918681,3,0.48072949605208243,-0.04797794031182588,0.1094363041528675
1768361880.024163,0.3288268138450069,-0.01791703672116787,0.4649230122824311,0.9645115407985612,-0.20528041646247286,0.16606456058828126,-0.21012849590895877,-0.9776003987754349,0.011978126779649271,3,0.48072949605208243,-0.04797794031182588,0.1094363041528675
1768361880.0723703,0.32882894747312397,-0.017915422967511637,0.46492791549474327,0.9645109654031064,-0.20527479598136147,0.1660748498478258,-0.21012283562065118,-0.977601649757951,0.0119753221780967,3,0.48072949605208243,-0.04797794031182588,0.1094363041528675
1768361880.1161282,0.3288302409940461,-0.017914632842968577,0.4649219077685477,0.9645121567836707,-0.2052813527753618,0.16605982542213515,-0.21012997689378454,-0.9776000231531781,0.011982801906236157,3,0.48072949605208243,-0.04797794031182588,0.1094363041528675
1768361880.116251,0.3288302409940461,-0.017914632842968577,0.4649219077685477,0.9645121567836707,-0.2052813527753618,0.16605982542213515,-0.21012997689378454,-0.9776000231531781,0.011982801906236157,3,0.48072949605208243,-0.04797794031182588,0.1094363041528675
1768361880.1600327,0.32882970176325377,-0.01791696809734983,0.4649222381396728,0.9645124302340431,-0.20528120559029542,0.16605841910428853,-0.2101293751210169,-0.9776001816359605,0.011980424724877814,3,0.48072949605208243,-0.04797794031182588,0.1094363041528675
1768361880.178094,0.32882970176325377,-0.01791696809734983,0.4649222381396728,0.9645124302340431,-0.20528120559029542,0.16605841910428853,-0.2101293751210169,-0.9776001816359605,0.011980424724877814,3,0.48072949605208243,-0.04797794031182588,0.1094363041528675
1768361880.2200441,0.32883121421337624,-0.0179143714957264,0.46490496823881766,0.9645209656071068,-0.20527261346101855,0.16601945990521072,-0.21012133756925339,-0.9776017177519616,0.011996038784634414,3,0.48072949605208243,-0.04797794031182588,0.1094363041528675
1768361880.2641304,0.3288355950409993,-0.01789648661736409,0.4649245793231395,0.9645229912541349,-0.20522737881862088,0.1660636092749247,-0.21007742902850826,-0.9776111669756866,0.011994999675239208,3,0.48072949605208243,-0.04797794031182588,0.1094363041528675
1768361880.308117,0.3288355724128251,-0.01789128684131378,0.4649215658119674,0.9645268193119437,-0.2052147817754386,0.1660569425493692,-0.21006433561415708,-0.9776139810458734,0.011994955882442225,3,0.48072949605208243,-0.04797794031182588,0.1094363041528675
1768361880.356071,0.328837994953118,-0.017900387866485498,0.46491577965982045,0.9645267331865072,-0.2052335629232434,0.16603423026109895,-0.21008058358045317,-0.9776106185023076,0.01198444800699311,3,0.48072949605208243,-0.04797794031182588,0.1094363041528675
1768361880.356164,0.328837994953118,-0.017900387866485498,0.46491577965982045,0.9645267331865072,-0.2052335629232434,0.16603423026109895,-0.21008058358045317,-0.9776106185023076,0.01198444800699311,3,0.48072949605208243,-0.04797794031182588,0.1094363041528675
1768361880.4001222,0.32886118477966436,-0.01789533495774218,0.46493615796319687,0.964521087299307,-0.205243042786157,0.16605530868612062,-0.21008452270807984,-0.9776102758495934,0.011943277263824496,3,0.48072949605208243,-0.04797794031182588,0.1094363041528675
1768361880.4113605,0.32886118477966436,-0.01789533495774218,0.46493615796319687,0.964521087299307,-0.205243042786157,0.16605530868612062,-0.21008452270807984,-0.9776102758495934,0.011943277263824496,3,0.48072949605208243,-0.04797794031182588,0.1094363041528675
1768361880.453897,0.3288858150303795,-0.017859137011355348,0.4650070127249909,0.9645166915204544,-0.20514535037774778,0.16620149517025376,-0.20998806154827837,-0.9776313320175183,0.011916067507769412,3,0.48072949605208243,-0.04797794031182588,0.1094363041528675
1768361880.496048,0.3290013096176188,-0.017662395716648745,0.465135821079732,0.9646096084848168,-0.20457080602643946,0.16637033551826907,-0.20944423615284213,-0.9777456784551029,0.012103726893939671,3,0.48072949605208243,-0.04797794031182588,0.1094363041528675
1768361880.5404053,0.32944198341838277,-0.0171628527591307,0.4657249711990116,0.9647888181805655,-0.20304500570637546,0.1671982714367766,-0.20797445679614868,-0.9780565114143662,0.012332307176951801,3,0.48072949605208243,-0.04797794031182588,0.1094363041528675
1768361880.5842342,0.3301999140373942,-0.01639930818203558,0.4667575918004513,0.9649828308589457,-0.20092942605512495,0.16862829505339252,-0.2059178055459139,-0.9784900684134021,0.012451641477773497,3,0.48072949605208243,-0.04797794031182588,0.1094363041528675
1768361880.5844147,0.3301999140373942,-0.01639930818203558,0.4667575918004513,0.9649828308589457,-0.20092942605512495,0.16862829505339252,-0.2059178055459139,-0.9784900684134021,0.012451641477773497,3,0.48072949605208243,-0.04797794031182588,0.1094363041528675
1768361880.6281152,0.3326721801123438,-0.01448972090471404,0.4698795316175247,0.9653373158698872,-0.19582295683126633,0.17256081874800422,-0.20090134156443418,-0.9795342742010875,0.012298643134883224,3,0.48072949605208243,-0.04797794031182588,0.1094363041528675
1768361880.6472301,0.3326721801123438,-0.01448972090471404,0.4698795316175247,0.9653373158698872,-0.19582295683126633,0.17256081874800422,-0.20090134156443418,-0.9795342742010875,0.012298643134883224,3,0.48072949605208243,-0.04797794031182588,0.1094363041528675
1768361880.688054,0.3363628341289216,-0.012561296558154793,0.4741639341077205,0.9653900564507689,-0.19113160982618163,0.17745632316498017,-0.1962930007086203,-0.9804738900159962,0.011832534373755168,3,0.48072949605208243,-0.04797794031182588,0.1094363041528675
1768361880.732203,0.3386942068042627,-0.011652069657587034,0.47651171321656693,0.9653770472263282,-0.18910698677837004,0.17968223128673827,-0.19426549531806378,-0.9808827902306739,0.011396015010310703,3,0.48072949605208243,-0.04797794031182588,0.1094363041528675
1768361880.7761521,0.3412633814680783,-0.010695007334258627,0.4786891251218382,0.9654895533669069,-0.18701722486543135,0.18125804793995606,-0.1921641609128398,-0.9812999851631691,0.011102899595531169,3,0.48072949605208243,-0.04797794031182588,0.1094363041528675
1768361880.8241248,0.34403107889451584,-0.009745926362565712,0.48105160043829454,0.9655300853958622,-0.1850841147310528,0.18301782609811992,-0.19020860689904157,-0.9816854172140566,0.010697078610048025,3,0.48072949605208243,-0.04797794031182588,0.1094363041528675
1768361880.8242679,0.34403107889451584,-0.009745926362565712,0.48105160043829454,0.9655300853958622,-0.1850841147310528,0.18301782609811992,-0.19020860689904157,-0.9816854172140566,0.010697078610048025,3,0.48072949605208243,-0.04797794031182588,0.1094363041528675
1768361880.8720691,0.3499747989662339,-0.007870434277975333,0.48489619629140623,0.9658409488216863,-0.18239645105102814,0.18407280142165225,-0.18734089526040743,-0.9822471948512054,0.009686958757388186,3,0.48072949605208243,-0.04797794031182588,0.1094363041528675
1768361880.8780081,0.3499747989662339,-0.007870434277975333,0.48489619629140623,0.9658409488216863,-0.18239645105102814,0.18407280142165225,-0.18734089526040743,-0.9822471948512054,0.009686958757388186,3,0.48072949605208243,-0.04797794031182588,0.1094363041528675
1768361880.920339,0.35629243987060305,-0.0055314576736025765,0.4881244057763137,0.9662013637426845,-0.1817451823543941,0.18282126077878583,-0.1859043138538952,-0.9825511614118603,0.005727241807112843,3,0.48072949605208243,-0.04797794031182588,0.1094363041528675
1768361880.9640672,0.3595863670286646,-0.0039703006874566085,0.48974255519067783,0.9663289506608937,-0.18222620611089557,0.18166444044183633,-0.1856095756995867,-0.9826221812699317,0.001653567337847446,3,0.48072949605208243,-0.04797794031182588,0.1094363041528675
1768361881.00811,0.3628783977050805,-0.0023889285325940438,0.49091091053960323,0.9666325555631441,-0.18261304387753635,0.17964959986386325,-0.18525647438975013,-0.9826879676870146,-0.0020968690576485954,3,0.48072949605208243,-0.04797794031182588,0.1094363041528675
1768361881.052289,0.3628783977050805,-0.0023889285325940438,0.49091091053960323,0.9666325555631441,-0.18261304387753635,0.17964959986386325,-0.18525647438975013,-0.9826879676870146,-0.0020968690576485954,3,0.48072949605208243,-0.04797794031182588,0.1094363041528675
1768361881.0525212,0.3628783977050805,-0.0023889285325940438,0.49091091053960323,0.9666325555631441,-0.18261304387753635,0.17964959986386325,-0.18525647438975013,-0.9826879676870146,-0.0020968690576485954,3,0.48072949605208243,-0.04797794031182588,0.1094363041528675
1768361881.0962608,0.36977218766874087,0.0008031797568202916,0.4932015574402693,0.9671788279727035,-0.18386907262805918,0.17537753234734865,-0.18497569031112543,-0.9826905762463157,-0.010159987726694897,3,0.48072949605208243,-0.04797794031182588,0.1094363041528675
1768361881.1119134,0.3732496302687955,0.002935892094664435,0.4942534237708296,0.967502882097385,-0.18471751345768944,0.17267777319406827,-0.18474075408276186,-0.9826557455841327,-0.016079162024958977,3,0.48072949605208243,-0.04797794031182588,0.1094363041528675
1768361881.1521442,0.3767340639182885,0.00522756808965889,0.49519054925682415,0.9678580924910063,-0.18567396132377534,0.16963458634962375,-0.18452402617919572,-0.9825667358636123,-0.022660391367884475,3,0.48072949605208243,-0.04797794031182588,0.1094363041528675
1768361881.1962276,0.38021734470048846,0.007595454614223233,0.49598205640200094,0.9682474112458797,-0.186661235477466,0.16629652367286155,-0.18434074837148473,-0.9824219469953772,-0.029421192220117305,3,0.48072949605208243,-0.04797794031182588,0.1094363041528675
1768361881.240114,0.38375590126701664,0.00984194558437719,0.4968974064295726,0.9685375411988862,-0.18777570576911642,0.16332579591517743,-0.18435371513726992,-0.9822004075824785,-0.0360009313754461,3,0.48072949605208243,-0.04797794031182588,0.1094363041528675
1768361881.2841084,0.3872029169763987,0.011858053627191107,0.49754338266616077,0.968836029185829,-0.18901646711779474,0.16009223500764658,-0.18462671770423433,-0.9819107686411471,-0.04200258963817567,3,0.48072949605208243,-0.04797794031182588,0.1094363041528675
1768361881.284238,0.3872029169763987,0.011858053627191107,0.49754338266616077,0.968836029185829,-0.18901646711779474,0.16009223500764658,-0.18462671770423433,-0.9819107686411471,-0.04200258963817567,3,0.48072949605208243,-0.04797794031182588,0.1094363041528675
1768361881.3283026,0.3941227744591968,0.01562674863210574,0.4990271265657297,0.9692481466665022,-0.19165987449746666,0.15435194424161283,-0.18543517583281496,-0.9811771368907505,-0.0539001076689329,3,0.48072949605208243,-0.04797794031182588,0.1094363041528675
1768361881.3448312,0.39755604131306466,0.017260981456543294,0.4997791264274903,0.9694093815196912,-0.19282228173053767,0.15187171787347062,-0.18582169742486926,-0.9808015425234647,-0.05914922611271099,3,0.48072949605208243,-0.04797794031182588,0.1094363041528675
1768361881.3881073,0.40107609950445317,0.018626043666729257,0.5005155416041445,0.969547135225592,-0.19382635631401093,0.14969868460972618,-0.18623357297437818,-0.9804635993646116,-0.06331024102140007,3,0.48072949605208243,-0.04797794031182588,0.1094363041528675
1768361881.4320986,0.40107609950445317,0.018626043666729257,0.5005155416041445,0.969547135225592,-0.19382635631401093,0.14969868460972618,-0.18623357297437818,-0.9804635993646116,-0.06331024102140007,3,0.48072949605208243,-0.04797794031182588,0.1094363041528675
1768361881.47615,0.4046112797520202,0.01938352151259531,0.5012096601753563,0.9696027181729656,-0.19476336201275923,0.1481141510088873,-0.1868937749168864,-0.9801975339076436,-0.06544854023345206,3,0.48072949605208243,-0.04797794031182588,0.1094363041528675
1768361881.5204759,0.4157255975231133,0.019358897053161885,0.5036156686955617,0.9692772161496541,-0.19745539296981074,0.14667326286789395,-0.18989311148770033,-0.9797148874454547,-0.06402613159686994,3,0.48072949605208243,-0.04797794031182588,0.1094363041528675
1768361881.520586,0.4157255975231133,0.019358897053161885,0.5036156686955617,0.9692772161496541,-0.19745539296981074,0.14667326286789395,-0.18989311148770033,-0.9797148874454547,-0.06402613159686994,3,0.48072949605208243,-0.04797794031182588,0.1094363041528675
1768361881.5641756,0.4157255975231133,0.019358897053161885,0.5036156686955617,0.9692772161496541,-0.19745539296981074,0.14667326286789395,-0.18989311148770033,-0.9797148874454547,-0.06402613159686994,3,0.48072949605208243,-0.04797794031182588,0.1094363041528675
1768361881.5780466,0.41944061731397225,0.019322826918065125,0.5042957546956258,0.9691951563891632,-0.1982135836322385,0.14619207945525378,-0.1907849089757394,-0.9795863507059697,-0.06333798242508192,3,0.48072949605208243,-0.04797794031182588,0.1094363041528675
1768361881.6201138,0.4232086294805204,0.01929275176820531,0.5049861492574416,0.9690876692245702,-0.19902069271492423,0.14580758974814195,-0.19171930513051694,-0.9794470277789913,-0.06266759780917405,3,0.48072949605208243,-0.04797794031182588,0.1094363041528675
1768361881.6683102,0.4269571880836641,0.019264018838197262,0.505651101247274,0.9689628046008805,-0.19988197554352757,0.14545885725115767,-0.19271060707755308,-0.9792967422747401,-0.0619718685363174,3,0.48072949605208243,-0.04797794031182588,0.1094363041528675
1768361881.712362,0.4307874899146452,0.019212257346770727,0.5062802313989656,0.968807721276227,-0.20088143817137272,0.14511459951970848,-0.19384652094751148,-0.9791186077326758,-0.061239515904132666,3,0.48072949605208243,-0.04797794031182588,0.1094363041528675
1768361881.7126331,0.4307874899146452,0.019212257346770727,0.5062802313989656,0.968807721276227,-0.20088143817137272,0.14511459951970848,-0.19384652094751148,-0.9791186077326758,-0.061239515904132666,3,0.48072949605208243,-0.04797794031182588,0.1094363041528675
1768361881.756928,0.44238541096824885,0.018779706656323863,0.5085814754348192,0.9679580765224387,-0.20472326015997588,0.14541509152922044,-0.19799224751175198,-0.9783960310537443,-0.05950022137375502,3,0.48072949605208243,-0.04797794031182588,0.1094363041528675
1768361881.7784472,0.44238541096824885,0.018779706656323863,0.5085814754348192,0.9679580765224387,-0.20472326015997588,0.14541509152922044,-0.19799224751175198,-0.9783960310537443,-0.05950022137375502,3,0.48072949605208243,-0.04797794031182588,0.1094363041528675
1768361881.8201752,0.44998558134386196,0.017878632428182398,0.5097962183170662,0.9671879628863465,-0.2082330373245517,0.14555564782704694,-0.2017137471504555,-0.9777040620917661,-0.05836378311746511,3,0.48072949605208243,-0.04797794031182588,0.1094363041528675
1768361881.8641355,0.453648479498669,0.01721119674235119,0.5101598775303445,0.9667677055519899,-0.210357887164887,0.14529199155241004,-0.20395825209208698,-0.9772722960560725,-0.05779178803976387,3,0.48072949605208243,-0.04797794031182588,0.1094363041528675
1768361881.9080732,0.4572626379966453,0.01646645269427286,0.5105479881019662,0.966305862926267,-0.2125431791276147,0.14518393947213856,-0.20625883839972106,-0.9768228034548373,-0.05722326653233344,3,0.48072949605208243,-0.04797794031182588,0.1094363041528675
1768361881.952234,0.4572626379966453,0.01646645269427286,0.5105479881019662,0.966305862926267,-0.2125431791276147,0.14518393947213856,-0.20625883839972106,-0.9768228034548373,-0.05722326653233344,3,0.48072949605208243,-0.04797794031182588,0.1094363041528675
1768361881.9524446,0.4572626379966453,0.01646645269427286,0.5105479881019662,0.966305862926267,-0.2125431791276147,0.14518393947213856,-0.20625883839972106,-0.9768228034548373,-0.05722326653233344,3,0.48072949605208243,-0.04797794031182588,0.1094363041528675
1768361881.9961886,0.4640667320014994,0.014625935380136531,0.5108281417570917,0.9652661955030597,-0.2178508532632462,0.1442296001225975,-0.21182760996194783,-0.9756974804955463,-0.05606683701130171,3,0.48072949605208243,-0.04797794031182588,0.1094363041528675
1768361882.0118196,0.4672596018438459,0.013583869918917918,0.5108476185598131,0.9647355015078629,-0.22056328812174605,0.1436567021175706,-0.21466060176588145,-0.9751069226628573,-0.05556361601338318,3,0.48072949605208243,-0.04797794031182588,0.1094363041528675
1768361882.0520878,0.4702482800955843,0.012503496135597434,0.5106372240536725,0.9642420155975312,-0.22329784312326478,0.14274245553761616,-0.21753259986935386,-0.9745024570022539,-0.05499572065761212,3,0.48072949605208243,-0.04797794031182588,0.1094363041528675
1768361882.096107,0.4730998130011328,0.011423390147667365,0.5102008707207875,0.9638111675777394,-0.22594342537053658,0.14148357425603686,-0.22033712091465424,-0.9739101694149179,-0.05431882783388068,3,0.48072949605208243,-0.04797794031182588,0.1094363041528675
1768361882.140087,0.47573941015923177,0.010409108433247308,0.5098386283191758,0.9633740007944727,-0.2284571385010858,0.14042033492748654,-0.22297620855229666,-0.9733374524283269,-0.05381276911642263,3,0.48072949605208243,-0.04797794031182588,0.1094363041528675
1768361882.184119,0.4809134371059833,0.008610205597813593,0.5086505475111911,0.9626729810234017,-0.23320386571563978,0.13739246203048905,-0.2279533296009309,-0.9722280995713687,-0.053007564815737436,3,0.48072949605208243,-0.04797794031182588,0.1094363041528675
1768361882.184258,0.4809134371059833,0.008610205597813593,0.5086505475111911,0.9626729810234017,-0.23320386571563978,0.13739246203048905,-0.2279533296009309,-0.9722280995713687,-0.053007564815737436,3,0.48072949605208243,-0.04797794031182588,0.1094363041528675
1768361882.2281103,0.4859298402457401,0.007880360983334464,0.5076981907193864,0.962150541657774,-0.23707264171239448,0.13439828026860481,-0.23169508253664003,-0.9712571492357958,-0.05456133050700582,3,0.48072949605208243,-0.04797794031182588,0.1094363041528675
1768361882.2447271,0.4859298402457401,0.007880360983334464,0.5076981907193864,0.962150541657774,-0.23707264171239448,0.13439828026860481,-0.23169508253664003,-0.9712571492357958,-0.05456133050700582,3,0.48072949605208243,-0.04797794031182588,0.1094363041528675
1768361882.2881563,0.48848677088370146,0.008101515772900322,0.5072859821794204,0.961951140887231,-0.2388980144657869,0.13258107417749862,-0.2332122233129696,-0.9707477345728042,-0.05710424431852863,3,0.48072949605208243,-0.04797794031182588,0.1094363041528675
1768361882.3322062,0.49105046664886887,0.009072077390767933,0.5069304071627159,0.9618045581971153,-0.2407531372094447,0.1302686407201,-0.23442445398816175,-0.9701461182152764,-0.06214245476470684,3,0.48072949605208243,-0.04797794031182588,0.1094363041528675
1768361882.3802586,0.4936601911415579,0.010581390120338973,0.5069672160584222,0.9615847412366632,-0.24275205849177273,0.12816482949244165,-0.2354781581576163,-0.9694002555661569,-0.06937709664555074,3,0.48072949605208243,-0.04797794031182588,0.1094363041528675
1768361882.380447,0.4936601911415579,0.010581390120338973,0.5069672160584222,0.9615847412366632,-0.24275205849177273,0.12816482949244165,-0.2354781581576163,-0.9694002555661569,-0.06937709664555074,3,0.48072949605208243,-0.04797794031182588,0.1094363041528675
1768361882.4241724,0.4988997950178508,0.014631507069570497,0.5072091700175453,0.9611389433750712,-0.24710373728362056,0.12309213845050838,-0.2374545702748414,-0.9674104831905912,-0.08793340701085915,3,0.48072949605208243,-0.04797794031182588,0.1094363041528675
1768361882.4446273,0.5014896631799507,0.016816876210876578,0.5076027522509263,0.9608823928412585,-0.2491634450681548,0.12092396275935433,-0.2382473364666366,-0.9662645873596701,-0.09783125206803622,3,0.48072949605208243,-0.04797794031182588,0.1094363041528675
1768361882.488186,0.504126589652543,0.01894616685664289,0.5081177264465951,0.9606051493957312,-0.25113820857975167,0.11902666569201181,-0.23897510318958526,-0.9650518418452046,-0.10754460752034484,3,0.48072949605208243,-0.04797794031182588,0.1094363041528675
1768361882.5321662,0.5067595970158579,0.02096973360409716,0.5084444872878608,0.9603965242087668,-0.2528930662109301,0.11697697786382434,-0.2396123878452963,-0.9638525968877777,-0.11650783262837984,3,0.48072949605208243,-0.04797794031182588,0.1094363041528675
1768361882.5760357,0.5094411581266048,0.022503358123726124,0.5089728197277126,0.9601610244639401,-0.25422376531321705,0.116021912802401,-0.2400435453599588,-0.9628946547954841,-0.1233409100716691,3,0.48072949605208243,-0.04797794031182588,0.1094363041528675
1768361882.6202548,0.5122192174795415,0.023612340674675145,0.5095613867617624,0.959899597480968,-0.25531754772405424,0.1157830409863694,-0.24042267243177334,-0.9621360730540279,-0.1284177382955288,3,0.48072949605208243,-0.04797794031182588,0.1094363041528675
1768361882.6204157,0.5122192174795415,0.023612340674675145,0.5095613867617624,0.959899597480968,-0.25531754772405424,0.1157830409863694,-0.24042267243177334,-0.9621360730540279,-0.1284177382955288,3,0.48072949605208243,-0.04797794031182588,0.1094363041528675
1768361882.6641524,0.5176451772483479,0.025283677806480786,0.5101255804632179,0.9594230915058647,-0.25742952584369894,0.11505377312030121,-0.24155209752280243,-0.9608635920631018,-0.1356235290424485,3,0.48072949605208243,-0.04797794031182588,0.1094363041528675
1768361882.678204,0.520387564453794,0.02579569826510111,0.5103853108229081,0.9591399927403673,-0.2584211798017216,0.11519100727007436,-0.24223465441373596,-0.960407611626824,-0.13762118924903077,3,0.48072949605208243,-0.04797794031182588,0.1094363041528675
1768361882.7240798,0.523102310902879,0.02606504210646605,0.5102692190060061,0.9588115675964537,-0.25973527698077653,0.11496940347305584,-0.24346184822888378,-0.9599888475997682,-0.13837536247845897,3,0.48072949605208243,-0.04797794031182588,0.1094363041528675
1768361882.7681055,0.5259261441649744,0.02616637157835549,0.5101387440178611,0.9583614082695062,-0.2613787840477263,0.11499801037157582,-0.2451125045135245,-0.9595766022733765,-0.1383206582567833,3,0.48072949605208243,-0.04797794031182588,0.1094363041528675
1768361882.8121781,0.5287934013753609,0.02620721134332773,0.5100602912440696,0.957800927050541,-0.26333687999544575,0.11520013791392922,-0.2470798224600499,-0.9590990582901264,-0.13813239200166902,3,0.48072949605208243,-0.04797794031182588,0.1094363041528675
1768361882.812329,0.5287934013753609,0.02620721134332773,0.5100602912440696,0.957800927050541,-0.26333687999544575,0.11520013791392922,-0.2470798224600499,-0.9590990582901264,-0.13813239200166902,3,0.48072949605208243,-0.04797794031182588,0.1094363041528675
1768361882.8588526,0.5375599240503001,0.02631928127254076,0.5091187581662342,0.9551107382318458,-0.27332622637685977,0.1142639562101916,-0.25723767816365284,-0.9564791986607097,-0.13775456240117684,3,0.48072949605208243,-0.04797794031182588,0.1094363041528675
1768361882.879319,0.5375599240503001,0.02631928127254076,0.5091187581662342,0.9551107382318458,-0.27332622637685977,0.1142639562101916,-0.25723767816365284,-0.9564791986607097,-0.13775456240117684,3,0.48072949605208243,-0.04797794031182588,0.1094363041528675
1768361882.920243,0.5436821518126725,0.02636098471016552,0.5084434058820619,0.952525572972882,-0.28249464034809413,0.11354211116270548,-0.2664873930666377,-0.9539369996834387,-0.1377993830592382,3,0.48072949605208243,-0.04797794031182588,0.1094363041528675
1768361882.9641137,0.546797815068552,0.026144602429952084,0.5081684320315188,0.9511736530401312,-0.2870509126214789,0.11344802918283077,-0.2710516657044298,-0.9526419191166108,-0.1378563326825264,3,0.48072949605208243,-0.04797794031182588,0.1094363041528675
1768361883.0084727,0.5498515492059943,0.025846701963290725,0.5077216055214593,0.9498795015735384,-0.2914320661123959,0.11312065828957213,-0.27548228398222463,-0.9513791003311958,-0.13779447980576465,3,0.48072949605208243,-0.04797794031182588,0.1094363041528675
1768361883.0521824,0.5529178485467418,0.025535083423662973,0.5076248219752046,0.9485683029699931,-0.2955128764122643,0.11353552076411011,-0.27951287825656845,-0.9501883389513611,-0.1378936960472896,3,0.48072949605208243,-0.04797794031182588,0.1094363041528675
1768361883.0523043,0.5529178485467418,0.025535083423662973,0.5076248219752046,0.9485683029699931,-0.2955128764122643,0.11353552076411011,-0.27951287825656845,-0.9501883389513611,-0.1378936960472896,3,0.48072949605208243,-0.04797794031182588,0.1094363041528675
1768361883.0961306,0.5587844666504367,0.024024822478597177,0.5073730027274964,0.9454657759981471,-0.3050111507822657,0.11429201334607775,-0.28891111926950686,-0.9473330096563075,-0.13816849850079224,3,0.48072949605208243,-0.04797794031182588,0.1094363041528675
1768361883.1113603,0.5587844666504367,0.024024822478597177,0.5073730027274964,0.9454657759981471,-0.3050111507822657,0.11429201334607775,-0.28891111926950686,-0.9473330096563075,-0.13816849850079224,3,0.48072949605208243,-0.04797794031182588,0.1094363041528675
1768361883.1521182,0.5616618414835873,0.022985230736697924,0.5075877971733597,0.9436382437864403,-0.3102440186161093,0.11530617406093266,-0.2939975610356439,-0.9457126827337534,-0.13853864378439879,3,0.48072949605208243,-0.04797794031182588,0.1094363041528675
1768361883.196061,0.564457437712242,0.02173876908149079,0.5076115831882438,0.9419053724961325,-0.31518373812994555,0.11607532244777939,-0.29883763654830503,-0.9441609272293338,-0.1387667484510182,3,0.48072949605208243,-0.04797794031182588,0.1094363041528675
1768361883.240055,0.5672582985006245,0.020332369936025423,0.5076892240021333,0.9403137430549084,-0.31952964528744604,0.11709342596639065,-0.3030684243472323,-0.9427861703811828,-0.1389379973285545,3,0.48072949605208243,-0.04797794031182588,0.1094363041528675
1768361883.284783,0.5672582985006245,0.020332369936025423,0.5076892240021333,0.9403137430549084,-0.31952964528744604,0.11709342596639065,-0.3030684243472323,-0.9427861703811828,-0.1389379973285545,3,0.48072949605208243,-0.04797794031182588,0.1094363041528675
1768361883.2849426,0.5672582985006245,0.020332369936025423,0.5076892240021333,0.9403137430549084,-0.31952964528744604,0.11709342596639065,-0.3030684243472323,-0.9427861703811828,-0.1389379973285545,3,0.48072949605208243,-0.04797794031182588,0.1094363041528675
1768361883.3284473,0.5728327210963979,0.017116985353443446,0.5075008849779714,0.9374343707098965,-0.32723667983813015,0.11888210958869057,-0.31063677662345274,-0.9403300255098911,-0.13886769290788561,3,0.48072949605208243,-0.04797794031182588,0.1094363041528675
1768361883.3446755,0.5756156529391557,0.0152810761504454,0.5071419369270925,0.9359759880690842,-0.33118926836694534,0.11942620431324566,-0.31459124470062344,-0.93905198694907,-0.13861354394400427,3,0.48072949605208243,-0.04797794031182588,0.1094363041528675
1768361883.388596,0.5809650459916635,0.011511768549617201,0.5052686585294481,0.9331793665197792,-0.33929654638044254,0.1185500886378754,-0.32300442999565065,-0.9363726182810561,-0.1373843438557128,3,0.48072949605208243,-0.04797794031182588,0.1094363041528675
1768361883.4365404,0.5835213233620579,0.009571121230201138,0.5037105499388885,0.9317833052868026,-0.3436334580516418,0.11702956248859372,-0.32764921284272563,-0.9348993679285372,-0.13641541397644194,3,0.48072949605208243,-0.04797794031182588,0.1094363041528675
1768361883.4804282,0.5859269007870029,0.007721155824894786,0.5017517900979914,0.9304612401898095,-0.34795344257975314,0.11476185037433147,-0.33237703024883125,-0.9334040629979018,-0.1352122958239269,3,0.48072949605208243,-0.04797794031182588,0.1094363041528675
1768361883.5241573,0.5859269007870029,0.007721155824894786,0.5017517900979914,0.9304612401898095,-0.34795344257975314,0.11476185037433147,-0.33237703024883125,-0.9334040629979018,-0.1352122958239269,3,0.48072949605208243,-0.04797794031182588,0.1094363041528675
1768361883.5242398,0.5859269007870029,0.007721155824894786,0.5017517900979914,0.9304612401898095,-0.34795344257975314,0.11476185037433147,-0.33237703024883125,-0.9334040629979018,-0.1352122958239269,3,0.48072949605208243,-0.04797794031182588,0.1094363041528675
1768361883.568175,0.5901855749755517,0.0040775161599294445,0.49673722609594545,0.9280319407749883,-0.3564389828238156,0.1082033660517679,-0.3419369740570647,-0.9303865311688503,-0.132136325029466,3,0.48072949605208243,-0.04797794031182588,0.1094363041528675
1768361883.5782452,0.5919601990704804,0.0024263387652560617,0.49348569021393374,0.9272558113754271,-0.3598055838485371,0.10361757622098554,-0.34601980013860356,-0.9291735847625863,-0.13002594853138327,3,0.48072949605208243,-0.04797794031182588,0.1094363041528675
1768361883.6200106,0.5936401340082658,0.0008062241121797424,0.4900241826245099,0.9267638046626154,-0.362424549496935,0.09877902757780815,-0.3493943069860573,-0.9282381686106704,-0.12766174282079054,3,0.48072949605208243,-0.04797794031182588,0.1094363041528675
1768361883.6641016,0.5952873198543485,-0.0006756685809816403,0.4864567052975235,0.9263745745331308,-0.3647354924069088,0.09379855136008788,-0.3524671824994961,-0.9274117198436972,-0.1251973927740622,3,0.48072949605208243,-0.04797794031182588,0.1094363041528675
1768361883.7081575,0.5969438421460085,-0.001974523984698417,0.482590106644675,0.9261117006420075,-0.36675088697519376,0.08837932358237138,-0.35528850935303524,-0.9266922687708413,-0.12252148432846013,3,0.48072949605208243,-0.04797794031182588,0.1094363041528675
1768361883.7527735,0.5985954890267307,-0.003172291402970274,0.47859263324582624,0.9258967752496169,-0.3685968478941415,0.08277394097700114,-0.357946233640702,-0.9260326726146094,-0.11974131731645533,3,0.48072949605208243,-0.04797794031182588,0.1094363041528675
1768361883.7530224,0.5985954890267307,-0.003172291402970274,0.47859263324582624,0.9258967752496169,-0.3685968478941415,0.08277394097700114,-0.357946233640702,-0.9260326726146094,-0.11974131731645533,3,0.48072949605208243,-0.04797794031182588,0.1094363041528675
1768361883.796135,0.6022750421595721,-0.005519793421933809,0.4704020373803249,0.9253928931043,-0.3721679272867761,0.07168700922147245,-0.36308705819504156,-0.9247616509199051,-0.1139459396343848,3,0.48072949605208243,-0.04797794031182588,0.1094363041528675
1768361883.8112655,0.604300838404176,-0.006847953709561646,0.46622988512559593,0.924976936235275,-0.3742014712351159,0.06626406536184726,-0.36587101691187646,-0.9240299843964835,-0.11093686006059522,3,0.48072949605208243,-0.04797794031182588,0.1094363041528675
1768361883.8586438,0.6082916736206432,-0.009714621833264495,0.45734138363993915,0.923954611996287,-0.37857116525411094,0.05469687202148685,-0.3717626848950566,-0.9224311622934936,-0.1044665350698156,3,0.48072949605208243,-0.04797794031182588,0.1094363041528675
1768361883.900087,0.6082916736206432,-0.009714621833264495,0.45734138363993915,0.923954611996287,-0.37857116525411094,0.05469687202148685,-0.3717626848950566,-0.9224311622934936,-0.1044665350698156,3,0.48072949605208243,-0.04797794031182588,0.1094363041528675
1768361883.9442942,0.6103504904927395,-0.011302753058541372,0.4528846614756345,0.9232830500230962,-0.3809727513903166,0.04907313152979691,-0.3748762974635975,-0.921538988736539,-0.10116152350781071,3,0.48072949605208243,-0.04797794031182588,0.1094363041528675
1768361883.988131,0.6146732522560595,-0.014893616599000334,0.44384701815758787,0.9215620288496399,-0.38635070225448565,0.03816492958203163,-0.3815959736315898,-0.9195213842677604,-0.09415379324520412,3,0.48072949605208243,-0.04797794031182588,0.1094363041528675
1768361883.9883282,0.6146732522560595,-0.014893616599000334,0.44384701815758787,0.9215620288496399,-0.38635070225448565,0.03816492958203163,-0.3815959736315898,-0.9195213842677604,-0.09415379324520412,3,0.48072949605208243,-0.04797794031182588,0.1094363041528675
1768361884.0321643,0.6192191795013468,-0.01895715686207463,0.43483876603148747,0.9193539190920352,-0.39243488189075204,0.027986334620798067,-0.3888685493491899,-0.9171917774035072,-0.08683602242417568,3,0.48072949605208243,-0.04797794031182588,0.1094363041528675
1768361884.0451481,0.6192191795013468,-0.01895715686207463,0.43483876603148747,0.9193539190920352,-0.39243488189075204,0.027986334620798067,-0.3888685493491899,-0.9171917774035072,-0.08683602242417568,3,0.48072949605208243,-0.04797794031182588,0.1094363041528675
1768361884.0920422,0.6215085547200078,-0.021193704868103534,0.4305790813272565,0.918071256853794,-0.3957171103610473,0.02351884151904659,-0.3926569646943324,-0.9159154859861073,-0.08318251383474085,3,0.48072949605208243,-0.04797794031182588,0.1094363041528675
1768361884.1361444,0.6237850059105284,-0.023515719955029157,0.4264227839189277,0.9166905048449466,-0.39913015454789663,0.01932971954502308,-0.39653030198249434,-0.9145707082946114,-0.07952445623306661,3,0.48072949605208243,-0.04797794031182588,0.1094363041528675
1768361884.180264,0.6260935501266246,-0.02597167067698536,0.42255148909402135,0.9151411514643623,-0.4028256171275473,0.015754208399418934,-0.4006157359982844,-0.9130916599427233,-0.07596481168011517,3,0.48072949605208243,-0.04797794031182588,0.1094363041528675
1768361884.180415,0.6260935501266246,-0.02597167067698536,0.42255148909402135,0.9151411514643623,-0.4028256171275473,0.015754208399418934,-0.4006157359982844,-0.9130916599427233,-0.07596481168011517,3,0.48072949605208243,-0.04797794031182588,0.1094363041528675
1768361884.2242186,0.6304474873216811,-0.03089694592474293,0.4150262012444734,0.9121306661752782,-0.40979875057058474,0.009090206456997471,-0.40827461934478,-0.9102640273394378,-0.06878397873532982,3,0.48072949605208243,-0.04797794031182588,0.1094363041528675
1768361884.2448406,0.6325036283128596,-0.03322639703374998,0.41168329694706485,0.9106878835932349,-0.41304515503241235,0.006424840910499463,-0.41178503683054346,-0.9089276159575089,-0.06544976999400108,3,0.48072949605208243,-0.04797794031182588,0.1094363041528675
1768361884.2880547,0.6344664045009275,-0.03547793994953961,0.4084520384737884,0.9092814408621233,-0.4161633175970399,0.003918467854485295,-0.4151392353471655,-0.9076295079969183,-0.06219398273662019,3,0.48072949605208243,-0.04797794031182588,0.1094363041528675
1768361884.3322127,0.6361706052155639,-0.0375971897064146,0.40528713138961703,0.9079327507795893,-0.419113862115626,0.0013002477963724637,-0.4183144688787735,-0.9063840518972561,-0.05899962366813667,3,0.48072949605208243,-0.04797794031182588,0.1094363041528675
1768361884.3774178,0.6386658654111266,-0.04148603592539379,0.39885409358584206,0.9051494997455632,-0.42506465167776303,-0.004942165964327217,-0.42471620304741525,-0.9037956078610371,-0.052627427070735,3,0.48072949605208243,-0.04797794031182588,0.1094363041528675
1768361884.4201038,0.6386658654111266,-0.04148603592539379,0.39885409358584206,0.9051494997455632,-0.42506465167776303,-0.004942165964327217,-0.42471620304741525,-0.9037956078610371,-0.052627427070735,3,0.48072949605208243,-0.04797794031182588,0.1094363041528675
1768361884.4202075,0.6386658654111266,-0.04148603592539379,0.39885409358584206,0.9051494997455632,-0.42506465167776303,-0.004942165964327217,-0.42471620304741525,-0.9037956078610371,-0.052627427070735,3,0.48072949605208243,-0.04797794031182588,0.1094363041528675
1768361884.468152,0.6396857691923855,-0.04630521176243298,0.3884662787865141,0.8983180927706377,-0.43895559373789855,-0.01850921195332596,-0.43934027069691667,-0.8973009831496738,-0.04279102923030878,3,0.48072949605208243,-0.04797794031182588,0.1094363041528675
1768361884.477968,0.6396857691923855,-0.04630521176243298,0.3884662787865141,0.8983180927706377,-0.43895559373789855,-0.01850921195332596,-0.43934027069691667,-0.8973009831496738,-0.04279102923030878,3,0.48072949605208243,-0.04797794031182588,0.1094363041528675
1768361884.5200908,0.6399032865170226,-0.04748694348312098,0.38485111627796403,0.8950843599717888,-0.4452775654383317,-0.023492089119646918,-0.4458835687512768,-0.8942210728891151,-0.03945270483332611,3,0.48072949605208243,-0.04797794031182588,0.1094363041528675
1768361884.5644996,0.640343483549873,-0.04910885392733655,0.37737286664231934,0.8894740174995002,-0.45573644460528717,-0.03376781384440682,-0.456736591992172,-0.8889984725379623,-0.03276280452809474,3,0.48072949605208243,-0.04797794031182588,0.1094363041528675
1768361884.6081178,0.640343483549873,-0.04910885392733655,0.37737286664231934,0.8894740174995002,-0.45573644460528717,-0.03376781384440682,-0.456736591992172,-0.8889984725379623,-0.03276280452809474,3,0.48072949605208243,-0.04797794031182588,0.1094363041528675
1768361884.652845,0.6409321942124295,-0.05087824742476431,0.36505621094696733,0.8834506483025205,-0.4658043238410463,-0.05041114861657047,-0.46726678594942195,-0.8838423533486265,-0.02201011530316628,3,0.48072949605208243,-0.04797794031182588,0.1094363041528675
1768361884.6530116,0.6409321942124295,-0.05087824742476431,0.36505621094696733,0.8834506483025205,-0.4658043238410463,-0.05041114861657047,-0.46726678594942195,-0.8838423533486265,-0.02201011530316628,3,0.48072949605208243,-0.04797794031182588,0.1094363041528675
1768361884.6962588,0.6409321942124295,-0.05087824742476431,0.36505621094696733,0.8834506483025205,-0.4658043238410463,-0.05041114861657047,-0.46726678594942195,-0.8838423533486265,-0.02201011530316628,3,0.48072949605208243,-0.04797794031182588,0.1094363041528675
1768361884.71139,0.6410692454766512,-0.05148717999558977,0.36106529833058354,0.8814535347077681,-0.46897000053939136,-0.055738718547023794,-0.4705286875074091,-0.8821921016856873,-0.018435019824902185,3,0.48072949605208243,-0.04797794031182588,0.1094363041528675
1768361884.7538514,0.6411677781879404,-0.052243420879317125,0.3570328446919212,0.8796385881135925,-0.47170828991125396,-0.06105115503023786,-0.47333341348182084,-0.8807598183460176,-0.014752019141053853,3,0.48072949605208243,-0.04797794031182588,0.1094363041528675
1768361884.7961216,0.6412391281482487,-0.05303196763768232,0.35299841047840047,0.8779724474367969,-0.47409343377853164,-0.06633097006619054,-0.4757570965766347,-0.8795072887713016,-0.011050522843977131,3,0.48072949605208243,-0.04797794031182588,0.1094363041528675
1768361884.8402524,0.6412798518380991,-0.053841515977139265,0.3491082820371721,0.8764272974422112,-0.4762129256344677,-0.07138936725313463,-0.47788635717590355,-0.8783900656042078,-0.0074513269274724715,3,0.48072949605208243,-0.04797794031182588,0.1094363041528675
1768361884.8841267,0.6412677306662936,-0.05558388889220494,0.34166947998123337,0.8729929752948097,-0.4809653667129996,-0.08096654314311215,-0.48257410941920253,-0.8758550739689263,-0.00034397841535013796,3,0.48072949605208243,-0.04797794031182588,0.1094363041528675
1768361884.8842592,0.6412677306662936,-0.05558388889220494,0.34166947998123337,0.8729929752948097,-0.4809653667129996,-0.08096654314311215,-0.48257410941920253,-0.8758550739689263,-0.00034397841535013796,3,0.48072949605208243,-0.04797794031182588,0.1094363041528675
1768361884.9281237,0.641226454403083,-0.05645647724027841,0.3379649401581724,0.870863681338981,-0.483994521163454,-0.08570736262700311,-0.4855310234713577,-0.8742131991313007,0.0033026824662334003,3,0.48072949605208243,-0.04797794031182588,0.1094363041528675
1768361884.945114,0.641226454403083,-0.05645647724027841,0.3379649401581724,0.870863681338981,-0.483994521163454,-0.08570736262700311,-0.4855310234713577,-0.8742131991313007,0.0033026824662334003,3,0.48072949605208243,-0.04797794031182588,0.1094363041528675
1768361884.9885488,0.641169480210545,-0.05733952241685292,0.3343622975032397,0.8686336356965659,-0.4871627526919816,-0.09026660138798392,-0.4886009658874735,-0.8724799327903262,0.006918309910398646,3,0.48072949605208243,-0.04797794031182588,0.1094363041528675
1768361885.0321496,0.641082534900111,-0.05824201487653481,0.33082718919629917,0.8663543565641421,-0.49036549625820514,-0.09471963334903688,-0.4916809512550565,-0.8707117951808456,0.010526723415767757,3,0.48072949605208243,-0.04797794031182588,0.1094363041528675
1768361885.0762715,0.6409653258282539,-0.05929150862897627,0.3273587617061575,0.8639530167312401,-0.493741831536539,-0.09901610309405937,-0.49490338192708466,-0.8688320686972726,0.014194328457244696,3,0.48072949605208243,-0.04797794031182588,0.1094363041528675
1768361885.1200516,0.6406112715090919,-0.061742675627737095,0.32039184345045507,0.8591806298829485,-0.5002490000255677,-0.1075155021722894,-0.5010083887373864,-0.8651680713249956,0.02178996958592248,3,0.48072949605208243,-0.04797794031182588,0.1094363041528675
1768361885.1201432,0.6406112715090919,-0.061742675627737095,0.32039184345045507,0.8591806298829485,-0.5002490000255677,-0.1075155021722894,-0.5010083887373864,-0.8651680713249956,0.02178996958592248,3,0.48072949605208243,-0.04797794031182588,0.1094363041528675
1768361885.1641357,0.6401311606953224,-0.06477039280513634,0.313642791939289,0.8551266477086286,-0.5053822743560115,-0.11552996643879246,-0.5056213810073622,-0.8622540981908167,0.029408998985850192,3,0.48072949605208243,-0.04797794031182588,0.1094363041528675
1768361885.1805568,0.6401311606953224,-0.06477039280513634,0.313642791939289,0.8551266477086286,-0.5053822743560115,-0.11552996643879246,-0.5056213810073622,-0.8622540981908167,0.029408998985850192,3,0.48072949605208243,-0.04797794031182588,0.1094363041528675
1768361885.2243695,0.6398548047030783,-0.06646868790371491,0.310316664094799,0.8531667923869773,-0.5077917737139825,-0.1193898610289984,-0.5077251046682663,-0.8608765704375793,0.03326783072623522,3,0.48072949605208243,-0.04797794031182588,0.1094363041528675
1768361885.2682266,0.6395162158551917,-0.06830778662444884,0.30696127412922264,0.8510700464895823,-0.5103770685695147,-0.12326809744053689,-0.509966404717399,-0.8593865790446146,0.03726893904587225,3,0.48072949605208243,-0.04797794031182588,0.1094363041528675
1768361885.3123372,0.6391144768450857,-0.07015453112082691,0.3035122191734614,0.848911984065172,-0.5129754869275088,-0.1272972628221774,-0.5121864460686426,-0.8578765502977272,0.04138682052108972,3,0.48072949605208243,-0.04797794031182588,0.1094363041528675
1768361885.3125622,0.6391144768450857,-0.07015453112082691,0.3035122191734614,0.848911984065172,-0.5129754869275088,-0.1272972628221774,-0.5121864460686426,-0.8578765502977272,0.04138682052108972,3,0.48072949605208243,-0.04797794031182588,0.1094363041528675
1768361885.3561265,0.6380969851579222,-0.0737056360936849,0.2967114572154633,0.8445859336410817,-0.5180059715937818,-0.13544155229767654,-0.5163984793333948,-0.854914954764495,0.04952807953251102,3,0.48072949605208243,-0.04797794031182588,0.1094363041528675
1768361885.3791254,0.6375028008832883,-0.07530290559170115,0.29323306392786475,0.842488235663895,-0.5202762293888865,-0.13973624404863705,-0.5182264583569922,-0.8535626979679143,0.05359158979264999,3,0.48072949605208243,-0.04797794031182588,0.1094363041528675
1768361885.4201183,0.6368479245221133,-0.07664918628556007,0.28964039106516964,0.8405101994940553,-0.5222186963351749,-0.14432684346459632,-0.519712773095202,-0.8523969052501928,0.05760338012294877,3,0.48072949605208243,-0.04797794031182588,0.1094363041528675
1768361885.468144,0.6361475709845912,-0.07785123326164065,0.28592654769767534,0.838576714740277,-0.5239687688061702,-0.14915033627568636,-0.5209790160287283,-0.8513403242576532,0.06164833453234462,3,0.48072949605208243,-0.04797794031182588,0.1094363041528675
1768361885.5123863,0.6354689000681495,-0.07883059853900376,0.2822068292573935,0.8367967727826394,-0.5254055593736094,-0.15401350343351344,-0.5219217280410048,-0.8504693332395682,0.06557151071720432,3,0.48072949605208243,-0.04797794031182588,0.1094363041528675
1768361885.5125182,0.6354689000681495,-0.07883059853900376,0.2822068292573935,0.8367967727826394,-0.5254055593736094,-0.15401350343351344,-0.5219217280410048,-0.8504693332395682,0.06557151071720432,3,0.48072949605208243,-0.04797794031182588,0.1094363041528675
1768361885.5568602,0.6335453983802714,-0.08012943393308251,0.2712197387913444,0.8323596389590968,-0.5279036896237281,-0.16880499374584948,-0.5229667539542171,-0.848940429339075,0.07619659895412749,3,0.48072949605208243,-0.04797794031182588,0.1094363041528675
1768361885.5778759,0.6335453983802714,-0.08012943393308251,0.2712197387913444,0.8323596389590968,-0.5279036896237281,-0.16880499374584948,-0.5229667539542171,-0.848940429339075,0.07619659895412749,3,0.48072949605208243,-0.04797794031182588,0.1094363041528675
1768361885.624089,0.6320470041127353,-0.08008557203982361,0.26412441904596934,0.828621695664587,-0.5304997431976137,-0.1787627140687082,-0.5245711299202798,-0.8473153596290196,0.08295668141208735,3,0.48072949605208243,-0.04797794031182588,0.1094363041528675
1768361885.6681054,0.6312711368050026,-0.07998406531955782,0.2608190467460482,0.8261680726976242,-0.532754584634509,-0.18335448782619132,-0.5263046772395583,-0.8458965418802973,0.08638534106385634,3,0.48072949605208243,-0.04797794031182588,0.1094363041528675
1768361885.7120745,0.6305418269419757,-0.07986556185199463,0.2577029703907096,0.8237666521936654,-0.5349782778606991,-0.18763460488630967,-0.5280126832353946,-0.8444896087037311,0.0896655292404957,3,0.48072949605208243,-0.04797794031182588,0.1094363041528675
1768361885.7121549,0.6305418269419757,-0.07986556185199463,0.2577029703907096,0.8237666521936654,-0.5349782778606991,-0.18763460488630967,-0.5280126832353946,-0.8444896087037311,0.0896655292404957,3,0.48072949605208243,-0.04797794031182588,0.1094363041528675
1768361885.7561746,0.6292202916462468,-0.0795169428647168,0.25188694540277634,0.820291878238527,-0.5374382085135073,-0.19565634803323323,-0.5294838645457284,-0.8429252307661302,0.09551906890033582,3,0.48072949605208243,-0.04797794031182588,0.1094363041528675
1768361885.778506,0.6292202916462468,-0.0795169428647168,0.25188694540277634,0.820291878238527,-0.5374382085135073,-0.19565634803323323,-0.5294838645457284,-0.8429252307661302,0.09551906890033582,3,0.48072949605208243,-0.04797794031182588,0.1094363041528675
1768361885.8200998,0.6280945616726389,-0.07924453299644538,0.2465088304339146,0.8181589152533418,-0.537947921023498,-0.2030468508940024,-0.5290670774476066,-0.8426024034850838,0.10054460304863935,3,0.48072949605208243,-0.04797794031182588,0.1094363041528675
1768361885.8640614,0.6276220946683152,-0.07915691812762457,0.24402064966089218,0.8167237913783268,-0.5388958106303279,-0.20628512763089166,-0.5295488397818562,-0.8419987703701463,0.10303444560365163,3,0.48072949605208243,-0.04797794031182588,0.1094363041528675
1768361885.9081502,0.6271050972725427,-0.07913084051855869,0.24161339278943378,0.814690099424691,-0.5407849876117162,-0.20936007038875248,-0.5309503320814289,-0.8407873898271555,0.10568022506722508,3,0.48072949605208243,-0.04797794031182588,0.1094363041528675
1768361885.952091,0.6265155751609014,-0.07912422651775876,0.23918885448601596,0.812277216481495,-0.543199149972112,-0.2124627192112763,-0.5328470101755118,-0.83922890126487,0.10848463038042513,3,0.48072949605208243,-0.04797794031182588,0.1094363041528675
1768361885.9521937,0.6265155751609014,-0.07912422651775876,0.23918885448601596,0.812277216481495,-0.543199149972112,-0.2124627192112763,-0.5328470101755118,-0.83922890126487,0.10848463038042513,3,0.48072949605208243,-0.04797794031182588,0.1094363041528675
1768361885.9961076,0.6249432850835012,-0.07906214392127922,0.2340586469192936,0.8071050663025694,-0.5481207422366838,-0.21941983474296992,-0.5366375335492133,-0.8360143366981987,0.11445604580487923,3,0.48072949605208243,-0.04797794031182588,0.1094363041528675
1768361886.0115705,0.6249432850835012,-0.07906214392127922,0.2340586469192936,0.8071050663025694,-0.5481207422366838,-0.21941983474296992,-0.5366375335492133,-0.8360143366981987,0.11445604580487923,3,0.48072949605208243,-0.04797794031182588,0.1094363041528675
1768361886.0520556,0.6218503180972913,-0.0786704107577445,0.22803040591654616,0.8005982745507799,-0.5536151029807332,-0.2292438015256803,-0.5407299700835491,-0.8323495165512086,0.12167736745349642,3,0.48072949605208243,-0.04797794031182588,0.1094363041528675
1768361886.0961068,0.6197116824180603,-0.07830385659949227,0.22478585848156601,0.7970583154899299,-0.556226021214441,-0.23518217413806716,-0.5425536501684363,-0.830576589913986,0.1256107677540455,3,0.48072949605208243,-0.04797794031182588,0.1094363041528675
1768361886.140124,0.6171290223732263,-0.07774185663035944,0.22139179249148758,0.7936884922829103,-0.5581443465200201,-0.2419369043065163,-0.5436252317791684,-0.8292506977852848,0.12967223139772002,3,0.48072949605208243,-0.04797794031182588,0.1094363041528675
1768361886.1840858,0.6111700283332079,-0.07625379228158675,0.21438722749786146,0.7882290173609683,-0.5590829455114453,-0.2571405767832234,-0.542865256788884,-0.8285184552141991,0.13731162493036303,3,0.48072949605208243,-0.04797794031182588,0.1094363041528675
1768361886.1842048,0.6111700283332079,-0.07625379228158675,0.21438722749786146,0.7882290173609683,-0.5590829455114453,-0.2571405767832234,-0.542865256788884,-0.8285184552141991,0.13731162493036303,3,0.48072949605208243,-0.04797794031182588,0.1094363041528675
1768361886.2321823,0.6080803375568656,-0.07534369035651828,0.21091194494162738,0.7858808315448634,-0.5587182080242467,-0.2650005332683862,-0.5416707411814633,-0.8287066000229625,0.14084807143268324,3,0.48072949605208243,-0.04797794031182588,0.1094363041528675
1768361886.2447658,0.6080803375568656,-0.07534369035651828,0.21091194494162738,0.7858808315448634,-0.5587182080242467,-0.2650005332683862,-0.5416707411814633,-0.8287066000229625,0.14084807143268324,3,0.48072949605208243,-0.04797794031182588,0.1094363041528675
1768361886.2883787,0.601855969871183,-0.07352401729919567,0.20415723388654267,0.780904422547514,-0.558170635838253,-0.280417232233781,-0.539413002428599,-0.8289543204477511,0.14787950304883887,3,0.48072949605208243,-0.04797794031182588,0.1094363041528675
1768361886.3324473,0.601855969871183,-0.07352401729919567,0.20415723388654267,0.780904422547514,-0.558170635838253,-0.280417232233781,-0.539413002428599,-0.8289543204477511,0.14787950304883887,3,0.48072949605208243,-0.04797794031182588,0.1094363041528675
1768361886.3760645,0.598824279932422,-0.07282141837481157,0.2010112173076903,0.7779463525904019,-0.5587082757431158,-0.28747962555187223,-0.5390079806226146,-0.8285390001828924,0.15163615004696077,3,0.48072949605208243,-0.04797794031182588,0.1094363041528675
1768361886.4201458,0.5958106036484928,-0.07232898065298257,0.19792582347202822,0.7747742548754988,-0.5595792307516677,-0.2942718785298513,-0.5388682575232416,-0.82790283164126,0.15555674975470793,3,0.48072949605208243,-0.04797794031182588,0.1094363041528675
1768361886.4202852,0.5958106036484928,-0.07232898065298257,0.19792582347202822,0.7747742548754988,-0.5595792307516677,-0.2942718785298513,-0.5388682575232416,-0.82790283164126,0.15555674975470793,3,0.48072949605208243,-0.04797794031182588,0.1094363041528675
1768361886.464103,0.5902839821490147,-0.07174599614103727,0.19247322189814925,0.7688834026054077,-0.5610959845892955,-0.3065772484639056,-0.5386406290176391,-0.8267651294468421,0.16225194452526112,3,0.48072949605208243,-0.04797794031182588,0.1094363041528675
1768361886.4781334,0.5875405691519635,-0.0717113803182062,0.1898188332909765,0.7658136110345396,-0.562023013966505,-0.31250543183478424,-0.5386592038388691,-0.8260806508950244,0.1656412398424037,3,0.48072949605208243,-0.04797794031182588,0.1094363041528675
1768361886.5204253,0.5822144301514642,-0.071788776406975,0.18485594077355288,0.7594622873429662,-0.5643208375864023,-0.3236649909544922,-0.5391841058178465,-0.8243961070286474,0.17219627972003443,3,0.48072949605208243,-0.04797794031182588,0.1094363041528675
1768361886.5643318,0.5822144301514642,-0.071788776406975,0.18485594077355288,0.7594622873429662,-0.5643208375864023,-0.3236649909544922,-0.5391841058178465,-0.8243961070286474,0.17219627972003443,3,0.48072949605208243,-0.04797794031182588,0.1094363041528675
1768361886.6121554,0.5769728887424863,-0.07155677851848573,0.18000876910575814,0.7535677134740086,-0.5657513659935017,-0.3347552734252912,-0.5388909633263624,-0.8232897716215093,0.17829885470352358,3,0.48072949605208243,-0.04797794031182588,0.1094363041528675
1768361886.612277,0.5769728887424863,-0.07155677851848573,0.18000876910575814,0.7535677134740086,-0.5657513659935017,-0.3347552734252912,-0.5388909633263624,-0.8232897716215093,0.17829885470352358,3,0.48072949605208243,-0.04797794031182588,0.1094363041528675
1768361886.6602674,0.5745360940449084,-0.07138839838482249,0.17779957854462813,0.7507775886355459,-0.5664217713320894,-0.33985201097479595,-0.5387556126154451,-0.8227666981339736,0.1811003874017803,3,0.48072949605208243,-0.04797794031182588,0.1094363041528675
1768361886.6778724,0.5745360940449084,-0.07138839838482249,0.17779957854462813,0.7507775886355459,-0.5664217713320894,-0.33985201097479595,-0.5387556126154451,-0.8227666981339736,0.1811003874017803,3,0.48072949605208243,-0.04797794031182588,0.1094363041528675
1768361886.72014,0.5703151375221465,-0.07091672040927303,0.17400375564745332,0.7456290693743435,-0.5679352363516867,-0.34854964956818524,-0.5388095043673566,-0.8216116373901334,0.1861145757551193,3,0.48072949605208243,-0.04797794031182588,0.1094363041528675
1768361886.7677438,0.5684304515945159,-0.07070781268801717,0.17232517810643175,0.7430539006640222,-0.5689873020570432,-0.3523128592683332,-0.5391664707424716,-0.8208318551927312,0.18850618644481312,3,0.48072949605208243,-0.04797794031182588,0.1094363041528675
1768361886.8081317,0.5667145822299836,-0.07055055644262934,0.17084362263981787,0.7405201811888008,-0.5702414010275827,-0.3556045638152094,-0.5397616606383215,-0.8199135300294621,0.19078562047383882,3,0.48072949605208243,-0.04797794031182588,0.1094363041528675
1768361886.8521686,0.5651573797077738,-0.0704581462268162,0.16951130068281883,0.7381521212856659,-0.5714751012574895,-0.3585354298869415,-0.5403784809160921,-0.8190110780975695,0.19290399507598024,3,0.48072949605208243,-0.04797794031182588,0.1094363041528675
1768361886.8522925,0.5651573797077738,-0.0704581462268162,0.16951130068281883,0.7381521212856659,-0.5714751012574895,-0.3585354298869415,-0.5403784809160921,-0.8190110780975695,0.19290399507598024,3,0.48072949605208243,-0.04797794031182588,0.1094363041528675
1768361886.8961248,0.562388093027475,-0.07021339368683045,0.1671475061432783,0.7342358891831461,-0.5731598960752219,-0.36384803499053814,-0.5410017904693821,-0.8177538677864916,0.19645781844751303,3,0.48072949605208243,-0.04797794031182588,0.1094363041528675
1768361886.9113023,0.562388093027475,-0.07021339368683045,0.1671475061432783,0.7342358891831461,-0.5731598960752219,-0.36384803499053814,-0.5410017904693821,-0.8177538677864916,0.19645781844751303,3,0.48072949605208243,-0.04797794031182588,0.1094363041528675
1768361886.9563487,0.5595889868379187,-0.07005056563586863,0.16482308074210372,0.7301598467380496,-0.5750316696222415,-0.36905985577264444,-0.5417675108973508,-0.8163584982898876,0.20011688186149756,3,0.48072949605208243,-0.04797794031182588,0.1094363041528675
1768361887.00047,0.5581143321054922,-0.06999703634756044,0.1636102533963277,0.7277639857061335,-0.5763750968402626,-0.37168713839935447,-0.5424834010175981,-0.8153675173525978,0.20220675376119673,3,0.48072949605208243,-0.04797794031182588,0.1094363041528675
1768361887.0440419,0.5565373960910429,-0.06995366688608717,0.16237494358163407,0.7251565375124897,-0.577900640237186,-0.37440465557515146,-0.5433433744337692,-0.8142391964269747,0.2044321610238446,3,0.48072949605208243,-0.04797794031182588,0.1094363041528675
1768361887.0880382,0.554813282307397,-0.069880656577409,0.1611238754873189,0.7223560027950329,-0.5795325703117825,-0.3772847799392408,-0.5442800353675995,-0.8130234430816485,0.20676586783099893,3,0.48072949605208243,-0.04797794031182588,0.1094363041528675
1768361887.0881479,0.554813282307397,-0.069880656577409,0.1611238754873189,0.7223560027950329,-0.5795325703117825,-0.3772847799392408,-0.5442800353675995,-0.8130234430816485,0.20676586783099893,3,0.48072949605208243,-0.04797794031182588,0.1094363041528675
1768361887.1321657,0.5509075159644913,-0.06962048661118783,0.1586377390571631,0.7163098755332921,-0.5829396282876551,-0.3835121275596524,-0.5462172954308298,-0.8104536360491476,0.21168743464586248,3,0.48072949605208243,-0.04797794031182588,0.1094363041528675
1768361887.1451268,0.5509075159644913,-0.06962048661118783,0.1586377390571631,0.7163098755332921,-0.5829396282876551,-0.3835121275596524,-0.5462172954308298,-0.8104536360491476,0.21168743464586248,3,0.48072949605208243,-0.04797794031182588,0.1094363041528675
1768361887.1882875,0.5460172051833603,-0.06927779054614543,0.15588279213939282,0.7101143888172962,-0.5852602880732786,-0.3914178713332096,-0.5470048876587527,-0.8086040689929409,0.21666820829437533,3,0.48072949605208243,-0.04797794031182588,0.1094363041528675
1768361887.2323742,0.5433811859732777,-0.06905113776217678,0.15452159401480542,0.7073154599455249,-0.5857321678851606,-0.3957558181841435,-0.5467778758956081,-0.8081623470089982,0.21887799183105333,3,0.48072949605208243,-0.04797794031182588,0.1094363041528675
1768361887.2802172,0.5405756224432816,-0.06882341868044689,0.1531350622166982,0.7045249025298985,-0.5859599777662523,-0.4003692872479233,-0.5463116959625098,-0.8078877283104673,0.22104512955484623,3,0.48072949605208243,-0.04797794031182588,0.1094363041528675
1768361887.2803502,0.5405756224432816,-0.06882341868044689,0.1531350622166982,0.7045249025298985,-0.5859599777662523,-0.4003692872479233,-0.5463116959625098,-0.8078877283104673,0.22104512955484623,3,0.48072949605208243,-0.04797794031182588,0.1094363041528675
1768361887.324077,0.5375816281361754,-0.06859587776576061,0.1515534968000699,0.7015534418432307,-0.5860733845859963,-0.40538963494128905,-0.5456413173446774,-0.8076896993237032,0.22341195673631914,3,0.48072949605208243,-0.04797794031182588,0.1094363041528675
1768361887.3448,0.5375816281361754,-0.06859587776576061,0.1515534968000699,0.7015534418432307,-0.5860733845859963,-0.40538963494128905,-0.5456413173446774,-0.8076896993237032,0.22341195673631914,3,0.48072949605208243,-0.04797794031182588,0.1094363041528675
1768361887.3883324,0.531772772779922,-0.06809906927172725,0.14847076276258336,0.6957567972656732,-0.5861777026419163,-0.41511224986027434,-0.5441966494965406,-0.8073844655934413,0.22799195467194217,3,0.48072949605208243,-0.04797794031182588,0.1094363041528675
1768361887.432088,0.5259252336922965,-0.06776620743831235,0.14526352405989437,0.6896050951650351,-0.5865099773453757,-0.4247950790637177,-0.5428122098510213,-0.8069139112764218,0.23290522670227515,3,0.48072949605208243,-0.04797794031182588,0.1094363041528675
1768361887.4801393,0.5231238381015962,-0.06770959461376377,0.14382112540223066,0.6866319056929453,-0.5867743034996828,-0.4292231853441008,-0.5421965568881517,-0.8066204445558789,0.23534305199667513,3,0.48072949605208243,-0.04797794031182588,0.1094363041528675
1768361887.4802651,0.5231238381015962,-0.06770959461376377,0.14382112540223066,0.6866319056929453,-0.5867743034996828,-0.4292231853441008,-0.5421965568881517,-0.8066204445558789,0.23534305199667513,3,0.48072949605208243,-0.04797794031182588,0.1094363041528675
1768361887.5241485,0.5203870413124161,-0.06771912426228754,0.1424643875646102,0.6836349121803006,-0.5871408406919776,-0.433484647986236,-0.5417492488519091,-0.8062431807086045,0.23765454956567783,3,0.48072949605208243,-0.04797794031182588,0.1094363041528675
1768361887.5446243,0.517712429124662,-0.06774753408761655,0.14112881158998192,0.680651603903722,-0.5875021335979436,-0.4376695524264336,-0.5413323305569868,-0.805864082366107,0.23987994631893195,3,0.48072949605208243,-0.04797794031182588,0.1094363041528675
1768361887.5890105,0.512864958948884,-0.06785643701025754,0.13885490594268374,0.6751667700177771,-0.5882544407295451,-0.44509161486792015,-0.5407727880553075,-0.8050839851135158,0.24373052458120714,3,0.48072949605208243,-0.04797794031182588,0.1094363041528675
1768361887.6361556,0.512864958948884,-0.06785643701025754,0.13885490594268374,0.6751667700177771,-0.5882544407295451,-0.44509161486792015,-0.5407727880553075,-0.8050839851135158,0.24373052458120714,3,0.48072949605208243,-0.04797794031182588,0.1094363041528675
1768361887.680105,0.5084668255619821,-0.06784157828536487,0.1368846214419785,0.6702476163579328,-0.588777601425116,-0.4517843167116329,-0.5401666338188791,-0.8044786870431212,0.24705070289751718,3,0.48072949605208243,-0.04797794031182588,0.1094363041528675
1768361887.6802227,0.5084668255619821,-0.06784157828536487,0.1368846214419785,0.6702476163579328,-0.588777601425116,-0.4517843167116329,-0.5401666338188791,-0.8044786870431212,0.24705070289751718,3,0.48072949605208243,-0.04797794031182588,0.1094363041528675
1768361887.727991,0.5062525300204512,-0.06775941015122561,0.13584855860115502,0.6677838499933517,-0.5889361812945244,-0.4552130315031414,-0.5397431312168945,-0.804249154895281,0.24871801131885946,3,0.48072949605208243,-0.04797794031182588,0.1094363041528675
1768361887.7452362,0.5039706735626296,-0.06761833062256757,0.1348405224198312,0.6653160815813366,-0.5890220130102236,-0.4587020599241305,-0.539240118128464,-0.8040706224268788,0.25038076833265854,3,0.48072949605208243,-0.04797794031182588,0.1094363041528675
1768361887.7881463,0.5016920319595048,-0.06744064604852182,0.13388769152806668,0.6629091800818546,-0.5890505383664608,-0.4621372980115177,-0.5387032864954728,-0.8039331976417511,0.25197258352544244,3,0.48072949605208243,-0.04797794031182588,0.1094363041528675
1768361887.8322115,0.49675796415043383,-0.066986929324415,0.13175718884803037,0.657670820919778,-0.5890118639492574,-0.46961059979277137,-0.5373488195912497,-0.8037165475297908,0.2555307365282774,3,0.48072949605208243,-0.04797794031182588,0.1094363041528675
1768361887.8760962,0.49435007053665486,-0.0667223020379933,0.1306621013685427,0.6550994665010981,-0.5889220171076865,-0.4733028066215014,-0.5365763970721276,-0.8036651709638718,0.2573092751626047,3,0.48072949605208243,-0.04797794031182588,0.1094363041528675
1768361887.9201167,0.49212319664920334,-0.06650451253556416,0.12963300093268634,0.6526662898969111,-0.5888780761939241,-0.4767067499106174,-0.5358830975297357,-0.8035877996476537,0.2589902585800826,3,0.48072949605208243,-0.04797794031182588,0.1094363041528675
1768361887.9202673,0.49212319664920334,-0.06650451253556416,0.12963300093268634,0.6526662898969111,-0.5888780761939241,-0.4767067499106174,-0.5358830975297357,-0.8035877996476537,0.2589902585800826,3,0.48072949605208243,-0.04797794031182588,0.1094363041528675
1768361887.96448,0.48799211152261573,-0.06606853636117963,0.12766720708848353,0.6481071016351869,-0.588742030410115,-0.4830527988104544,-0.5344821179846957,-0.8034875277539646,0.26217676918143673,3,0.48072949605208243,-0.04797794031182588,0.1094363041528675
1768361887.9787378,0.48799211152261573,-0.06606853636117963,0.12766720708848353,0.6481071016351869,-0.588742030410115,-0.4830527988104544,-0.5344821179846957,-0.8034875277539646,0.26217676918143673,3,0.48072949605208243,-0.04797794031182588,0.1094363041528675
1768361888.0201573,0.48620864733106867,-0.06594251770590888,0.12668621472306296,0.6459818625745777,-0.5887669767754957,-0.485860968059096,-0.5338732191971223,-0.8033852473388128,0.26372624098192365,3,0.48072949605208243,-0.04797794031182588,0.1094363041528675
1768361888.067186,0.4832100465734081,-0.06570261741707802,0.12493492248287252,0.6423454630672991,-0.5887596162649786,-0.49066732144333053,-0.5327328297701805,-0.8032529282296306,0.2664215932982537,3,0.48072949605208243,-0.04797794031182588,0.1094363041528675
1768361888.108095,0.4819131909756501,-0.06559702222891878,0.12417374376127721,0.6407605050983178,-0.588753865315253,-0.49274218530840047,-0.5322278897682359,-0.8031977302153748,0.26759461790125966,3,0.48072949605208243,-0.04797794031182588,0.1094363041528675
1768361888.1521728,0.48076408697019984,-0.06548840041215244,0.12349248393262618,0.6393677940405513,-0.5887228749453417,-0.49458487690164,-0.5317446466220306,-0.8031697157150954,0.2686373736972284,3,0.48072949605208243,-0.04797794031182588,0.1094363041528675
1768361888.1523356,0.48076408697019984,-0.06548840041215244,0.12349248393262618,0.6393677940405513,-0.5887228749453417,-0.49458487690164,-0.5317446466220306,-0.8031697157150954,0.2686373736972284,3,0.48072949605208243,-0.04797794031182588,0.1094363041528675
1768361888.196243,0.47968393737622994,-0.06538519707901541,0.12285712054787981,0.6380530428719198,-0.5886936829829628,-0.4963144790330412,-0.5312961765302029,-0.8031419006027629,0.2696061206659988,3,0.48072949605208243,-0.04797794031182588,0.1094363041528675
1768361888.2114997,0.4786443466950664,-0.065273723858986,0.1222490368202229,0.6367960637473936,-0.5886469951698072,-0.49798141358225695,-0.530842936475437,-0.8031294787805688,0.2705343178005099,3,0.48072949605208243,-0.04797794031182588,0.1094363041528675
1768361888.252085,0.4777139932612872,-0.06515992938784193,0.1216941641973465,0.6356767522681812,-0.5885834498063721,-0.4994843233173667,-0.530404161433553,-0.8031361101656125,0.2713739377354044,3,0.48072949605208243,-0.04797794031182588,0.1094363041528675
1768361888.296157,0.47657780636209063,-0.06498120533708586,0.12102292694991884,0.6343648013662886,-0.58843602813218,-0.501322590338331,-0.529789671567685,-0.8032000024842831,0.2723832959442487,3,0.48072949605208243,-0.04797794031182588,0.1094363041528675
1768361888.3403044,0.47643524244428165,-0.06495043624187247,0.12093524516063797,0.6342254699689216,-0.5883767748819506,-0.5015683642557764,-0.529675934955721,-0.8032384657021139,0.27249104782597366,3,0.48072949605208243,-0.04797794031182588,0.1094363041528675
1768361888.3841922,0.47643524244428165,-0.06495043624187247,0.12093524516063797,0.6342254699689216,-0.5883767748819506,-0.5015683642557764,-0.529675934955721,-0.8032384657021139,0.27249104782597366,3,0.48072949605208243,-0.04797794031182588,0.1094363041528675
1768361888.3843644,0.47643524244428165,-0.06495043624187247,0.12093524516063797,0.6342254699689216,-0.5883767748819506,-0.5015683642557764,-0.529675934955721,-0.8032384657021139,0.27249104782597366,3,0.48072949605208243,-0.04797794031182588,0.1094363041528675
1768361888.4282851,0.47650606535429346,-0.06483316947236832,0.1209824408969595,0.6345079863424956,-0.5880933559106253,-0.5015434378011244,-0.5294707251692771,-0.8034514943711457,0.27226172588429154,3,0.48072949605208243,-0.04797794031182588,0.1094363041528675
1768361888.4446754,0.47650606535429346,-0.06483316947236832,0.1209824408969595,0.6345079863424956,-0.5880933559106253,-0.5015434378011244,-0.5294707251692771,-0.8034514943711457,0.27226172588429154,3,0.48072949605208243,-0.04797794031182588,0.1094363041528675
1768361888.4882565,0.47650517584511315,-0.06473133843919744,0.12095757886559877,0.6345930726163221,-0.5879350153979854,-0.5016214208507709,-0.5293093822874742,-0.8035716292958758,0.2722208926831747,3,0.48072949605208243,-0.04797794031182588,0.1094363041528675
1768361888.5321016,0.47652869707533063,-0.06458144481780902,0.12095689625452363,0.63477256391382,-0.5877187899262821,-0.5016477011507797,-0.5290782837449213,-0.8037430327767343,0.2721641176429876,3,0.48072949605208243,-0.04797794031182588,0.1094363041528675
1768361888.580102,0.47654187531634823,-0.06444251239489207,0.12094954686371812,0.6349298615251571,-0.5875204639553852,-0.501680949785114,-0.528845920644006,-0.8039028537056907,0.27214370105155977,3,0.48072949605208243,-0.04797794031182588,0.1094363041528675
1768361888.580224,0.47654187531634823,-0.06444251239489207,0.12094954686371812,0.6349298615251571,-0.5875204639553852,-0.501680949785114,-0.528845920644006,-0.8039028537056907,0.27214370105155977,3,0.48072949605208243,-0.04797794031182588,0.1094363041528675
1768361888.6241403,0.4765445732681253,-0.06440926385573277,0.12094713743446345,0.6349625239394754,-0.5874789597065593,-0.5016882150245408,-0.5287958451761616,-0.8039365030891914,0.2721416049139703,3,0.48072949605208243,-0.04797794031182588,0.1094363041528675
1768361888.6450217,0.4765445732681253,-0.06440926385573277,0.12094713743446345,0.6349625239394754,-0.5874789597065593,-0.5016882150245408,-0.5287958451761616,-0.8039365030891914,0.2721416049139703,3,0.48072949605208243,-0.04797794031182588,0.1094363041528675
1768361888.688754,0.47654612044673483,-0.06440657138261394,0.1209486867905111,0.6349703775624456,-0.5874705099339708,-0.5016881696593274,-0.5287896087674169,-0.8039428104004405,0.27213509010240516,3,0.48072949605208243,-0.04797794031182588,0.1094363041528675
1768361888.732168,0.476539661009648,-0.0644157716186014,0.1209386978586399,0.6349487905460743,-0.5874838745049195,-0.5016998411209288,-0.528797045095793,-0.8039324165416403,0.27215134526854073,4,0.48072949605208243,-0.04797794031182588,0.1094363041528675
1768361888.7761638,0.4765441214559826,-0.0644210217909901,0.12094426055274082,0.6349498934280389,-0.5874923130960374,-0.5016885636416181,-0.5288106455203971,-0.8039257035794856,0.27214474881674683,15,0.48072949605208243,-0.04797794031182588,0.1094363041528675
1768361888.8204708,0.4765502874063313,-0.06437497981285442,0.12093733413652166,0.6350294111519251,-0.5873859059466877,-0.5017125117706639,-0.5287042911530817,-0.804007965624521,0.27210836761966084,33,0.48072949605208243,-0.04797794031182588,0.1094363041528675
1768361888.8206837,0.4765502874063313,-0.06437497981285442,0.12093733413652166,0.6350294111519251,-0.5873859059466877,-0.5017125117706639,-0.5287042911530817,-0.804007965624521,0.27210836761966084,33,0.48072949605208243,-0.04797794031182588,0.1094363041528675
1768361888.86813,0.4765492564314011,-0.06432893342985406,0.12092158223225716,0.6350629899609972,-0.5873221375547777,-0.5017446616755235,-0.5286332692147622,-0.8040571962555139,0.2721008853881867,53,0.48072949605208243,-0.04797794031182588,0.1094363041528675
1768361888.878004,0.4765492564314011,-0.06432893342985406,0.12092158223225716,0.6350629899609972,-0.5873221375547777,-0.5017446616755235,-0.5286332692147622,-0.8040571962555139,0.2721008853881867,59,0.48072949605208243,-0.04797794031182588,0.1094363041528675
1768361888.9202852,0.47655880212204005,-0.06422880204144495,0.12091420726299454,0.6351638957771442,-0.5871780077314156,-0.5017856242836845,-0.5284863288957521,-0.8041684349869613,0.2720575827667969,75,0.48072949605208243,-0.04797794031182588,0.1094363041528675
1768361888.964216,0.4765844094556861,-0.06406447462969042,0.12090749740144036,0.635301637580094,-0.5869638193705545,-0.5018618375987376,-0.5283227563162155,-0.8043236003923295,0.27191655155645966,90,0.48072949605208243,-0.04797794031182588,0.1094363041528675
1768361889.0122118,0.4765874536103119,-0.06380278020951684,0.12086668639754344,0.6355559778825992,-0.5865710557303523,-0.5019989995578412,-0.5278779514878322,-0.8046318133362163,0.27186855886674827,108,0.48072949605208243,-0.04797794031182588,0.1094363041528675
1768361889.056247,0.47662115513680003,-0.06361922276167484,0.12090622430499026,0.6358044482661469,-0.5862927772603715,-0.5020094450279804,-0.5275610063854258,-0.8048563217049363,0.2718192155701965,117,0.48072949605208243,-0.04797794031182588,0.1094363041528675
1768361889.0564523,0.47662115513680003,-0.06361922276167484,0.12090622430499026,0.6358044482661469,-0.5862927772603715,-0.5020094450279804,-0.5275610063854258,-0.8048563217049363,0.2718192155701965,117,0.48072949605208243,-0.04797794031182588,0.1094363041528675
1768361889.1001375,0.47691500806704673,-0.06364280281743304,0.1212745526616327,0.636282032677886,-0.5862802954724142,-0.501418577669472,-0.5277100262110259,-0.8048809695606787,0.27145672413005406,117,0.48072949605208243,-0.04797794031182588,0.1094363041528675
1768361889.1113741,0.47691500806704673,-0.06364280281743304,0.1212745526616327,0.636282032677886,-0.5862802954724142,-0.501418577669472,-0.5277100262110259,-0.8048809695606787,0.27145672413005406,117,0.48072949605208243,-0.04797794031182588,0.1094363041528675
1768361889.1521332,0.4770920424127538,-0.06362921380340758,0.12148438899124275,0.6366144916114915,-0.5862591396337166,-0.5010211674831474,-0.527865188991986,-0.8048964677245913,0.2711088683443065,117,0.48072949605208243,-0.04797794031182588,0.1094363041528675
1768361889.1960201,0.47709194872103927,-0.06360136992331669,0.12142952649625216,0.6366409948240598,-0.5862167992696675,-0.5010370325269956,-0.5278098862969948,-0.8049307580377622,0.27111473344675874,117,0.48072949605208243,-0.04797794031182588,0.1094363041528675
1768361889.2400835,0.4770753874409696,-0.06354346015162896,0.12139998134803029,0.6366576267569284,-0.586136276896855,-0.5011100988782097,-0.5277193939180242,-0.8049905775986088,0.2711132812317606,117,0.48072949605208243,-0.04797794031182588,0.1094363041528675
1768361889.2842648,0.4770703426110912,-0.06355281187155498,0.12139918041265962,0.6366373697198582,-0.5861565056383623,-0.5011121734442353,-0.5277368582562111,-0.8049749904839407,0.27112556709621416,117,0.48072949605208243,-0.04797794031182588,0.1094363041528675
1768361889.2844784,0.4770703426110912,-0.06355281187155498,0.12139918041265962,0.6366373697198582,-0.5861565056383623,-0.5011121734442353,-0.5277368582562111,-0.8049749904839407,0.27112556709621416,117,0.48072949605208243,-0.04797794031182588,0.1094363041528675
1768361889.3282197,0.47708846111854203,-0.06355954145015937,0.12142012523532769,0.6366615014090687,-0.5861672115397892,-0.501068989999599,-0.527759954573927,-0.8049675581166732,0.27110267561904805,117,0.48072949605208243,-0.04797794031182588,0.1094363041528675
1768361889.3454049,0.47708846111854203,-0.06355954145015937,0.12142012523532769,0.6366615014090687,-0.5861672115397892,-0.501068989999599,-0.527759954573927,-0.8049675581166732,0.27110267561904805,117,0.48072949605208243,-0.04797794031182588,0.1094363041528675
1768361889.3882775,0.4770935877833096,-0.06359266157683945,0.12143791848057514,0.6366473420663379,-0.5862137743847444,-0.5010325064918038,-0.5278163354745999,-0.8049319022500965,0.271098780421834,117,0.48072949605208243,-0.04797794031182588,0.1094363041528675
1768361889.4321315,0.4771228032760005,-0.06363412845558074,0.12146731283178247,0.6366611226947196,-0.5862742223659494,-0.5009442594124627,-0.5278936739419964,-0.8048877746917045,0.27107921197291684,117,0.48072949605208243,-0.04797794031182588,0.1094363041528675
1768361889.4761407,0.47741157104930704,-0.0640261513858941,0.12156208324582779,0.6367765729682299,-0.5868200997401378,-0.5001577417773431,-0.528556426723837,-0.804494081245326,0.27095641164247897,117,0.48072949605208243,-0.04797794031182588,0.1094363041528675
1768361889.5202448,0.47840114228584446,-0.06485831243041272,0.12194027864260426,0.6375134270740684,-0.5879483633256135,-0.497888895601226,-0.5301134990806777,-0.8036927055757056,0.2702919034985001,117,0.48072949605208243,-0.04797794031182588,0.1094363041528675
1768361889.52043,0.47840114228584446,-0.06485831243041272,0.12194027864260426,0.6375134270740684,-0.5879483633256135,-0.497888895601226,-0.5301134990806777,-0.8036927055757056,0.2702919034985001,117,0.48072949605208243,-0.04797794031182588,0.1094363041528675
1768361889.5641537,0.47901957086889646,-0.06524974228232792,0.12233210654830179,0.6379848453181158,-0.5884570097751628,-0.49668268018010686,-0.5308764210182811,-0.8033333435990404,0.2698624921488857,117,0.48072949605208243,-0.04797794031182588,0.1094363041528675
1768361889.579222,0.47901957086889646,-0.06524974228232792,0.12233210654830179,0.6379848453181158,-0.5884570097751628,-0.49668268018010686,-0.5308764210182811,-0.8033333435990404,0.2698624921488857,117,0.48072949605208243,-0.04797794031182588,0.1094363041528675
1768361889.6212099,0.4797023146856222,-0.06553128829091641,0.12278291967341701,0.638650249434759,-0.5887896320748519,-0.4954317592343882,-0.5315087600959972,-0.8031081554384616,0.2692874460672974,117,0.48072949605208243,-0.04797794031182588,0.1094363041528675
1768361889.6642618,0.4803827608160277,-0.06568053169553859,0.12327713082422101,0.6394566634734888,-0.5889286381115035,-0.49422488277249155,-0.5319898898011166,-0.8030255702119988,0.2685827446711538,117,0.48072949605208243,-0.04797794031182588,0.1094363041528675
1768361889.708121,0.48160074432557404,-0.06561206678717535,0.12465925308830736,0.641522630568533,-0.5887381792776295,-0.4917683100091863,-0.5326511684254819,-0.8032046581031133,0.2667302194660928,117,0.48072949605208243,-0.04797794031182588,0.1094363041528675
1768361889.7520692,0.4827021753971064,-0.06518626968117537,0.12689637524414554,0.6443435442469632,-0.5880824069311162,-0.4888562975408694,-0.5332999042464314,-0.8037043107110291,0.26391398802499433,117,0.48072949605208243,-0.04797794031182588,0.1094363041528675
1768361889.7521954,0.4827021753971064,-0.06518626968117537,0.12689637524414554,0.6443435442469632,-0.5880824069311162,-0.4888562975408694,-0.5332999042464314,-0.8037043107110291,0.26391398802499433,117,0.48072949605208243,-0.04797794031182588,0.1094363041528675
1768361889.800231,0.48335591215930446,-0.0648959658795728,0.12836073503128256,0.6461243241593075,-0.5876411010372842,-0.4870331550329677,-0.5337059014008938,-0.804033952141489,0.26208283921996395,117,0.48072949605208243,-0.04797794031182588,0.1094363041528675
1768361889.811433,0.48335591215930446,-0.0648959658795728,0.12836073503128256,0.6461243241593075,-0.5876411010372842,-0.4870331550329677,-0.5337059014008938,-0.804033952141489,0.26208283921996395,117,0.48072949605208243,-0.04797794031182588,0.1094363041528675
1768361889.8572917,0.4841530459746834,-0.06452320393762129,0.13013600427344438,0.6482960711446935,-0.5870738664954885,-0.4848262363119304,-0.5341724909381919,-0.8044550366504517,0.25983041379447436,117,0.48072949605208243,-0.04797794031182588,0.1094363041528675
1768361889.900045,0.48606148119580417,-0.06361971208425775,0.13452674999265815,0.6535590711058346,-0.585654399578132,-0.4794470406938147,-0.535346898031487,-0.8054857304399463,0.25415829088520936,117,0.48072949605208243,-0.04797794031182588,0.1094363041528675
1768361889.9440668,0.48714361702875064,-0.06315418860226048,0.13705224076524455,0.6565160712503331,-0.5849227329023654,-0.4762898746814332,-0.536057461716593,-0.8060172598846957,0.25095532372502105,117,0.48072949605208243,-0.04797794031182588,0.1094363041528675
1768361889.9883444,0.48826658583813287,-0.06272033354777506,0.13975465560341638,0.6595836898637626,-0.5842412520147101,-0.472875792899138,-0.5368713414108205,-0.8065118878091719,0.24760399349411216,117,0.48072949605208243,-0.04797794031182588,0.1094363041528675
1768361889.988717,0.48826658583813287,-0.06272033354777506,0.13975465560341638,0.6595836898637626,-0.5842412520147101,-0.472875792899138,-0.5368713414108205,-0.8065118878091719,0.24760399349411216,117,0.48072949605208243,-0.04797794031182588,0.1094363041528675
1768361890.036421,0.4894647247223099,-0.062322596793517676,0.1427116804856289,0.6628236040160832,-0.5836128443363024,-0.4691065101710079,-0.5378549108106014,-0.8069621891458142,0.24397565494515186,117,0.48072949605208243,-0.04797794031182588,0.1094363041528675
1768361890.0447025,0.4894647247223099,-0.062322596793517676,0.1427116804856289,0.6628236040160832,-0.5836128443363024,-0.4691065101710079,-0.5378549108106014,-0.8069621891458142,0.24397565494515186,117,0.48072949605208243,-0.04797794031182588,0.1094363041528675
1768361890.0881116,0.4906637918560859,-0.06199484029786737,0.14587221809788783,0.6661055771520553,-0.5830894302372602,-0.4650914710382406,-0.5390226137872958,-0.8073267106476237,0.24016286994620978,117,0.48072949605208243,-0.04797794031182588,0.1094363041528675
1768361890.132138,0.4929593025299236,-0.06149888201290503,0.15238023518326005,0.672490727139373,-0.5822685200287965,-0.45685839435763087,-0.5416228325547392,-0.8078673681794624,0.2323682910514474,117,0.48072949605208243,-0.04797794031182588,0.1094363041528675
1768361890.1761932,0.49418620896005083,-0.061299282013002825,0.15589590884291743,0.6758422132505504,-0.5819188344576921,-0.45233590714423605,-0.5430722699561877,-0.808089705662909,0.22817435703046696,117,0.48072949605208243,-0.04797794031182588,0.1094363041528675
1768361890.2206087,0.49675662101596096,-0.061100085561975714,0.16332153354611229,0.6826347966147045,-0.5814968968368848,-0.44257326333599833,-0.5463254528189623,-0.8083275847268167,0.21939693564830712,117,0.48072949605208243,-0.04797794031182588,0.1094363041528675
1768361890.2207448,0.49675662101596096,-0.061100085561975714,0.16332153354611229,0.6826347966147045,-0.5814968968368848,-0.44257326333599833,-0.5463254528189623,-0.8083275847268167,0.21939693564830712,117,0.48072949605208243,-0.04797794031182588,0.1094363041528675
1768361890.2640796,0.49675662101596096,-0.061100085561975714,0.16332153354611229,0.6826347966147045,-0.5814968968368848,-0.44257326333599833,-0.5463254528189623,-0.8083275847268167,0.21939693564830712,117,0.48072949605208243,-0.04797794031182588,0.1094363041528675
1768361890.278416,0.49807831977216727,-0.061028853070315865,0.16724666133530836,0.6861334212639336,-0.581320388221613,-0.43736430405615256,-0.5480250252482107,-0.8084197766889807,0.2147697286859504,117,0.48072949605208243,-0.04797794031182588,0.1094363041528675
1768361890.324212,0.4993860609914764,-0.06097790468188961,0.17122859826016323,0.689618281605226,-0.5811687249816156,-0.4320527037053451,-0.5497314267493704,-0.808493210398976,0.21008114428205846,117,0.48072949605208243,-0.04797794031182588,0.1094363041528675
1768361890.3766098,0.50199513911836,-0.06076698265675439,0.1794590004378814,0.696764629719078,-0.580707816919914,-0.4210670755836222,-0.552981886511914,-0.8087524650497232,0.20032594306709475,117,0.48072949605208243,-0.04797794031182588,0.1094363041528675
1768361890.4201863,0.5044912262525256,-0.06062008003949405,0.18786820119328734,0.7037624070807633,-0.5803452332004305,-0.4097778479632934,-0.5562207782937875,-0.8089337633682556,0.19038017826739367,117,0.48072949605208243,-0.04797794031182588,0.1094363041528675
1768361890.4203248,0.5044912262525256,-0.06062008003949405,0.18786820119328734,0.7037624070807633,-0.5803452332004305,-0.4097778479632934,-0.5562207782937875,-0.8089337633682556,0.19038017826739367,117,0.48072949605208243,-0.04797794031182588,0.1094363041528675
1768361890.4641223,0.5056876938685796,-0.06055296247015017,0.19211787525105686,0.7072068302943063,-0.5801724332019382,-0.4040525299235528,-0.557794440846703,-0.8090171055296654,0.1853555629618836,117,0.48072949605208243,-0.04797794031182588,0.1094363041528675
1768361890.4780717,0.5056876938685796,-0.06055296247015017,0.19211787525105686,0.7072068302943063,-0.5801724332019382,-0.4040525299235528,-0.557794440846703,-0.8090171055296654,0.1853555629618836,117,0.48072949605208243,-0.04797794031182588,0.1094363041528675
1768361890.5201178,0.5068432044646416,-0.060469467949788566,0.1964207153838972,0.7106492400626728,-0.579969023804157,-0.3982632157581205,-0.5593101739694561,-0.8091214243209938,0.18026272492954137,117,0.48072949605208243,-0.04797794031182588,0.1094363041528675
1768361890.5641272,0.5079223044415051,-0.06039226412344348,0.20064700445075748,0.7139558155968817,-0.5797822208192674,-0.39258078123778517,-0.5607654899605695,-0.8092123883520235,0.17526373214928528,117,0.48072949605208243,-0.04797794031182588,0.1094363041528675
1768361890.6080804,0.509840819406425,-0.06022454565480213,0.2088590673986011,0.7202136602795417,-0.5793920190774466,-0.3815719745685007,-0.5634365827396084,-0.8094035732791165,0.16554477579709445,117,0.48072949605208243,-0.04797794031182588,0.1094363041528675
1768361890.6562965,0.5114895922152646,-0.06007923128661219,0.2168782047671467,0.7260570505082241,-0.5790615155396464,-0.3708489188715888,-0.5659312776366618,-0.8095455693536405,0.156069728430678,117,0.48072949605208243,-0.04797794031182588,0.1094363041528675
1768361890.6565351,0.5114895922152646,-0.06007923128661219,0.2168782047671467,0.7260570505082241,-0.5790615155396464,-0.3708489188715888,-0.5659312776366618,-0.8095455693536405,0.156069728430678,117,0.48072949605208243,-0.04797794031182588,0.1094363041528675
1768361890.70095,0.5123057228395724,-0.059998019364151674,0.22075006845034523,0.7288643493429967,-0.5788814088964571,-0.3655859333875734,-0.5670526138157594,-0.8096335347709751,0.15147564998695862,117,0.48072949605208243,-0.04797794031182588,0.1094363041528675
1768361890.7115068,0.5123057228395724,-0.059998019364151674,0.22075006845034523,0.7288643493429967,-0.5788814088964571,-0.3655859333875734,-0.5670526138157594,-0.8096335347709751,0.15147564998695862,117,0.48072949605208243,-0.04797794031182588,0.1094363041528675
1768361890.756064,0.5131042289745853,-0.05996063331354522,0.224555404458343,0.7315569128985944,-0.5787615984648868,-0.3603602299542049,-0.5681686885795896,-0.8096804669103959,0.1469757899162734,117,0.48072949605208243,-0.04797794031182588,0.1094363041528675
1768361890.8002138,0.5144986348853536,-0.05987395917956967,0.23163116387293348,0.7364680884734728,-0.5785086125771335,-0.35063162982581797,-0.5701216554560522,-0.8097872215233956,0.1385855470006515,117,0.48072949605208243,-0.04797794031182588,0.1094363041528675
1768361890.8442838,0.5150894642871244,-0.059824053367843785,0.23495614619064423,0.7387164521907201,-0.578383231689034,-0.34607924029578147,-0.5709915936770791,-0.8098395929856439,0.13464187158145335,117,0.48072949605208243,-0.04797794031182588,0.1094363041528675
1768361890.892378,0.5156260601408168,-0.05978494498069055,0.2381495740916037,0.740833381016591,-0.578277604224727,-0.3417029616840286,-0.571816647350195,-0.8098781871942842,0.13085504850819935,117,0.48072949605208243,-0.04797794031182588,0.1094363041528675
1768361890.892493,0.5156260601408168,-0.05978494498069055,0.2381495740916037,0.740833381016591,-0.578277604224727,-0.3417029616840286,-0.571816647350195,-0.8098781871942842,0.13085504850819935,117,0.48072949605208243,-0.04797794031182588,0.1094363041528675
1768361890.9364135,0.5164739283184125,-0.05974295417080637,0.24358499836140735,0.7443355292973605,-0.5781362122471709,-0.3342501158026919,-0.5732004897061809,-0.8099141858804412,0.12441949248496866,117,0.48072949605208243,-0.04797794031182588,0.1094363041528675
1768361890.9483588,0.5164739283184125,-0.05974295417080637,0.24358499836140735,0.7443355292973605,-0.5781362122471709,-0.3342501158026919,-0.5732004897061809,-0.8099141858804412,0.12441949248496866,117,0.48072949605208243,-0.04797794031182588,0.1094363041528675
1768361890.9960356,0.5169446860799896,-0.05968873481393173,0.24799007763035,0.7470443855349018,-0.5780131543345571,-0.328367902598589,-0.5742791354602427,-0.8099351969427049,0.11919920858973176,117,0.48072949605208243,-0.04797794031182588,0.1094363041528675
1768361891.0441856,0.51710808500534,-0.05965108870641238,0.24986044717181455,0.7481850209791866,-0.5779380817992237,-0.3258937679499378,-0.5747022610956389,-0.8099588949449251,0.11697820135032024,117,0.48072949605208243,-0.04797794031182588,0.1094363041528675
1768361891.0881093,0.5172775392011499,-0.05963585626935915,0.2514875312065897,0.7491625119366387,-0.5779012800763483,-0.32370610311655135,-0.5750879633298873,-0.809960982388634,0.11505234218007528,117,0.48072949605208243,-0.04797794031182588,0.1094363041528675
1768361891.0882478,0.5172775392011499,-0.05963585626935915,0.2514875312065897,0.7491625119366387,-0.5779012800763483,-0.32370610311655135,-0.5750879633298873,-0.809960982388634,0.11505234218007528,117,0.48072949605208243,-0.04797794031182588,0.1094363041528675
1768361891.1361704,0.5176241542083209,-0.05957181076718722,0.2538077868560648,0.7506473004608223,-0.577772240111189,-0.3204806840790553,-0.5755425870324923,-0.8100277679423304,0.11227531195375375,117,0.48072949605208243,-0.04797794031182588,0.1094363041528675
1768361891.14655,0.5176241542083209,-0.05957181076718722,0.2538077868560648,0.7506473004608223,-0.577772240111189,-0.3204806840790553,-0.5755425870324923,-0.8100277679423304,0.11227531195375375,117,0.48072949605208243,-0.04797794031182588,0.1094363041528675
1768361891.19217,0.5177853902088875,-0.05946663042268192,0.25476750475046606,0.7513523548090667,-0.5775941763014347,-0.3191466848105079,-0.5756033617220291,-0.8101473733878032,0.11109456947638069,117,0.48072949605208243,-0.04797794031182588,0.1094363041528675
1768361891.2360904,0.517761204806676,-0.059354979699692806,0.25470823499089745,0.7514214672749218,-0.5774280684154802,-0.3192845193935516,-0.5754294999443565,-0.8102666434402797,0.11112541168342382,117,0.48072949605208243,-0.04797794031182588,0.1094363041528675
1768361891.2864149,0.5176067016806641,-0.05916883680436026,0.25444378632670056,0.751392346173008,-0.5771654696544399,-0.319827395248113,-0.5751230431957293,-0.8104499721285029,0.11137471823619857,117,0.48072949605208243,-0.04797794031182588,0.1094363041528675
1768361891.2865558,0.5176067016806641,-0.05916883680436026,0.25444378632670056,0.751392346173008,-0.5771654696544399,-0.319827395248113,-0.5751230431957293,-0.8104499721285029,0.11137471823619857,117,0.48072949605208243,-0.04797794031182588,0.1094363041528675
1768361891.328214,0.5175594750129547,-0.05913465078641891,0.25431583341296976,0.7513292555270273,-0.5771230839614653,-0.3200520203779545,-0.5750506371321779,-0.810480359086816,0.11152736107513042,117,0.48072949605208243,-0.04797794031182588,0.1094363041528675
1768361891.3447733,0.5175988283966261,-0.059147503949089644,0.25439404104322244,0.7513779293339576,-0.5771373680549524,-0.3199119655536761,-0.5750854398807147,-0.810469855298729,0.11142419166977399,117,0.48072949605208243,-0.04797794031182588,0.1094363041528675
1768361891.3880916,0.5175988283966261,-0.059147503949089644,0.25439404104322244,0.7513779293339576,-0.5771373680549524,-0.3199119655536761,-0.5750854398807147,-0.810469855298729,0.11142419166977399,117,0.48072949605208243,-0.04797794031182588,0.1094363041528675
1768361891.4365625,0.5175670007527978,-0.05921260639828728,0.25433829422617404,0.7512626554741342,-0.5772388038900741,-0.3199996652709329,-0.5751770613616797,-0.8103936889647365,0.11150523292414793,117,0.48072949605208243,-0.04797794031182588,0.1094363041528675
1768361891.48414,0.5175707524280225,-0.05920439494985104,0.25433733200175057,0.7512736658041084,-0.5772247257411992,-0.3199992110337999,-0.575163909487438,-0.8104038577938486,0.11149916814027849,117,0.48072949605208243,-0.04797794031182588,0.1094363041528675
1768361891.4842632,0.5175707524280225,-0.05920439494985104,0.25433733200175057,0.7512736658041084,-0.5772247257411992,-0.3199992110337999,-0.575163909487438,-0.8104038577938486,0.11149916814027849,117,0.48072949605208243,-0.04797794031182588,0.1094363041528675
1768361891.5321896,0.5175720550460807,-0.059166699169867554,0.2543193718448515,0.7513056256742275,-0.5771677506809725,-0.3200269432471663,-0.5750999408740078,-0.8104469758515341,0.11151572687211452,117,0.48072949605208243,-0.04797794031182588,0.1094363041528675
1768361891.5445876,0.5175583879899955,-0.059227896982225636,0.25430824979634986,0.7512284979005718,-0.5772603896143582,-0.3200409138287328,-0.5751919741919027,-0.8103778587102454,0.11154335003674494,117,0.48072949605208243,-0.04797794031182588,0.1094363041528675
1768361891.5889604,0.5175615179040629,-0.05921846737394991,0.25429757845485945,0.7512335236769117,-0.5772466821751275,-0.3200538405046537,-0.5751753063013375,-0.8103883420061817,0.11155313604571798,117,0.48072949605208243,-0.04797794031182588,0.1094363041528675
1768361891.6320643,0.5175615179040629,-0.05921846737394991,0.25429757845485945,0.7512335236769117,-0.5772466821751275,-0.3200538405046537,-0.5751753063013375,-0.8103883420061817,0.11155313604571798,117,0.48072949605208243,-0.04797794031182588,0.1094363041528675
1768361891.6760592,0.5175735449376897,-0.05920098494699429,0.25431701160867437,0.7512692077671114,-0.5772187286193052,-0.32002049433136337,-0.5751519358816991,-0.8104091756442374,0.11152227886463742,117,0.48072949605208243,-0.04797794031182588,0.1094363041528675
1768361891.720775,0.5175619921477013,-0.05921366220704033,0.2542994652064483,0.7512412526007781,-0.5772374643641381,-0.3200523240429199,-0.5751664935206523,-0.8103951189183514,0.111549343182596,117,0.48072949605208243,-0.04797794031182588,0.1094363041528675
1768361891.7209089,0.5175619921477013,-0.05921366220704033,0.2542994652064483,0.7512412526007781,-0.5772374643641381,-0.3200523240429199,-0.5751664935206523,-0.8103951189183514,0.111549343182596,117,0.48072949605208243,-0.04797794031182588,0.1094363041528675
1768361891.7641065,0.5175665378349875,-0.059212297012954045,0.2543008462373741,0.7512468903312807,-0.577233667408637,-0.3200459388549653,-0.5751621171461246,-0.8103984064604429,0.11154802466365052,117,0.48072949605208243,-0.04797794031182588,0.1094363041528675
1768361891.777848,0.5175644067671993,-0.05920462464833613,0.25429678754171836,0.7512514055547035,-0.5772219896164039,-0.32005640183468065,-0.5751506578324788,-0.810406513309754,0.11154821370149635,117,0.48072949605208243,-0.04797794031182588,0.1094363041528675
1768361891.8201058,0.5175644067671993,-0.05920462464833613,0.25429678754171836,0.7512514055547035,-0.5772219896164039,-0.32005640183468065,-0.5751506578324788,-0.810406513309754,0.11154821370149635,117,0.48072949605208243,-0.04797794031182588,0.1094363041528675
1768361891.8643227,0.5175604982949089,-0.059214948545489955,0.25428987561228156,0.7512334575524988,-0.57723937165357,-0.32006718055231737,-0.5751665647893971,-0.8103935905373689,0.11156007872135718,117,0.48072949605208243,-0.04797794031182588,0.1094363041528675
1768361891.908127,0.5175604982949089,-0.059214948545489955,0.25428987561228156,0.7512334575524988,-0.57723937165357,-0.32006718055231737,-0.5751665647893971,-0.8103935905373689,0.11156007872135718,117,0.48072949605208243,-0.04797794031182588,0.1094363041528675
1768361891.9521875,0.5175628588285479,-0.059203144565224686,0.2542887198868622,0.7512452889609897,-0.5772231379569506,-0.3200686876610244,-0.5751497606615699,-0.8104057306610482,0.11155852510082483,117,0.48072949605208243,-0.04797794031182588,0.1094363041528675
1768361891.952387,0.5175628588285479,-0.059203144565224686,0.2542887198868622,0.7512452889609897,-0.5772231379569506,-0.3200686876610244,-0.5751497606615699,-0.8104057306610482,0.11155852510082483,117,0.48072949605208243,-0.04797794031182588,0.1094363041528675
1768361891.9961922,0.517561124535759,-0.059201764452932515,0.2542881506160591,0.7512454268768001,-0.5772212847006576,-0.32007170616163,-0.5751477219695099,-0.810407022905721,0.11155964834280144,117,0.48072949605208243,-0.04797794031182588,0.1094363041528675
1768361892.0130253,0.5175609286950337,-0.05920567577517452,0.2542862864619651,0.7512409624367209,-0.5772270241843349,-0.3200718339817587,-0.5751531217444419,-0.8104028680899531,0.11156199146304734,117,0.48072949605208243,-0.04797794031182588,0.1094363041528675
1768361892.0521526,0.5175609286950337,-0.05920567577517452,0.2542862864619651,0.7512409624367209,-0.5772270241843349,-0.3200718339817587,-0.5751531217444419,-0.8104028680899531,0.11156199146304734,117,0.48072949605208243,-0.04797794031182588,0.1094363041528675
1768361892.0962589,0.51756188869855,-0.059208296468880046,0.2542871475487499,0.7512386034702617,-0.5772317667441379,-0.32006881778375884,-0.5751573385625807,-0.8103996543768625,0.11156359658720093,117,0.48072949605208243,-0.04797794031182588,0.1094363041528675
1768361892.1424813,0.5175619895379787,-0.05920753125909132,0.2542875741187705,0.7512402304191425,-0.5772298749340342,-0.3200684109427748,-0.5751563118496464,-0.8104008074031247,0.11156051407140434,117,0.48072949605208243,-0.04797794031182588,0.1094363041528675
1768361892.1880727,0.5175607763277966,-0.059207894822742475,0.2542861908423745,0.7512406932036766,-0.5772278988585794,-0.32007088848280035,-0.5751525507154455,-0.8104027110014169,0.11156607641694179,117,0.48072949605208243,-0.04797794031182588,0.1094363041528675
1768361892.18821,0.5175607763277966,-0.059207894822742475,0.2542861908423745,0.7512406932036766,-0.5772278988585794,-0.32007088848280035,-0.5751525507154455,-0.8104027110014169,0.11156607641694179,117,0.48072949605208243,-0.04797794031182588,0.1094363041528675
1768361892.232214,0.5175630448643417,-0.05920474273257954,0.2542884966036255,0.7512453909563519,-0.57722397462856,-0.32006693937494657,-0.5751497636607824,-0.8104054491209141,0.11156055483940552,117,0.48072949605208243,-0.04797794031182588,0.1094363041528675
1768361892.2446506,0.5175629538233222,-0.059204843038851464,0.2542877522226404,0.7512455537805529,-0.5772223001138064,-0.320069577086417,-0.5751486951190814,-0.8104063812891471,0.11155929216631089,117,0.48072949605208243,-0.04797794031182588,0.1094363041528675
1768361892.2880902,0.5175629538233222,-0.059204843038851464,0.2542877522226404,0.7512455537805529,-0.5772223001138064,-0.320069577086417,-0.5751486951190814,-0.8104063812891471,0.11155929216631089,117,0.48072949605208243,-0.04797794031182588,0.1094363041528675
1768361892.3322031,0.5175608074122249,-0.05920796752902864,0.25428381227818864,0.7512376052506129,-0.5772307131084708,-0.3200730608808101,-0.5751559924593477,-0.8104003307755792,0.11156562291734304,117,0.48072949605208243,-0.04797794031182588,0.1094363041528675
1768361892.3792057,0.5175620585334488,-0.059203746047804616,0.25428648951148347,0.751243498505826,-0.577223758348035,-0.3200717712502882,-0.5751496456374262,-0.8104053567690043,0.1115618341694249,117,0.48072949605208243,-0.04797794031182588,0.1094363041528675
1768361892.4200883,0.5175604639719668,-0.05920866966626123,0.2542830489605213,0.7512348774149399,-0.5772322976108936,-0.3200766057527623,-0.5751576064599718,-0.8103989841236355,0.11156708413602924,117,0.48072949605208243,-0.04797794031182588,0.1094363041528675
1768361892.420219,0.5175604639719668,-0.05920866966626123,0.2542830489605213,0.7512348774149399,-0.5772322976108936,-0.3200766057527623,-0.5751576064599718,-0.8103989841236355,0.11156708413602924,117,0.48072949605208243,-0.04797794031182588,0.1094363041528675
1768361892.4641964,0.5175623778804208,-0.059207356287415115,0.2542862892335213,0.7512390143278105,-0.5772303959218936,-0.3200703256717708,-0.5751569404536763,-0.8104002998399236,0.11156096031913616,117,0.48072949605208243,-0.04797794031182588,0.1094363041528675
1768361892.4780633,0.5175619511220579,-0.05920201246804284,0.25428420272420393,0.7512454932582917,-0.5772194581518066,-0.32007484435681727,-0.5751447458975769,-0.8104085884270906,0.11156361893566379,117,0.48072949605208243,-0.04797794031182588,0.1094363041528675
1768361892.5200956,0.5175619511220579,-0.05920201246804284,0.25428420272420393,0.7512454932582917,-0.5772194581518066,-0.32007484435681727,-0.5751447458975769,-0.8104085884270906,0.11156361893566379,117,0.48072949605208243,-0.04797794031182588,0.1094363041528675
1768361892.568071,0.5175601628497501,-0.05920582675793748,0.25428652581865213,0.7512412122530318,-0.5772256645574336,-0.3200736996206102,-0.5751517269468911,-0.8104038009472826,0.111562405855226,117,0.48072949605208243,-0.04797794031182588,0.1094363041528675
1768361892.6123295,0.5175628147189008,-0.05920719152591124,0.2542871488347976,0.7512409481133561,-0.5772289165376848,-0.3200684548506398,-0.575154167657632,-0.8104018830194156,0.1115637549773292,117,0.48072949605208243,-0.04797794031182588,0.1094363041528675
1768361892.6124907,0.5175628147189008,-0.05920719152591124,0.2542871488347976,0.7512409481133561,-0.5772289165376848,-0.3200684548506398,-0.575154167657632,-0.8104018830194156,0.1115637549773292,117,0.48072949605208243,-0.04797794031182588,0.1094363041528675
1768361892.6561604,0.5175623400112622,-0.05920603090898354,0.25428619635411054,0.7512411390804767,-0.5772274537982139,-0.32007064460006124,-0.5751530482589701,-0.8104027601740054,0.11156315422561516,117,0.48072949605208243,-0.04797794031182588,0.1094363041528675
1768361892.677961,0.5175620940306758,-0.05920727515279707,0.25428600014177727,0.751240854338102,-0.5772273374158114,-0.32007152280890544,-0.5751530332862205,-0.8104027746387428,0.11156312634328094,117,0.48072949605208243,-0.04797794031182588,0.1094363041528675
1768361892.7208698,0.5175628135965844,-0.05920458059352933,0.25428572208612915,0.7512439523155039,-0.5772224945099976,-0.3200729853346526,-0.5751482159865721,-0.810406289047201,0.11156243238746709,117,0.48072949605208243,-0.04797794031182588,0.1094363041528675
1768361892.7641256,0.5175623437514151,-0.059206023509603356,0.25428543088380373,0.75124141290553,-0.5772268573932055,-0.3200710774807172,-0.5751522061966327,-0.8104032584095351,0.11156387617125382,117,0.48072949605208243,-0.04797794031182588,0.1094363041528675
1768361892.8080683,0.5175611218938275,-0.05920602035483882,0.2542859369026601,0.7512402121857622,-0.5772280684883323,-0.3200717115652683,-0.5751532170172281,-0.8104023935919356,0.11156494707207645,117,0.48072949605208243,-0.04797794031182588,0.1094363041528675
1768361892.8521485,0.5175617060538876,-0.05920447835263453,0.2542833059071732,0.7512408010211173,-0.577224352367284,-0.32007703122111025,-0.5751499274043606,-0.8104047712610429,0.11156463473742699,117,0.48072949605208243,-0.04797794031182588,0.1094363041528675
1768361892.8522892,0.5175617060538876,-0.05920447835263453,0.2542833059071732,0.7512408010211173,-0.577224352367284,-0.32007703122111025,-0.5751499274043606,-0.8104047712610429,0.11156463473742699,117,0.48072949605208243,-0.04797794031182588,0.1094363041528675
1768361892.8973067,0.517562903332868,-0.05920656848956505,0.2542862983463576,0.751242491371446,-0.5772264678048475,-0.3200692487940114,-0.5751521478105106,-0.8104035287080688,0.11156221370368886,117,0.48072949605208243,-0.04797794031182588,0.1094363041528675
1768361892.9114423,0.5175618592944132,-0.059209060367591694,0.2542844872357287,0.7512386242321537,-0.5772291865001039,-0.32007342238025593,-0.5751548385927453,-0.8104013302579544,0.11156431131635028,117,0.48072949605208243,-0.04797794031182588,0.1094363041528675
1768361892.9520612,0.5175624078695676,-0.05920719056372675,0.2542862868928978,0.7512399556508733,-0.577229122292092,-0.3200704132086798,-0.5751548511457636,-0.8104014924804472,0.11156306821237147,117,0.48072949605208243,-0.04797794031182588,0.1094363041528675
1768361892.9961512,0.5175632339219831,-0.05920724173610018,0.25428587236920547,0.7512393610707161,-0.5772303957358811,-0.3200695121636245,-0.5751561472633204,-0.8104005830009883,0.11156299268517383,117,0.48072949605208243,-0.04797794031182588,0.1094363041528675
1768361893.044067,0.5175610004931533,-0.059205286601864394,0.25428375154425953,0.7512388532353788,-0.577227245032999,-0.320076386166189,-0.5751533171949658,-0.8104025028862435,0.11156363670721577,117,0.48072949605208243,-0.04797794031182588,0.1094363041528675
1768361893.0894911,0.5175638703840061,-0.059203143539295004,0.2542876629364085,0.7512460301823582,-0.5772224468190325,-0.32006819433285966,-0.5751488155633994,-0.8104063442796561,0.11155894005996657,117,0.48072949605208243,-0.04797794031182588,0.1094363041528675
1768361893.0896566,0.5175638703840061,-0.059203143539295004,0.2542876629364085,0.7512460301823582,-0.5772224468190325,-0.32006819433285966,-0.5751488155633994,-0.8104063442796561,0.11155894005996657,117,0.48072949605208243,-0.04797794031182588,0.1094363041528675
1768361893.1322887,0.5175638703840061,-0.059203143539295004,0.2542876629364085,0.7512460301823582,-0.5772224468190325,-0.32006819433285966,-0.5751488155633994,-0.8104063442796561,0.11155894005996657,117,0.48072949605208243,-0.04797794031182588,0.1094363041528675
1768361893.1446002,0.5175619509650735,-0.059208308254808044,0.25428315352433245,0.7512400176324686,-0.5772270450699699,-0.3200740138582935,-0.5751519897140542,-0.8104031094168508,0.11156607448263045,117,0.48072949605208243,-0.04797794031182588,0.1094363041528675
