timestamp,ee_x,ee_y,ee_z,pose_6d_0,pose_6d_1,pose_6d_2,pose_6d_3,pose_6d_4,pose_6d_5,gripper,obj_x,obj_y,obj_z
1768361810.5452778,0.2984605734566476,-0.010264273141038515,0.41811648669491247,0.977145314144622,-0.2006719620403613,0.07012701830307626,-0.19120172845377292,-0.9738669820228885,-0.1225765081976192,3,0.48072949605208243,-0.04797794031182588,0.1094363041528675
1768361810.588113,0.2984600238220721,-0.010322323790883357,0.4181167034426969,0.9771055395546575,-0.20086396038461174,0.07013154775285237,-0.1913933336038749,-0.9738303307828988,-0.12256866932159154,3,0.48072949605208243,-0.04797794031182588,0.1094363041528675
1768361810.6321285,0.2984597194120703,-0.010377123420160051,0.4181220114615308,0.9770671706853193,-0.2010463937399374,0.07014336414195604,-0.1915732632035819,-0.9737941093780984,-0.12257535382795107,3,0.48072949605208243,-0.04797794031182588,0.1094363041528675
1768361810.6763012,0.298455715490795,-0.010469552408389973,0.41812015376510303,0.9770003285941383,-0.20137356923696312,0.0701358933764415,-0.19190005459025514,-0.9737296451206426,-0.12257629159623137,3,0.48072949605208243,-0.04797794031182588,0.1094363041528675
1768361810.720091,0.2984599806258571,-0.010533539622023252,0.41813120360488853,0.9769537427967894,-0.20159062476989634,0.0701612745054446,-0.192112451279469,-0.9736861321856494,-0.12258924117859869,3,0.48072949605208243,-0.04797794031182588,0.1094363041528675
1768361810.720226,0.2984599806258571,-0.010533539622023252,0.41813120360488853,0.9769537427967894,-0.20159062476989634,0.0701612745054446,-0.192112451279469,-0.9736861321856494,-0.12258924117859869,3,0.48072949605208243,-0.04797794031182588,0.1094363041528675
1768361810.7641406,0.29846144787098233,-0.010562194476719355,0.4181326106677728,0.97693390583238,-0.20168473056331038,0.0701670370807781,-0.19220533886409374,-0.9736674160732932,-0.12259229416768333,3,0.48072949605208243,-0.04797794031182588,0.1094363041528675
1768361810.7779794,0.29846144787098233,-0.010562194476719355,0.4181326106677728,0.97693390583238,-0.20168473056331038,0.0701670370807781,-0.19220533886409374,-0.9736674160732932,-0.12259229416768333,3,0.48072949605208243,-0.04797794031182588,0.1094363041528675
1768361810.8245966,0.29848364271058736,-0.010543970544217187,0.4181457739554094,0.9769464457805065,-0.20161615296269034,0.07018952159233671,-0.19213856263626836,-0.9736859228867015,-0.12254997478719169,3,0.48072949605208243,-0.04797794031182588,0.1094363041528675
1768361810.868196,0.2987156880471019,-0.010197907370616904,0.4181979860555926,0.9771573151962133,-0.20061933900628157,0.07011035711798635,-0.19125733340282033,-0.9739981520267217,-0.1214423001600919,3,0.48072949605208243,-0.04797794031182588,0.1094363041528675
1768361810.9167752,0.29937874082614996,-0.009138952428742034,0.41848697909948834,0.9777428387604986,-0.19767389152492038,0.07031339745706933,-0.18862936299652777,-0.9749450319638103,-0.11790313000344424,3,0.48072949605208243,-0.04797794031182588,0.1094363041528675
1768361810.9169703,0.29937874082614996,-0.009138952428742034,0.41848697909948834,0.9777428387604986,-0.19767389152492038,0.07031339745706933,-0.18862936299652777,-0.9749450319638103,-0.11790313000344424,3,0.48072949605208243,-0.04797794031182588,0.1094363041528675
1768361810.9601984,0.29990067843053325,-0.008344457473810078,0.4187621677690833,0.9781618342527616,-0.19547915871429497,0.07062099206060869,-0.1866539625813344,-0.9756411228361854,-0.11525926289732005,3,0.48072949605208243,-0.04797794031182588,0.1094363041528675
1768361810.9782944,0.29990067843053325,-0.008344457473810078,0.4187621677690833,0.9781618342527616,-0.19547915871429497,0.07062099206060869,-0.1866539625813344,-0.9756411228361854,-0.11525926289732005,3,0.48072949605208243,-0.04797794031182588,0.1094363041528675
1768361811.0201347,0.300546278399579,-0.0074334678211814,0.41910781408539716,0.9786289787489673,-0.1929766374400599,0.0710305522650698,-0.1843943907005187,-0.9764217974622544,-0.1122460784115172,3,0.48072949605208243,-0.04797794031182588,0.1094363041528675
1768361811.064173,0.3020164212886745,-0.005317284011335981,0.4198473649591038,0.9796877806460541,-0.18720315579861135,0.07188067133694438,-0.17918044793664234,-0.9781582001107961,-0.10536082114919224,3,0.48072949605208243,-0.04797794031182588,0.1094363041528675
1768361811.1080766,0.30282651327146465,-0.004141084410944509,0.420277030700759,0.98025691009737,-0.18401327107665363,0.07235679839535804,-0.17629054971893007,-0.9790780458192646,-0.10162589372068195,3,0.48072949605208243,-0.04797794031182588,0.1094363041528675
1768361811.152207,0.30372241444421855,-0.0029316669422465584,0.42082861301568514,0.9808204691197202,-0.18073962173015232,0.07296846231498944,-0.17331138795457637,-0.979998045251937,-0.09781101220026976,3,0.48072949605208243,-0.04797794031182588,0.1094363041528675
1768361811.1523278,0.30372241444421855,-0.0029316669422465584,0.42082861301568514,0.9808204691197202,-0.18073962173015232,0.07296846231498944,-0.17331138795457637,-0.979998045251937,-0.09781101220026976,3,0.48072949605208243,-0.04797794031182588,0.1094363041528675
1768361811.1960747,0.30470016422232327,-0.0016877215172658628,0.42152881657073527,0.9813594142023764,-0.17740724454463228,0.07389431466256242,-0.17025872261362554,-0.9809175845267516,-0.09387576758769889,3,0.48072949605208243,-0.04797794031182588,0.1094363041528675
1768361811.212763,0.30574309370372416,-0.00041735868707987503,0.4222933913385855,0.9818834401603586,-0.17402818903463466,0.07496065207950992,-0.16715288996429592,-0.981822358377567,-0.08991533777113009,3,0.48072949605208243,-0.04797794031182588,0.1094363041528675
1768361811.2525327,0.30796812546820096,0.0021621315037496525,0.4240948840725298,0.982827937762637,-0.16756401193377288,0.07727578312706587,-0.16122957593209972,-0.9835022605492689,-0.08202638197088809,3,0.48072949605208243,-0.04797794031182588,0.1094363041528675
1768361811.2960668,0.30918747631468635,0.00374705990200758,0.4251496514556296,0.9832651761326163,-0.16441416175312648,0.07847022887638302,-0.15826644922191715,-0.9842271076225242,-0.07904891948462564,3,0.48072949605208243,-0.04797794031182588,0.1094363041528675
1768361811.3400588,0.31043791432748347,0.005431850283574903,0.4261996223906613,0.9837313949819426,-0.16107514576284215,0.07954457834674045,-0.15510636611234485,-0.9849483737977578,-0.07628050959829957,3,0.48072949605208243,-0.04797794031182588,0.1094363041528675
1768361811.3881552,0.3116906803985852,0.0071280110856424645,0.4271594179696783,0.9842034008182902,-0.15772015547947765,0.08042399127897974,-0.15196113975896547,-0.9856619322182608,-0.07333735323094726,3,0.48072949605208243,-0.04797794031182588,0.1094363041528675
1768361811.3883147,0.3116906803985852,0.0071280110856424645,0.4271594179696783,0.9842034008182902,-0.15772015547947765,0.08042399127897974,-0.15196113975896547,-0.9856619322182608,-0.07333735323094726,3,0.48072949605208243,-0.04797794031182588,0.1094363041528675
1768361811.4360733,0.3128909882729163,0.008780103270996096,0.4279691398964075,0.9846682767743954,-0.15446365383660876,0.0810516153915982,-0.1489704988515052,-0.986363374348865,-0.06996487843950575,3,0.48072949605208243,-0.04797794031182588,0.1094363041528675
1768361811.445345,0.3128909882729163,0.008780103270996096,0.4279691398964075,0.9846682767743954,-0.15446365383660876,0.0810516153915982,-0.1489704988515052,-0.986363374348865,-0.06996487843950575,3,0.48072949605208243,-0.04797794031182588,0.1094363041528675
1768361811.4921238,0.31524514142850407,0.012405629069344306,0.4295034382784766,0.9855387653241042,-0.14819414411998502,0.08216956670194538,-0.14325489032033747,-0.9876728586038156,-0.06309010046493653,3,0.48072949605208243,-0.04797794031182588,0.1094363041528675
1768361811.5360792,0.3174102747320387,0.016982283559474176,0.43082993364787087,0.9863057057253991,-0.14265060002198404,0.08277596974297848,-0.13816914113344236,-0.988733341594816,-0.05758183443757228,3,0.48072949605208243,-0.04797794031182588,0.1094363041528675
1768361811.5841534,0.318375694183639,0.019520471102689577,0.4313868532285605,0.98643259999027,-0.14174027787548013,0.08282764818717314,-0.13745273845360437,-0.9889586646963172,-0.05538505406409351,3,0.48072949605208243,-0.04797794031182588,0.1094363041528675
1768361811.5842886,0.318375694183639,0.019520471102689577,0.4313868532285605,0.98643259999027,-0.14174027787548013,0.08282764818717314,-0.13745273845360437,-0.9889586646963172,-0.05538505406409351,3,0.48072949605208243,-0.04797794031182588,0.1094363041528675
1768361811.6322412,0.3192058341827267,0.022136270285866937,0.43182583180524103,0.9862772295523307,-0.14289412575578234,0.08269519509058568,-0.1387993104426988,-0.9888829973848238,-0.05334012470774536,3,0.48072949605208243,-0.04797794031182588,0.1094363041528675
1768361811.6446142,0.3192058341827267,0.022136270285866937,0.43182583180524103,0.9862772295523307,-0.14289412575578234,0.08269519509058568,-0.1387993104426988,-0.9888829973848238,-0.05334012470774536,3,0.48072949605208243,-0.04797794031182588,0.1094363041528675
1768361811.688128,0.3205807864950004,0.027189685434334587,0.4325024259825693,0.9852587899230171,-0.14993542162612175,0.08236799269879883,-0.14628410590197713,-0.9880411501608765,-0.048740598572767954,3,0.48072949605208243,-0.04797794031182588,0.1094363041528675
1768361811.7321656,0.32184839046743136,0.031569508327037824,0.4331569381629531,0.9837859907467893,-0.15898201164945885,0.08300508648420214,-0.15603246601935922,-0.9869035630302757,-0.04092953488697756,3,0.48072949605208243,-0.04797794031182588,0.1094363041528675
1768361811.7760909,0.3223971813029513,0.033694890188285594,0.4333271463543418,0.9831185497773197,-0.16296013534364637,0.08319802505180479,-0.1603749693840589,-0.9863658735922557,-0.036908435453821095,3,0.48072949605208243,-0.04797794031182588,0.1094363041528675
1768361811.8201463,0.3229510485552391,0.035798615048254365,0.43342491449822973,0.9825741754231626,-0.1661574796678587,0.08330475221689314,-0.16393583593002814,-0.9859227846658069,-0.032883192891577685,3,0.48072949605208243,-0.04797794031182588,0.1094363041528675
1768361811.8202846,0.3229510485552391,0.035798615048254365,0.43342491449822973,0.9825741754231626,-0.1661574796678587,0.08330475221689314,-0.16393583593002814,-0.9859227846658069,-0.032883192891577685,3,0.48072949605208243,-0.04797794031182588,0.1094363041528675
1768361811.8640788,0.3234962025898141,0.037897747400669646,0.4334612368170158,0.9823713447007232,-0.16729204501476225,0.083426091755948,-0.1654316062391345,-0.9858011018534434,-0.028784913438764267,3,0.48072949605208243,-0.04797794031182588,0.1094363041528675
1768361811.8787231,0.3234962025898141,0.037897747400669646,0.4334612368170158,0.9823713447007232,-0.16729204501476225,0.083426091755948,-0.1654316062391345,-0.9858011018534434,-0.028784913438764267,3,0.48072949605208243,-0.04797794031182588,0.1094363041528675
1768361811.9202383,0.324432810046322,0.04197585427001868,0.4332169513898643,0.9822100512935907,-0.16834572894305,0.08320535249895465,-0.16719047568032613,-0.9857070213651717,-0.020712625936547872,3,0.48072949605208243,-0.04797794031182588,0.1094363041528675
1768361811.9641871,0.3251049461933142,0.045874464694459244,0.43233759044738773,0.9819982336324354,-0.17016921754663758,0.08198723402055796,-0.16963612419699206,-0.9854146245878693,-0.01347601631682864,3,0.48072949605208243,-0.04797794031182588,0.1094363041528675
1768361812.0082638,0.32536840297406644,0.04786272091310662,0.4317073480010747,0.981885758540281,-0.1712318844805423,0.08111719246262944,-0.1709954742247579,-0.9852220327250275,-0.009904242919842463,3,0.48072949605208243,-0.04797794031182588,0.1094363041528675
1768361812.0521843,0.3256245540749916,0.04979413528140287,0.4310249319755196,0.9818228230086975,-0.17202235265962312,0.08020133667639391,-0.17207458268512976,-0.9850637024434897,-0.006311903204468977,3,0.48072949605208243,-0.04797794031182588,0.1094363041528675
1768361812.0523238,0.3256245540749916,0.04979413528140287,0.4310249319755196,0.9818228230086975,-0.17202235265962312,0.08020133667639391,-0.17207458268512976,-0.9850637024434897,-0.006311903204468977,3,0.48072949605208243,-0.04797794031182588,0.1094363041528675
1768361812.0967176,0.3258920873450391,0.051690446072592065,0.4303023362982032,0.9817673387702766,-0.17282038044911296,0.07915812419046482,-0.17313221163272502,-0.9848941473518718,-0.002959021323178993,3,0.48072949605208243,-0.04797794031182588,0.1094363041528675
1768361812.1114979,0.3258920873450391,0.051690446072592065,0.4303023362982032,0.9817673387702766,-0.17282038044911296,0.07915812419046482,-0.17313221163272502,-0.9848941473518718,-0.002959021323178993,3,0.48072949605208243,-0.04797794031182588,0.1094363041528675
1768361812.152072,0.3265926746738808,0.05553320540339135,0.4289353968056388,0.9811440148541817,-0.1771645724213538,0.07726018634831455,-0.1779285233724125,-0.9840386439944286,0.003063934744551765,3,0.48072949605208243,-0.04797794031182588,0.1094363041528675
1768361812.2001994,0.3269583305081119,0.05749948121201074,0.4282322456163397,0.9807173667465121,-0.17995750485129391,0.0762151101126547,-0.1809192686226519,-0.983480543540316,0.005851386048557166,3,0.48072949605208243,-0.04797794031182588,0.1094363041528675
1768361812.2442846,0.32731810832636893,0.05944469373178073,0.42753611385021273,0.9802830439122836,-0.18281265252273152,0.07499791927560984,-0.18393952848369952,-0.9829021373723332,0.008344951173815191,3,0.48072949605208243,-0.04797794031182588,0.1094363041528675
1768361812.292495,0.3276947536696496,0.06132967780840953,0.4268887450143378,0.9798241257319508,-0.18574918211218377,0.07376939730181634,-0.18703198538222754,-0.9822942478725355,0.010818828056309057,3,0.48072949605208243,-0.04797794031182588,0.1094363041528675
1768361812.2926562,0.3276947536696496,0.06132967780840953,0.4268887450143378,0.9798241257319508,-0.18574918211218377,0.07376939730181634,-0.18703198538222754,-0.9822942478725355,0.010818828056309057,3,0.48072949605208243,-0.04797794031182588,0.1094363041528675
1768361812.336522,0.32810462058483864,0.06319176493071932,0.4263311694084809,0.9794355369136857,-0.18821539496192374,0.07267044880780105,-0.1896505436022472,-0.9817613146592145,0.013318871948591885,3,0.48072949605208243,-0.04797794031182588,0.1094363041528675
1768361812.3448143,0.32810462058483864,0.06319176493071932,0.4263311694084809,0.9794355369136857,-0.18821539496192374,0.07267044880780105,-0.1896505436022472,-0.9817613146592145,0.013318871948591885,3,0.48072949605208243,-0.04797794031182588,0.1094363041528675
1768361812.3881097,0.3290656988443003,0.0670497910327425,0.4253874085934467,0.9784906674012471,-0.19374822259092725,0.070835302297082,-0.19545824425561717,-0.9805468712700697,0.017997444123798147,3,0.48072949605208243,-0.04797794031182588,0.1094363041528675
1768361812.4323204,0.33016042209445473,0.07082945909747461,0.42444772661755903,0.9774550510583775,-0.1996159897207527,0.06881191617931548,-0.20153882009507043,-0.979229700659348,0.022165228202997787,3,0.48072949605208243,-0.04797794031182588,0.1094363041528675
1768361812.4760377,0.330704815413799,0.07268853617936306,0.423979241166776,0.9771110768003274,-0.2016827882208627,0.06766089365034958,-0.20368571237346725,-0.9787404462290316,0.02406801799712124,3,0.48072949605208243,-0.04797794031182588,0.1094363041528675
1768361812.5201094,0.33127256187851023,0.0746302010916138,0.4235475810443277,0.9769255740742938,-0.2030140378051576,0.0663454834458059,-0.20506140949718588,-0.9784144876743611,0.025591182933687794,3,0.48072949605208243,-0.04797794031182588,0.1094363041528675
1768361812.520224,0.33127256187851023,0.0746302010916138,0.4235475810443277,0.9769255740742938,-0.2030140378051576,0.0663454834458059,-0.20506140949718588,-0.9784144876743611,0.025591182933687794,3,0.48072949605208243,-0.04797794031182588,0.1094363041528675
1768361812.5641513,0.33240758506299733,0.0790925821038915,0.4227274844069898,0.9762959189392735,-0.20702187905530212,0.06315235747722843,-0.208984799882098,-0.9775685625255548,0.026173631386573422,3,0.48072949605208243,-0.04797794031182588,0.1094363041528675
1768361812.5780778,0.33240758506299733,0.0790925821038915,0.4227274844069898,0.9762959189392735,-0.20702187905530212,0.06315235747722843,-0.208984799882098,-0.9775685625255548,0.026173631386573422,3,0.48072949605208243,-0.04797794031182588,0.1094363041528675
1768361812.6215255,0.3330875859630067,0.08557341109673676,0.4213773022928943,0.9758505796065884,-0.21112676346705664,0.05604583864491174,-0.21243091762865315,-0.9770035086262754,0.018364350448523466,3,0.48072949605208243,-0.04797794031182588,0.1094363041528675
1768361812.6641326,0.3332303850933595,0.08953383090871615,0.4205844443043113,0.975711671422483,-0.21300508339462565,0.05114263092561106,-0.2138428764557449,-0.9768010025432617,0.011446642285504224,3,0.48072949605208243,-0.04797794031182588,0.1094363041528675
1768361812.7081254,0.33333324493744254,0.09368239770819634,0.41984458895547483,0.9757505093765438,-0.2140062470935873,0.04595943490006841,-0.21439681088792995,-0.976739689783121,0.00368590334350595,3,0.48072949605208243,-0.04797794031182588,0.1094363041528675
1768361812.7521715,0.3334915871484572,0.09757190680730365,0.4193030502909742,0.9760316229284315,-0.21365599018695725,0.04139310209350367,-0.21369567453005717,-0.9768939560181146,-0.0035153068745093713,3,0.48072949605208243,-0.04797794031182588,0.1094363041528675
1768361812.7523158,0.3334915871484572,0.09757190680730365,0.4193030502909742,0.9760316229284315,-0.21365599018695725,0.04139310209350367,-0.21369567453005717,-0.9768939560181146,-0.0035153068745093713,3,0.48072949605208243,-0.04797794031182588,0.1094363041528675
1768361812.7961297,0.3339556626897006,0.10478911772753359,0.41862840337051205,0.9770415294806082,-0.21033504071566297,0.03389720220511279,-0.20987465816113746,-0.9775864955677726,-0.01665147276570962,3,0.48072949605208243,-0.04797794031182588,0.1094363041528675
1768361812.8120203,0.3339556626897006,0.10478911772753359,0.41862840337051205,0.9770415294806082,-0.21033504071566297,0.03389720220511279,-0.20987465816113746,-0.9775864955677726,-0.01665147276570962,3,0.48072949605208243,-0.04797794031182588,0.1094363041528675
1768361812.8525608,0.3347373182315115,0.1107713713438987,0.4180591872398076,0.9782074665311158,-0.20557485144706167,0.0291398846136096,-0.2048853519613183,-0.9784672042075699,-0.02497844754799975,3,0.48072949605208243,-0.04797794031182588,0.1094363041528675
1768361812.8960836,0.3353736639250449,0.11314214341595316,0.4177412751784757,0.97880300785993,-0.20285362657103725,0.02819712735957248,-0.20214978785453044,-0.9790112719736347,-0.02593053448994333,3,0.48072949605208243,-0.04797794031182588,0.1094363041528675
1768361812.9401374,0.3361384001352909,0.11517845966769968,0.41725965921402297,0.9793514716401135,-0.20024744327814722,0.027778705097773925,-0.1995871218237081,-0.9795656037075309,-0.024823554041040984,3,0.48072949605208243,-0.04797794031182588,0.1094363041528675
1768361812.9843159,0.33849062925268014,0.119195379805812,0.4156662077160904,0.9792853443943931,-0.20043522377465844,0.02873909053462817,-0.19989763632292223,-0.9796017811907728,-0.02052523520874002,3,0.48072949605208243,-0.04797794031182588,0.1094363041528675
1768361812.984521,0.33849062925268014,0.119195379805812,0.4156662077160904,0.9792853443943931,-0.20043522377465844,0.02873909053462817,-0.19989763632292223,-0.9796017811907728,-0.02052523520874002,3,0.48072949605208243,-0.04797794031182588,0.1094363041528675
1768361813.0320916,0.3404599618091675,0.12151713217927917,0.41453823049589245,0.978387965397138,-0.2044043564621175,0.03123856951521187,-0.20388668531804313,-0.9788105242076631,-0.018978336342828347,3,0.48072949605208243,-0.04797794031182588,0.1094363041528675
1768361813.0451694,0.3404599618091675,0.12151713217927917,0.41453823049589245,0.978387965397138,-0.2044043564621175,0.03123856951521187,-0.20388668531804313,-0.9788105242076631,-0.018978336342828347,3,0.48072949605208243,-0.04797794031182588,0.1094363041528675
1768361813.0881596,0.3434242350674224,0.12403870293985295,0.41328723220005503,0.9768324281741342,-0.21091782423143213,0.03622262675323545,-0.21036028459755007,-0.9774467388699491,-0.018612451115835295,3,0.48072949605208243,-0.04797794031182588,0.1094363041528675
1768361813.132101,0.3470665672742473,0.1267859704464019,0.4120913281616626,0.9750209419311694,-0.21793779962111312,0.04286348436563525,-0.2172996191834686,-0.9759184517015783,-0.019080123980570782,3,0.48072949605208243,-0.04797794031182588,0.1094363041528675
1768361813.176405,0.3513928350099454,0.1297938122423558,0.41100198504717017,0.9728178895641796,-0.22580417483419463,0.05135979333432168,-0.2250212587185456,-0.9741355853531907,-0.020622668918408287,3,0.48072949605208243,-0.04797794031182588,0.1094363041528675
1768361813.2202065,0.3562890029075554,0.13293658193356003,0.41008668443819685,0.9703727443191341,-0.23365882826158466,0.061484055314982355,-0.23263924007806,-0.9722827510246286,-0.023350289845796554,3,0.48072949605208243,-0.04797794031182588,0.1094363041528675
1768361813.2203233,0.3562890029075554,0.13293658193356003,0.41008668443819685,0.9703727443191341,-0.23365882826158466,0.061484055314982355,-0.23263924007806,-0.9722827510246286,-0.023350289845796554,3,0.48072949605208243,-0.04797794031182588,0.1094363041528675
1768361813.2647996,0.36705436847064044,0.13904512093246055,0.4086300054685191,0.9650614463552524,-0.2483386665362859,0.08357219311283012,-0.24651760470317724,-0.968622631941242,-0.03161119204695742,3,0.48072949605208243,-0.04797794031182588,0.1094363041528675
1768361813.277986,0.3723837539369119,0.14206183449223864,0.40798651972245203,0.9623608458739384,-0.2549127063782246,0.09423966498097712,-0.2525515042864085,-0.9668989995950347,-0.03638766638290422,3,0.48072949605208243,-0.04797794031182588,0.1094363041528675
1768361813.3201492,0.3776251620600286,0.14505554887845937,0.40739669181406685,0.9599942631952741,-0.25962893154969674,0.10489915411730424,-0.25663677570592985,-0.9656243651550346,-0.04131768113291107,3,0.48072949605208243,-0.04797794031182588,0.1094363041528675
1768361813.3641145,0.3824250608709229,0.14785402750205717,0.406712225555685,0.957937469906279,-0.2633265292775712,0.11408305188845914,-0.2596982646060801,-0.9646009063288123,-0.04584651426471008,3,0.48072949605208243,-0.04797794031182588,0.1094363041528675
1768361813.4124043,0.39099712706411466,0.1530871512075275,0.405031806512093,0.9545015249885408,-0.2687341645459422,0.12926247560813933,-0.26384565548861355,-0.9630584652626489,-0.0538874991601498,3,0.48072949605208243,-0.04797794031182588,0.1094363041528675
1768361813.4125025,0.39099712706411466,0.1530871512075275,0.405031806512093,0.9545015249885408,-0.2687341645459422,0.12926247560813933,-0.26384565548861355,-0.9630584652626489,-0.0538874991601498,3,0.48072949605208243,-0.04797794031182588,0.1094363041528675
1768361813.4563992,0.39099712706411466,0.1530871512075275,0.405031806512093,0.9545015249885408,-0.2687341645459422,0.12926247560813933,-0.26384565548861355,-0.9630584652626489,-0.0538874991601498,3,0.48072949605208243,-0.04797794031182588,0.1094363041528675
1768361813.478766,0.397385336340601,0.1580283089993165,0.4028672231988294,0.9530381457300714,-0.2690697477702477,0.13899555251245563,-0.2633205742476801,-0.9629289801899392,-0.05856666533307077,3,0.48072949605208243,-0.04797794031182588,0.1094363041528675
1768361813.5202157,0.4015904041410435,0.1626422366251939,0.3998844956795448,0.9524013969723597,-0.26913375410182044,0.14317332659458207,-0.2630641338099832,-0.9629035133034167,-0.06011726516351429,3,0.48072949605208243,-0.04797794031182588,0.1094363041528675
1768361813.5641654,0.402584452600805,0.16471171270757,0.3981231222258551,0.9525587945701538,-0.2689265327113738,0.1425140796233645,-0.26299882884294956,-0.9629736546755375,-0.059273572762876876,3,0.48072949605208243,-0.04797794031182588,0.1094363041528675
1768361813.6121004,0.4027674059607699,0.16666313470476582,0.39615466766900187,0.9532029522858559,-0.26796745483995454,0.1399913386610951,-0.2624165249000354,-0.9632662231708543,-0.057059186443088245,3,0.48072949605208243,-0.04797794031182588,0.1094363041528675
1768361813.6122327,0.4027674059607699,0.16666313470476582,0.39615466766900187,0.9532029522858559,-0.26796745483995454,0.1399913386610951,-0.2624165249000354,-0.9632662231708543,-0.057059186443088245,3,0.48072949605208243,-0.04797794031182588,0.1094363041528675
1768361813.6562371,0.4019632478183219,0.1704877003092008,0.39195117209686653,0.9544754118491158,-0.2670555349386016,0.13288351829372494,-0.2624871783438924,-0.9635808095686574,-0.051112666102177004,3,0.48072949605208243,-0.04797794031182588,0.1094363041528675
1768361813.6789207,0.4019632478183219,0.1704877003092008,0.39195117209686653,0.9544754118491158,-0.2670555349386016,0.13288351829372494,-0.2624871783438924,-0.9635808095686574,-0.051112666102177004,3,0.48072949605208243,-0.04797794031182588,0.1094363041528675
1768361813.7201977,0.4008598471117318,0.17438051939915356,0.3878792947825559,0.9550003440906167,-0.2683554349786793,0.12633171931153045,-0.26469000806599496,-0.9632701250619371,-0.045275443600074045,3,0.48072949605208243,-0.04797794031182588,0.1094363041528675
1768361813.768163,0.4002747713789769,0.17629754184501767,0.38596509921781436,0.9548540695886014,-0.2702731512155535,0.12331313604844042,-0.26700899422366275,-0.9627525826512007,-0.042587106054669525,3,0.48072949605208243,-0.04797794031182588,0.1094363041528675
1768361813.8161416,0.3996419186502614,0.17825635329116335,0.38408747540410354,0.9547953672485094,-0.2717712736571697,0.12044161031613483,-0.2688949030723222,-0.9623452796387522,-0.039838346586401674,3,0.48072949605208243,-0.04797794031182588,0.1094363041528675
1768361813.8162796,0.3996419186502614,0.17825635329116335,0.38408747540410354,0.9547953672485094,-0.2717712736571697,0.12044161031613483,-0.2688949030723222,-0.9623452796387522,-0.039838346586401674,3,0.48072949605208243,-0.04797794031182588,0.1094363041528675
1768361813.8602138,0.39897630866258965,0.18025115070490377,0.3822306476502954,0.9551082739841065,-0.271858108017617,0.11773425190735023,-0.26936746761922203,-0.9623309336406932,-0.03688280828027987,3,0.48072949605208243,-0.04797794031182588,0.1094363041528675
1768361813.878612,0.39897630866258965,0.18025115070490377,0.3822306476502954,0.9551082739841065,-0.271858108017617,0.11773425190735023,-0.26936746761922203,-0.9623309336406932,-0.03688280828027987,3,0.48072949605208243,-0.04797794031182588,0.1094363041528675
1768361813.9209104,0.39761933686953,0.18419527254239268,0.37843289113492146,0.9562059771332807,-0.2703534729249628,0.11215671612524584,-0.2685984504398867,-0.9627608720698706,-0.03076321882628452,3,0.48072949605208243,-0.04797794031182588,0.1094363041528675
1768361813.9641342,0.39691926414168044,0.1861666187660632,0.3764726737163985,0.9565077043126727,-0.2704901488025792,0.10921580009897483,-0.2690768023446572,-0.9627185697774369,-0.027760220562177966,3,0.48072949605208243,-0.04797794031182588,0.1094363041528675
1768361814.0080717,0.3961815251872821,0.18816765721808754,0.3744735366097769,0.9566975063976109,-0.27101247991615846,0.10621731018194508,-0.26992808930499906,-0.9625627973272068,-0.02473232309702435,3,0.48072949605208243,-0.04797794031182588,0.1094363041528675
1768361814.0522008,0.3954360969364228,0.19019325670028053,0.37243385798311057,0.9570933489320754,-0.2707838527789427,0.10319121330896704,-0.2700214693842964,-0.9626129964765631,-0.021555163788709312,3,0.48072949605208243,-0.04797794031182588,0.1094363041528675
1768361814.0523539,0.3954360969364228,0.19019325670028053,0.37243385798311057,0.9570933489320754,-0.2707838527789427,0.10319121330896704,-0.2700214693842964,-0.9626129964765631,-0.021555163788709312,3,0.48072949605208243,-0.04797794031182588,0.1094363041528675
1768361814.0961113,0.39405095559977177,0.19383864180571017,0.36838074251696795,0.957847102281453,-0.2702963080210998,0.09730793657860763,-0.2701385897431307,-0.9627039192483389,-0.015043476841485083,3,0.48072949605208243,-0.04797794031182588,0.1094363041528675
1768361814.1113992,0.39405095559977177,0.19383864180571017,0.36838074251696795,0.957847102281453,-0.2702963080210998,0.09730793657860763,-0.2701385897431307,-0.9627039192483389,-0.015043476841485083,3,0.48072949605208243,-0.04797794031182588,0.1094363041528675
1768361814.156074,0.3929451429341849,0.19675479295865136,0.36455554415119396,0.958470811156567,-0.269885036973974,0.09217250662984851,-0.2702823320317694,-0.9627446151287993,-0.008382543287605649,3,0.48072949605208243,-0.04797794031182588,0.1094363041528675
1768361814.2001064,0.39253045178495666,0.19794365184198787,0.36272880527414025,0.9590046839181391,-0.2687376236992821,0.08994501560138557,-0.26940242118315216,-0.9630152533170148,-0.00489462352197075,3,0.48072949605208243,-0.04797794031182588,0.1094363041528675
1768361814.2442245,0.39228766517060704,0.19893448463846156,0.3609505313823049,0.9595856159937363,-0.2672815811360555,0.08806816657188002,-0.26820134104562077,-0.9633618065616828,-0.0014388605011089167,3,0.48072949605208243,-0.04797794031182588,0.1094363041528675
1768361814.2881033,0.3921508488082208,0.19974752145809688,0.3592063941928377,0.9600847122807363,-0.26600707580096716,0.08647300658953998,-0.2671852919693546,-0.9636428057707878,0.0021360340480868836,3,0.48072949605208243,-0.04797794031182588,0.1094363041528675
1768361814.2882433,0.3921508488082208,0.19974752145809688,0.3592063941928377,0.9600847122807363,-0.26600707580096716,0.08647300658953998,-0.2671852919693546,-0.9636428057707878,0.0021360340480868836,3,0.48072949605208243,-0.04797794031182588,0.1094363041528675
1768361814.332295,0.3919275479351911,0.2011184605657738,0.35557486096969604,0.9610919672722631,-0.2634703036274147,0.08297969360758752,-0.26514213883892473,-0.9641613671555425,0.009617915401783398,3,0.48072949605208243,-0.04797794031182588,0.1094363041528675
1768361814.3446,0.3919275479351911,0.2011184605657738,0.35557486096969604,0.9610919672722631,-0.2634703036274147,0.08297969360758752,-0.26514213883892473,-0.9641613671555425,0.009617915401783398,3,0.48072949605208243,-0.04797794031182588,0.1094363041528675
1768361814.3881278,0.3919251746595845,0.2015657040913422,0.35182362420050306,0.9618003741949599,-0.26224860973475517,0.07852201532451632,-0.26432940185764053,-0.9642789038116033,0.017209386318946574,3,0.48072949605208243,-0.04797794031182588,0.1094363041528675
1768361814.436059,0.3918715988798232,0.20197196570173545,0.3498222139216943,0.9622813265877466,-0.26118551339565643,0.07613656212867896,-0.26344384014768474,-0.9644433849644094,0.02112582037775582,3,0.48072949605208243,-0.04797794031182588,0.1094363041528675
1768361814.4840295,0.3918313761745352,0.2023499483357173,0.3477747521397127,0.9627425971407005,-0.2602000365648731,0.07363852675344668,-0.262608833699036,-0.9645783033474454,0.025005942785587106,3,0.48072949605208243,-0.04797794031182588,0.1094363041528675
1768361814.4841068,0.3918313761745352,0.2023499483357173,0.3477747521397127,0.9627425971407005,-0.2602000365648731,0.07363852675344668,-0.262608833699036,-0.9645783033474454,0.025005942785587106,3,0.48072949605208243,-0.04797794031182588,0.1094363041528675
1768361814.5320852,0.39184152401559585,0.20261191021902833,0.345668044566796,0.963133472557664,-0.25950348753071384,0.07093556229714658,-0.26203266007195136,-0.9646268814798967,0.028876713490056292,3,0.48072949605208243,-0.04797794031182588,0.1094363041528675
1768361814.544666,0.39184152401559585,0.20261191021902833,0.345668044566796,0.963133472557664,-0.25950348753071384,0.07093556229714658,-0.26203266007195136,-0.9646268814798967,0.028876713490056292,3,0.48072949605208243,-0.04797794031182588,0.1094363041528675
1768361814.588129,0.3917474495302553,0.20371663170215948,0.34118907989499814,0.9642681315063288,-0.2567650419135267,0.06525859186680753,-0.25945134790039276,-0.9650638250870265,0.03656243401453121,3,0.48072949605208243,-0.04797794031182588,0.1094363041528675
1768361814.6322532,0.3914133955625076,0.20606861065621918,0.336380219443896,0.9660864054264797,-0.25120691927720656,0.05976739041817629,-0.2539593600091265,-0.9662160190680349,0.04394596636864101,3,0.48072949605208243,-0.04797794031182588,0.1094363041528675
1768361814.6760356,0.39109056032184514,0.20778132273508726,0.3339197470453664,0.9672755658241742,-0.24722078407752612,0.05709521590831679,-0.24997335617161837,-0.9670900488132542,0.04743583761962323,3,0.48072949605208243,-0.04797794031182588,0.1094363041528675
1768361814.7241983,0.390694278903293,0.20980354497174233,0.33146985104830984,0.9685638777147426,-0.24266778649245468,0.05473901885340858,-0.24541784032390573,-0.9680867527172338,0.050775218996588364,3,0.48072949605208243,-0.04797794031182588,0.1094363041528675
1768361814.7242975,0.390694278903293,0.20980354497174233,0.33146985104830984,0.9685638777147426,-0.24266778649245468,0.05473901885340858,-0.24541784032390573,-0.9680867527172338,0.050775218996588364,3,0.48072949605208243,-0.04797794031182588,0.1094363041528675
1768361814.77211,0.3897833757463444,0.21468500985741779,0.3269866804494938,0.970120975630331,-0.2369979469410689,0.05193520759343375,-0.2397735723268158,-0.9692128970912414,0.05599101825864654,3,0.48072949605208243,-0.04797794031182588,0.1094363041528675
1768361814.7780874,0.3897833757463444,0.21468500985741779,0.3269866804494938,0.970120975630331,-0.2369979469410689,0.05193520759343375,-0.2397735723268158,-0.9692128970912414,0.05599101825864654,3,0.48072949605208243,-0.04797794031182588,0.1094363041528675
1768361814.8200812,0.38994274729319,0.22064059678112205,0.32348594945533365,0.9698800505729912,-0.23724183366243146,0.055217749510635114,-0.24030429706098344,-0.9689849530220211,0.05763684265240622,3,0.48072949605208243,-0.04797794031182588,0.1094363041528675
1768361814.8640895,0.3905447618074093,0.22397720043803016,0.32211617914937773,0.9696699673178407,-0.2371692842117072,0.05908371271614815,-0.24047586292900336,-0.9689772667615569,0.057047487655936736,3,0.48072949605208243,-0.04797794031182588,0.1094363041528675
1768361814.9088652,0.3914765417692498,0.22728765703837325,0.3210214111112962,0.9696081537697255,-0.23608651192223346,0.0642120474027866,-0.23969663972986943,-0.9692388460712184,0.055871103163820546,3,0.48072949605208243,-0.04797794031182588,0.1094363041528675
1768361814.9521086,0.39273567651670704,0.2308057541974782,0.32018160787144184,0.9697927690304936,-0.23350248777663704,0.07055900607498203,-0.23744399252192902,-0.96991128509047,0.053781497463342376,3,0.48072949605208243,-0.04797794031182588,0.1094363041528675
1768361814.9522119,0.39273567651670704,0.2308057541974782,0.32018160787144184,0.9697927690304936,-0.23350248777663704,0.07055900607498203,-0.23744399252192902,-0.96991128509047,0.053781497463342376,3,0.48072949605208243,-0.04797794031182588,0.1094363041528675
1768361814.996233,0.39593380923691235,0.23792233816981306,0.31897943758418223,0.9700899467464347,-0.22725056110037264,0.08533860615844116,-0.23181161277364068,-0.9715818852374248,0.04787500873916489,3,0.48072949605208243,-0.04797794031182588,0.1094363041528675
1768361815.0113,0.39593380923691235,0.23792233816981306,0.31897943758418223,0.9700899467464347,-0.22725056110037264,0.08533860615844116,-0.23181161277364068,-0.9715818852374248,0.04787500873916489,3,0.48072949605208243,-0.04797794031182588,0.1094363041528675
1768361815.0521374,0.399317906705972,0.24521753155950746,0.31806634763299035,0.9701096082000048,-0.22053838981003948,0.10124310691611982,-0.22559177453956897,-0.9733427771080397,0.041378611766198295,3,0.48072949605208243,-0.04797794031182588,0.1094363041528675
1768361815.0960965,0.4010638985643339,0.24896920444976497,0.3175827866936591,0.9702217110304495,-0.21608045396792525,0.10944893264971678,-0.22131720836315522,-0.9744590396767802,0.03805618575930972,3,0.48072949605208243,-0.04797794031182588,0.1094363041528675
1768361815.140136,0.4024787090913158,0.25266587639613386,0.3169928320573421,0.9703266043933684,-0.21174059189568312,0.11675702355790643,-0.21712037605256046,-0.975505739460056,0.03531705796472963,3,0.48072949605208243,-0.04797794031182588,0.1094363041528675
1768361815.184128,0.4051193386738096,0.25981714950822365,0.3156703950504084,0.9699805361124364,-0.20495975034276584,0.13087880004974725,-0.21056817448070994,-0.97710617443739,0.030406706039794004,3,0.48072949605208243,-0.04797794031182588,0.1094363041528675
1768361815.1842837,0.4051193386738096,0.25981714950822365,0.3156703950504084,0.9699805361124364,-0.20495975034276584,0.13087880004974725,-0.21056817448070994,-0.97710617443739,0.030406706039794004,3,0.48072949605208243,-0.04797794031182588,0.1094363041528675
1768361815.2321048,0.4061448482968665,0.2633373472660831,0.31476741344560577,0.969628858620853,-0.20261178951673656,0.1369975885862502,-0.2083006595918291,-0.9776524991854718,0.028397641627600535,3,0.48072949605208243,-0.04797794031182588,0.1094363041528675
1768361815.2446556,0.4061448482968665,0.2633373472660831,0.31476741344560577,0.969628858620853,-0.20261178951673656,0.1369975885862502,-0.2083006595918291,-0.9776524991854718,0.028397641627600535,3,0.48072949605208243,-0.04797794031182588,0.1094363041528675
1768361815.2883286,0.406951676340797,0.26637538895101787,0.3137470300800599,0.9690887657115904,-0.20173866813498517,0.1420157524738319,-0.20752294005083263,-0.9778570516179187,0.027015106029215533,3,0.48072949605208243,-0.04797794031182588,0.1094363041528675
1768361815.3321445,0.40749527637374294,0.26927166515472706,0.31251568504393584,0.9687520797348712,-0.2004546511240541,0.14607306682648785,-0.20636525607960435,-0.9781203554476703,0.026342956214565408,3,0.48072949605208243,-0.04797794031182588,0.1094363041528675
1768361815.380136,0.4078524908804163,0.27175204653212187,0.3111135844730324,0.9686650132371144,-0.19878553441847205,0.14890400745548654,-0.20485532979263935,-0.9784350069957242,0.026442975264255264,3,0.48072949605208243,-0.04797794031182588,0.1094363041528675
1768361815.380273,0.4078524908804163,0.27175204653212187,0.3111135844730324,0.9686650132371144,-0.19878553441847205,0.14890400745548654,-0.20485532979263935,-0.9784350069957242,0.026442975264255264,3,0.48072949605208243,-0.04797794031182588,0.1094363041528675
1768361815.424479,0.4077700058183779,0.2760041933017501,0.30754990773128327,0.9688782237905262,-0.1958859329476507,0.15133964694601248,-0.20243767963985462,-0.9788651341776538,0.029017838537627648,3,0.48072949605208243,-0.04797794031182588,0.1094363041528675
1768361815.444657,0.4075156046264976,0.2774946304054895,0.30538565396992107,0.9688388693784882,-0.19657822381157902,0.15069255822534144,-0.20340351200019763,-0.9785993872496652,0.031148845573563844,3,0.48072949605208243,-0.04797794031182588,0.1094363041528675
1768361815.4921813,0.4061956569081417,0.27950135398503895,0.30012040816174324,0.9687046751048948,-0.2013724340953376,0.14512200114537965,-0.2087788717960022,-0.977239986953932,0.037595087310283166,3,0.48072949605208243,-0.04797794031182588,0.1094363041528675
1768361815.5401378,0.40551896415648303,0.2801422774003541,0.2971438873321667,0.9684857229990881,-0.2051168092763863,0.14128870761390688,-0.2127604834138742,-0.9762378994097954,0.04114049651431802,3,0.48072949605208243,-0.04797794031182588,0.1094363041528675
1768361815.5849996,0.40551896415648303,0.2801422774003541,0.2971438873321667,0.9684857229990881,-0.2051168092763863,0.14128870761390688,-0.2127604834138742,-0.9762378994097954,0.04114049651431802,3,0.48072949605208243,-0.04797794031182588,0.1094363041528675
1768361815.5852008,0.40551896415648303,0.2801422774003541,0.2971438873321667,0.9684857229990881,-0.2051168092763863,0.14128870761390688,-0.2127604834138742,-0.9762378994097954,0.04114049651431802,3,0.48072949605208243,-0.04797794031182588,0.1094363041528675
1768361815.628165,0.4045275391272841,0.28087314165272026,0.2909651684097268,0.9686692062449106,-0.21014105133852798,0.13236580908676268,-0.21807253535970414,-0.9747306382823838,0.04842057533123349,3,0.48072949605208243,-0.04797794031182588,0.1094363041528675
1768361815.6446457,0.4045275391272841,0.28087314165272026,0.2909651684097268,0.9686692062449106,-0.21014105133852798,0.13236580908676268,-0.21807253535970414,-0.9747306382823838,0.04842057533123349,3,0.48072949605208243,-0.04797794031182588,0.1094363041528675
1768361815.692119,0.4038429674667109,0.2811962505699154,0.2844735791470574,0.9701682147053855,-0.20986427052252807,0.12136977850112503,-0.2177633413469703,-0.9744042524110171,0.05581648545662849,3,0.48072949605208243,-0.04797794031182588,0.1094363041528675
1768361815.736139,0.40336753303110096,0.28151803782217444,0.2811336475420901,0.971089886090409,-0.20900304837680206,0.11533498559466254,-0.2167587805208679,-0.9744250564806162,0.05925740772135273,3,0.48072949605208243,-0.04797794031182588,0.1094363041528675
1768361815.7804315,0.4030432727541905,0.2816181910320925,0.27786566529543344,0.9717783893985932,-0.20915372774376104,0.10909390481949308,-0.21667765858020457,-0.9742550379732664,0.06227289342811654,3,0.48072949605208243,-0.04797794031182588,0.1094363041528675
1768361815.7805948,0.4030432727541905,0.2816181910320925,0.27786566529543344,0.9717783893985932,-0.20915372774376104,0.10909390481949308,-0.21667765858020457,-0.9742550379732664,0.06227289342811654,3,0.48072949605208243,-0.04797794031182588,0.1094363041528675
1768361815.8240786,0.40240219433981556,0.28207259309969457,0.274528442887711,0.9725233741905092,-0.20901342050700045,0.10252646829512291,-0.21623255383537404,-0.9741673680263779,0.0651261985255698,3,0.48072949605208243,-0.04797794031182588,0.1094363041528675
1768361815.8452535,0.40240219433981556,0.28207259309969457,0.274528442887711,0.9725233741905092,-0.20901342050700045,0.10252646829512291,-0.21623255383537404,-0.9741673680263779,0.0651261985255698,3,0.48072949605208243,-0.04797794031182588,0.1094363041528675
1768361815.8881664,0.40120595010317667,0.2828481843607891,0.26785795492838443,0.9733117576056282,-0.2116628906520338,0.08867380237403001,-0.21803765194282665,-0.9734529438700946,0.06963439097102436,3,0.48072949605208243,-0.04797794031182588,0.1094363041528675
1768361815.93212,0.39958468329999947,0.28476133328585906,0.26141299351672553,0.9739525816791001,-0.2142528466278685,0.07424342632496826,-0.2195502349615929,-0.9729016957449259,0.07252575228811617,3,0.48072949605208243,-0.04797794031182588,0.1094363041528675
1768361815.9761293,0.398781919509351,0.28589115303887247,0.25839324995060553,0.974138948872268,-0.21583011654400786,0.066863062169133,-0.22052692241131738,-0.9726204661504934,0.07333011193902789,3,0.48072949605208243,-0.04797794031182588,0.1094363041528675
1768361816.020145,0.39797305132456773,0.2873129332484988,0.25558988563715146,0.9745946207867507,-0.21591952504855608,0.05953220839458052,-0.22000327932500965,-0.9727125441668715,0.07368082183753133,3,0.48072949605208243,-0.04797794031182588,0.1094363041528675
1768361816.0202775,0.39797305132456773,0.2873129332484988,0.25558988563715146,0.9745946207867507,-0.21591952504855608,0.05953220839458052,-0.22000327932500965,-0.9727125441668715,0.07368082183753133,3,0.48072949605208243,-0.04797794031182588,0.1094363041528675
1768361816.0641606,0.39726578517833977,0.28894183131948525,0.2530925773911997,0.9750378178911329,-0.21574129060560132,0.05250665871989681,-0.21922724791971915,-0.9729001400536933,0.07351687733473207,3,0.48072949605208243,-0.04797794031182588,0.1094363041528675
1768361816.0780327,0.39726578517833977,0.28894183131948525,0.2530925773911997,0.9750378178911329,-0.21574129060560132,0.05250665871989681,-0.21922724791971915,-0.9729001400536933,0.07351687733473207,3,0.48072949605208243,-0.04797794031182588,0.1094363041528675
1768361816.1201942,0.39625262902773334,0.2923709055166099,0.24902860291249163,0.9751451997512494,-0.21799561288256333,0.039620098006591706,-0.22037746807849054,-0.9727808720318952,0.07163202197467128,3,0.48072949605208243,-0.04797794031182588,0.1094363041528675
1768361816.164156,0.3960657195430239,0.2959455106612126,0.24621738388290249,0.9749330690886316,-0.22071670877695845,0.028100627467880317,-0.22215459196705903,-0.9726499119972144,0.06781951017045669,3,0.48072949605208243,-0.04797794031182588,0.1094363041528675
1768361816.2122982,0.3961085758303523,0.29781659942649386,0.24513203715119758,0.9750289019834024,-0.22091630718805932,0.02268535905450266,-0.22194739874729802,-0.9728609084098596,0.06542939001129748,3,0.48072949605208243,-0.04797794031182588,0.1094363041528675
1768361816.2124226,0.3961085758303523,0.29781659942649386,0.24513203715119758,0.9750289019834024,-0.22091630718805932,0.02268535905450266,-0.22194739874729802,-0.9728609084098596,0.06542939001129748,3,0.48072949605208243,-0.04797794031182588,0.1094363041528675
1768361816.2562099,0.39626397575181277,0.2995857732683472,0.24412885828260705,0.9751976192866385,-0.22067165552840715,0.01713545400695323,-0.22131800198037274,-0.9731778452559834,0.06279509138728243,3,0.48072949605208243,-0.04797794031182588,0.1094363041528675
1768361816.2780147,0.3967367875534709,0.30114480841430796,0.24337776165918734,0.9751341929597905,-0.221296281436863,0.011885349926487553,-0.22160906515151976,-0.9733040831969069,0.05973762528673324,3,0.48072949605208243,-0.04797794031182588,0.1094363041528675
1768361816.3201115,0.3967367875534709,0.30114480841430796,0.24337776165918734,0.9751341929597905,-0.221296281436863,0.011885349926487553,-0.22160906515151976,-0.9733040831969069,0.05973762528673324,3,0.48072949605208243,-0.04797794031182588,0.1094363041528675
1768361816.368137,0.3980639682418298,0.3043049621591682,0.24247911676756817,0.9747982294282838,-0.223078103234541,0.002138167617971635,-0.2228794360108168,-0.9734259451334188,0.05259929984905029,3,0.48072949605208243,-0.04797794031182588,0.1094363041528675
1768361816.4121332,0.39952189152379475,0.30717899677638694,0.24175958859067664,0.9738516355413592,-0.22705482610854427,-0.007687515478930052,-0.2264937763987795,-0.9729704096787158,0.0450461001891618,3,0.48072949605208243,-0.04797794031182588,0.1094363041528675
1768361816.412324,0.39952189152379475,0.30717899677638694,0.24175958859067664,0.9738516355413592,-0.22705482610854427,-0.007687515478930052,-0.2264937763987795,-0.9729704096787158,0.0450461001891618,3,0.48072949605208243,-0.04797794031182588,0.1094363041528675
1768361816.4561005,0.4003150127967539,0.3083124237077205,0.24136107399449966,0.9732250728770574,-0.22949915372894142,-0.012770902910393248,-0.22880807767574746,-0.9725940352174088,0.04132440259516691,3,0.48072949605208243,-0.04797794031182588,0.1094363041528675
1768361816.478188,0.4012168635501508,0.3092842315301864,0.2409516753869136,0.9726093039184053,-0.23173595994293084,-0.0181545256254163,-0.2309506308347501,-0.972245340762688,0.037427309311198434,3,0.48072949605208243,-0.04797794031182588,0.1094363041528675
1768361816.5201504,0.40213395824004944,0.31009570697037414,0.24051135331761236,0.972096718387614,-0.2333809026002254,-0.02369228569675021,-0.23254250969515775,-0.9720081825194379,0.03352721730083022,3,0.48072949605208243,-0.04797794031182588,0.1094363041528675
1768361816.5641222,0.4040863299255909,0.3110944989545221,0.2395858275140607,0.9708080289991331,-0.2373261067629067,-0.03475758736707722,-0.23651051823590732,-0.9712807817564709,0.02600803249615793,3,0.48072949605208243,-0.04797794031182588,0.1094363041528675
1768361816.6080766,0.4051503955183898,0.3111047441752354,0.23903307066171414,0.9699136911766888,-0.24013715763414326,-0.04001971003650023,-0.23938136015697084,-0.9706582335945453,0.0227850381723595,3,0.48072949605208243,-0.04797794031182588,0.1094363041528675
1768361816.6521316,0.40622875536660463,0.3107920871262271,0.23839707966532575,0.9690127741690201,-0.24286476116786357,-0.04506607682211192,-0.2421877100857556,-0.9700231881972509,0.020003185822738603,3,0.48072949605208243,-0.04797794031182588,0.1094363041528675
1768361816.6522245,0.40622875536660463,0.3107920871262271,0.23839707966532575,0.9690127741690201,-0.24286476116786357,-0.04506607682211192,-0.2421877100857556,-0.9700231881972509,0.020003185822738603,3,0.48072949605208243,-0.04797794031182588,0.1094363041528675
1768361816.696103,0.40737117329689954,0.3101149831402579,0.23772887668027165,0.9680370500039943,-0.24583540172806748,-0.04969129779713704,-0.24524697006054466,-0.9692989311674294,0.017706092561634183,3,0.48072949605208243,-0.04797794031182588,0.1094363041528675
1768361816.712855,0.4085826180797746,0.3091520774346497,0.23703355391773334,0.9669661702896023,-0.24912410539338284,-0.05397782533047166,-0.24862972446505285,-0.9684697948582387,0.01579609317752969,3,0.48072949605208243,-0.04797794031182588,0.1094363041528675
1768361816.7561507,0.4098014007961767,0.30794836680222437,0.2362750823877319,0.965797310525113,-0.25270668722394385,-0.05809376227064465,-0.25230701601419514,-0.9675425081832614,0.014236029237672622,3,0.48072949605208243,-0.04797794031182588,0.1094363041528675
1768361816.8001416,0.4123732014106203,0.30496587412556986,0.23478582827983777,0.9631922453581538,-0.2607105047706273,-0.06550367305855988,-0.2605055847708919,-0.9654002141096127,0.01180113978774022,3,0.48072949605208243,-0.04797794031182588,0.1094363041528675
1768361816.8454292,0.4135488121091402,0.303439263397185,0.23401319514689922,0.9618954010105988,-0.264561075037108,-0.06902662594875343,-0.2644557124363819,-0.9643370590523132,0.010826481335197926,3,0.48072949605208243,-0.04797794031182588,0.1094363041528675
1768361816.8881776,0.4146788108686922,0.3018975800923692,0.23322899903488992,0.9606733636952591,-0.2680798316672809,-0.07238709926277404,-0.2680698299176001,-0.963347217891499,0.010035141685986841,3,0.48072949605208243,-0.04797794031182588,0.1094363041528675
1768361816.8883126,0.4146788108686922,0.3018975800923692,0.23322899903488992,0.9606733636952591,-0.2680798316672809,-0.07238709926277404,-0.2680698299176001,-0.963347217891499,0.010035141685986841,3,0.48072949605208243,-0.04797794031182588,0.1094363041528675
1768361816.932214,0.4157722184505009,0.3002954962038067,0.2324038591645491,0.959465968863728,-0.271505565411237,-0.07556310305375492,-0.27157594509867816,-0.9623697300776538,0.009539846645713121,3,0.48072949605208243,-0.04797794031182588,0.1094363041528675
1768361816.944993,0.41693476432752996,0.29853318448753685,0.2316081007637178,0.9582956913604419,-0.27486049282922775,-0.07823731463749668,-0.2749842059111518,-0.9614027868138455,0.009400425840597233,3,0.48072949605208243,-0.04797794031182588,0.1094363041528675
1768361816.9881644,0.41937940434768173,0.29474518266865957,0.229981566859033,0.9562572067775454,-0.2805898632312169,-0.08271325853751245,-0.2807707052416351,-0.9597260911320824,0.009676832046107909,3,0.48072949605208243,-0.04797794031182588,0.1094363041528675
1768361817.0322015,0.42053981649676575,0.2927440468162319,0.2290988869243082,0.9552202788409212,-0.28347074833455016,-0.08484429108503966,-0.28364696367319536,-0.958874268802081,0.010224315539517642,3,0.48072949605208243,-0.04797794031182588,0.1094363041528675
1768361817.0761123,0.4216612005758655,0.2907675572097408,0.22825788652246454,0.9542649316863516,-0.2860651253559904,-0.08686301979959525,-0.28623738524274567,-0.9580986178956383,0.010733018022160598,3,0.48072949605208243,-0.04797794031182588,0.1094363041528675
1768361817.1202364,0.42271713000948885,0.2889221864588807,0.22751959973071162,0.9532750391913724,-0.28868191672933385,-0.08904746267112543,-0.2888908619177273,-0.9573009511916925,0.010814746779907241,3,0.48072949605208243,-0.04797794031182588,0.1094363041528675
1768361817.1204207,0.42271713000948885,0.2889221864588807,0.22751959973071162,0.9532750391913724,-0.28868191672933385,-0.08904746267112543,-0.2888908619177273,-0.9573009511916925,0.010814746779907241,3,0.48072949605208243,-0.04797794031182588,0.1094363041528675
1768361817.164159,0.4237473301640267,0.2871546497573553,0.22682410477852002,0.9519267640164875,-0.2922475875565018,-0.09179751367277567,-0.2925646190451727,-0.9561904287922871,0.010286280619115174,3,0.48072949605208243,-0.04797794031182588,0.1094363041528675
1768361817.177908,0.4237473301640267,0.2871546497573553,0.22682410477852002,0.9519267640164875,-0.2922475875565018,-0.09179751367277567,-0.2925646190451727,-0.9561904287922871,0.010286280619115174,3,0.48072949605208243,-0.04797794031182588,0.1094363041528675
1768361817.2241335,0.4261917832044191,0.2835578456049473,0.22584138114197946,0.9495836464919084,-0.2982368598124542,-0.09667302500872287,-0.2988484749198962,-0.9542633478347681,0.008429235862917519,3,0.48072949605208243,-0.04797794031182588,0.1094363041528675
1768361817.2682445,0.4276898969368627,0.28185513523722555,0.22563419430430323,0.9486729227022002,-0.30044450711818266,-0.09875618397942147,-0.3012645227921605,-0.9535159536296736,0.00685663769683351,3,0.48072949605208243,-0.04797794031182588,0.1094363041528675
1768361817.313199,0.42925635348338886,0.28026330403875266,0.22558889810399657,0.9477474068037969,-0.30280208478526355,-0.10042783651147971,-0.30383865031600915,-0.9527094275491269,0.005178922007623054,3,0.48072949605208243,-0.04797794031182588,0.1094363041528675
1768361817.356519,0.4307717798594926,0.27882133867073644,0.2255778921734365,0.9469244641406132,-0.304844243150997,-0.10200022857674647,-0.30610265178703366,-0.9519922122696296,0.0034632855675927054,3,0.48072949605208243,-0.04797794031182588,0.1094363041528675
1768361817.356739,0.4307717798594926,0.27882133867073644,0.2255778921734365,0.9469244641406132,-0.304844243150997,-0.10200022857674647,-0.30610265178703366,-0.9519922122696296,0.0034632855675927054,3,0.48072949605208243,-0.04797794031182588,0.1094363041528675
1768361817.4001715,0.4336142951278494,0.27624501320133305,0.22555601451353333,0.9457479307837078,-0.30739104859497246,-0.10522164540634617,-0.30912453894723524,-0.9510215501779677,-0.00017469331640591543,3,0.48072949605208243,-0.04797794031182588,0.1094363041528675
1768361817.4113052,0.4336142951278494,0.27624501320133305,0.22555601451353333,0.9457479307837078,-0.30739104859497246,-0.10522164540634617,-0.30912453894723524,-0.9510215501779677,-0.00017469331640591543,3,0.48072949605208243,-0.04797794031182588,0.1094363041528675
1768361817.452069,0.4360618891813426,0.2736012689924884,0.22528196619520163,0.943808258661183,-0.3121753118527059,-0.1085013619850551,-0.3143213448038284,-0.9493124232915885,-0.002831110200120685,3,0.48072949605208243,-0.04797794031182588,0.1094363041528675
1768361817.4960775,0.43710541023565486,0.27206820375351204,0.22505712407644268,0.9424913721869176,-0.31570036076862307,-0.1097419498814499,-0.31796910658848876,-0.9480951063719062,-0.0033640048992656796,3,0.48072949605208243,-0.04797794031182588,0.1094363041528675
1768361817.5403056,0.4380414773347223,0.2704399126186763,0.22473046372996863,0.9411319494081427,-0.3192871067795947,-0.11102430926398572,-0.3216529670985978,-0.9468507519512301,-0.0036086404723481742,3,0.48072949605208243,-0.04797794031182588,0.1094363041528675
1768361817.584269,0.43988765175191197,0.26720158540710953,0.22418319642006712,0.9385184883531166,-0.3261628129267958,-0.11314091427534524,-0.32869912510206994,-0.9444261847961755,-0.004008319906629778,3,0.48072949605208243,-0.04797794031182588,0.1094363041528675
1768361817.5844262,0.43988765175191197,0.26720158540710953,0.22418319642006712,0.9385184883531166,-0.3261628129267958,-0.11314091427534524,-0.32869912510206994,-0.9444261847961755,-0.004008319906629778,3,0.48072949605208243,-0.04797794031182588,0.1094363041528675
1768361817.6281402,0.44088357125217453,0.2654855662407427,0.22398272124790095,0.9372136502837468,-0.3296208158076056,-0.11393283770776334,-0.3322325760714574,-0.9431881465206781,-0.004199483279096514,3,0.48072949605208243,-0.04797794031182588,0.1094363041528675
1768361817.6446018,0.44088357125217453,0.2654855662407427,0.22398272124790095,0.9372136502837468,-0.3296208158076056,-0.11393283770776334,-0.3322325760714574,-0.9431881465206781,-0.004199483279096514,3,0.48072949605208243,-0.04797794031182588,0.1094363041528675
1768361817.6880665,0.4419526891470489,0.26364231023479184,0.22385471670925305,0.9359542481602372,-0.33301501141633594,-0.11441436763878504,-0.3356837883586187,-0.9419647449321047,-0.00433745757339633,3,0.48072949605208243,-0.04797794031182588,0.1094363041528675
1768361817.7322366,0.44298245372692435,0.26187123037168125,0.2237634882519401,0.9349658803134394,-0.3356625252293419,-0.1147583191162064,-0.33838413199097483,-0.9409971498141264,-0.004532467143328372,3,0.48072949605208243,-0.04797794031182588,0.1094363041528675
1768361817.7801108,0.44398013513974727,0.2601418811616055,0.2236938584758793,0.9340572640006937,-0.3380976593297181,-0.11500869672900423,-0.34086599307127746,-0.9401000507749602,-0.004719035966058577,3,0.48072949605208243,-0.04797794031182588,0.1094363041528675
1768361817.7802317,0.44398013513974727,0.2601418811616055,0.2236938584758793,0.9340572640006937,-0.3380976593297181,-0.11500869672900423,-0.34086599307127746,-0.9401000507749602,-0.004719035966058577,3,0.48072949605208243,-0.04797794031182588,0.1094363041528675
1768361817.8243482,0.4469621008385002,0.2550282591879414,0.22365495382605677,0.9316672938669689,-0.3445803190494548,-0.11515405881850171,-0.3474577463251814,-0.9376807421160637,-0.00528586637119036,3,0.48072949605208243,-0.04797794031182588,0.1094363041528675
1768361817.845908,0.4469621008385002,0.2550282591879414,0.22365495382605677,0.9316672938669689,-0.3445803190494548,-0.11515405881850171,-0.3474577463251814,-0.9376807421160637,-0.00528586637119036,3,0.48072949605208243,-0.04797794031182588,0.1094363041528675
1768361817.888443,0.44896456171041527,0.251457050269812,0.223523740042954,0.9291779177208551,-0.3510635669714514,-0.1156839192161882,-0.35403435966188274,-0.9352160203342489,-0.0055378234867747775,3,0.48072949605208243,-0.04797794031182588,0.1094363041528675
1768361817.9350133,0.4499701290590882,0.249597913011247,0.22341017919879086,0.9276846402526445,-0.35484815184766466,-0.1161206156098825,-0.3578734646481682,-0.9337531508630127,-0.005624638131647878,3,0.48072949605208243,-0.04797794031182588,0.1094363041528675
1768361817.9761252,0.4499701290590882,0.249597913011247,0.22341017919879086,0.9276846402526445,-0.35484815184766466,-0.1161206156098825,-0.3578734646481682,-0.9337531508630127,-0.005624638131647878,3,0.48072949605208243,-0.04797794031182588,0.1094363041528675
1768361818.0201688,0.4509550355215689,0.2477749108700864,0.22331332241809682,0.9261837606155664,-0.3586226367954513,-0.11650513271905735,-0.36169938204148816,-0.932277341764752,-0.005702198072118032,3,0.48072949605208243,-0.04797794031182588,0.1094363041528675
1768361818.0202818,0.4509550355215689,0.2477749108700864,0.22331332241809682,0.9261837606155664,-0.3586226367954513,-0.11650513271905735,-0.36169938204148816,-0.932277341764752,-0.005702198072118032,3,0.48072949605208243,-0.04797794031182588,0.1094363041528675
1768361818.0641463,0.4528811239553795,0.2440919845389704,0.2231728900586989,0.9232323122500837,-0.36602828876384813,-0.11689905663423067,-0.3691669399010336,-0.9293459529447795,-0.0056453723762587525,3,0.48072949605208243,-0.04797794031182588,0.1094363041528675
1768361818.0779953,0.4539777182037805,0.24209122204400066,0.22318929550644528,0.9216706552841059,-0.3699805438660766,-0.11678013679016436,-0.37313483879354925,-0.9277602112226377,-0.0056020130880442415,3,0.48072949605208243,-0.04797794031182588,0.1094363041528675
1768361818.1203084,0.4561339504445482,0.23794209358785173,0.22302930099305196,0.918175205546244,-0.37838059214531616,-0.11739854942831376,-0.3816342421533149,-0.9242957239364349,-0.005720133642393387,3,0.48072949605208243,-0.04797794031182588,0.1094363041528675
1768361818.1642988,0.4561339504445482,0.23794209358785173,0.22302930099305196,0.918175205546244,-0.37838059214531616,-0.11739854942831376,-0.3816342421533149,-0.9242957239364349,-0.005720133642393387,3,0.48072949605208243,-0.04797794031182588,0.1094363041528675
1768361818.2123466,0.4578976827427956,0.23443517316769474,0.22275584482631927,0.9152859181585838,-0.38500884562017657,-0.11840556074280317,-0.3883837052130895,-0.9214785243725175,-0.0059520286625688035,3,0.48072949605208243,-0.04797794031182588,0.1094363041528675
1768361818.2124596,0.4578976827427956,0.23443517316769474,0.22275584482631927,0.9152859181585838,-0.38500884562017657,-0.11840556074280317,-0.3883837052130895,-0.9214785243725175,-0.0059520286625688035,3,0.48072949605208243,-0.04797794031182588,0.1094363041528675
1768361818.2601123,0.45915474138299583,0.23154174976131375,0.22209259451070332,0.9126712122347101,-0.3905114844256346,-0.12054890663009737,-0.39404610549454816,-0.9190708989326509,-0.006029052969464689,3,0.48072949605208243,-0.04797794031182588,0.1094363041528675
1768361818.2794232,0.45915474138299583,0.23154174976131375,0.22209259451070332,0.9126712122347101,-0.3905114844256346,-0.12054890663009737,-0.39404610549454816,-0.9190708989326509,-0.006029052969464689,3,0.48072949605208243,-0.04797794031182588,0.1094363041528675
1768361818.3202677,0.4605005702208968,0.22812748835013816,0.2212769340102101,0.9099674997551767,-0.3963163401727854,-0.12203486346680477,-0.3998606239444342,-0.9165622546219875,-0.005011468948996792,3,0.48072949605208243,-0.04797794031182588,0.1094363041528675
1768361818.364145,0.46122073255712526,0.22632187201136375,0.22084536466156018,0.9089563311807789,-0.3985521464784635,-0.12228889787625062,-0.4020170518609921,-0.9156233306329442,-0.004025719020370008,3,0.48072949605208243,-0.04797794031182588,0.1094363041528675
1768361818.408176,0.4620219116586932,0.22428244127487984,0.2204279107536647,0.9079320614631463,-0.40107557589579845,-0.12164602002176553,-0.40431811988274535,-0.9146158608619879,-0.0021644847348411093,3,0.48072949605208243,-0.04797794031182588,0.1094363041528675
1768361818.4563801,0.46296355392582034,0.22182312930086595,0.2200010734888284,0.9070220727258622,-0.4037060446388478,-0.11971795650668854,-0.4065210588206411,-0.9136408728354544,0.000992078532254706,3,0.48072949605208243,-0.04797794031182588,0.1094363041528675
1768361818.4565291,0.46296355392582034,0.22182312930086595,0.2200010734888284,0.9070220727258622,-0.4037060446388478,-0.11971795650668854,-0.4065210588206411,-0.9136408728354544,0.000992078532254706,3,0.48072949605208243,-0.04797794031182588,0.1094363041528675
1768361818.5001528,0.4647957958264514,0.2166777099808704,0.21908161358906822,0.9051448784050776,-0.4092964044803879,-0.11484425269243649,-0.41110318402691554,-0.9115484231535201,0.0085816274250975,3,0.48072949605208243,-0.04797794031182588,0.1094363041528675
1768361818.5119047,0.4647957958264514,0.2166777099808704,0.21908161358906822,0.9051448784050776,-0.4092964044803879,-0.11484425269243649,-0.41110318402691554,-0.9115484231535201,0.0085816274250975,3,0.48072949605208243,-0.04797794031182588,0.1094363041528675
1768361818.5524256,0.46674727349530326,0.21114562465072712,0.21811391745976177,0.9031598868081984,-0.4154547377756378,-0.1081645955032359,-0.41604445588773287,-0.9091634205019122,0.018135201855601146,3,0.48072949605208243,-0.04797794031182588,0.1094363041528675
1768361818.5961738,0.4677831718833447,0.20812587896818538,0.21757247698360432,0.9016518628949942,-0.41978092788628385,-0.10396100577099954,-0.4196684701494229,-0.9073595272575509,0.024022145145616434,3,0.48072949605208243,-0.04797794031182588,0.1094363041528675
1768361818.6403534,0.4688050407877138,0.20510154402525638,0.2170052880629211,0.899523493950881,-0.4253213039435853,-0.09979615344354668,-0.4245417820963377,-0.9049115412397489,0.029989627966485223,3,0.48072949605208243,-0.04797794031182588,0.1094363041528675
1768361818.6842177,0.4707498630445883,0.19908860008053675,0.21582442398790383,0.8946307306073418,-0.437168044693271,-0.09230361072047061,-0.43524892427176876,-0.8993732652312607,0.04106219316510637,3,0.48072949605208243,-0.04797794031182588,0.1094363041528675
1768361818.6843324,0.4707498630445883,0.19908860008053675,0.21582442398790383,0.8946307306073418,-0.437168044693271,-0.09230361072047061,-0.43524892427176876,-0.8993732652312607,0.04106219316510637,3,0.48072949605208243,-0.04797794031182588,0.1094363041528675
1768361818.7283053,0.4717909683469678,0.19575353706961,0.215144619342528,0.8932945972966433,-0.44075966304320685,-0.08806634927522951,-0.4382517052309471,-0.8976184835579057,0.047079728518471906,3,0.48072949605208243,-0.04797794031182588,0.1094363041528675
1768361818.7447424,0.4717909683469678,0.19575353706961,0.215144619342528,0.8932945972966433,-0.44075966304320685,-0.08806634927522951,-0.4382517052309471,-0.8976184835579057,0.047079728518471906,3,0.48072949605208243,-0.04797794031182588,0.1094363041528675
1768361818.7881904,0.47278331074974334,0.19228890926231307,0.21438398656185886,0.8919469802344789,-0.44429582891722036,-0.08385583377054948,-0.44121475282875017,-0.8958182740640009,0.05328378495620598,3,0.48072949605208243,-0.04797794031182588,0.1094363041528675
1768361818.8322644,0.4735902503058641,0.18884423151825502,0.21348995822328432,0.8898271415989644,-0.44919559454271285,-0.08019336579316153,-0.4455793917907286,-0.893269236799446,0.05940602830639294,3,0.48072949605208243,-0.04797794031182588,0.1094363041528675
1768361818.876645,0.47434926690368295,0.18530356531797815,0.2124919536061357,0.8876987430866085,-0.4539970069081932,-0.07666589359589893,-0.44985519963922493,-0.8906856973185725,0.06564516699408562,3,0.48072949605208243,-0.04797794031182588,0.1094363041528675
1768361818.920539,0.4757413907063345,0.17806434316069253,0.21018583361113533,0.8842230950988195,-0.4617591679496459,-0.07019963609816471,-0.4565908338836322,-0.8862265130381324,0.07827757023389384,3,0.48072949605208243,-0.04797794031182588,0.1094363041528675
1768361818.9207296,0.4757413907063345,0.17806434316069253,0.21018583361113533,0.8842230950988195,-0.4617591679496459,-0.07019963609816471,-0.4565908338836322,-0.8862265130381324,0.07827757023389384,3,0.48072949605208243,-0.04797794031182588,0.1094363041528675
1768361818.968075,0.47664517789083377,0.17163263868658318,0.20758334174091847,0.8797734858290063,-0.4705052623362926,-0.06799567446636882,-0.4645037934736855,-0.8812210746161635,0.08766780196224001,3,0.48072949605208243,-0.04797794031182588,0.1094363041528675
1768361818.9779866,0.47664517789083377,0.17163263868658318,0.20758334174091847,0.8797734858290063,-0.4705052623362926,-0.06799567446636882,-0.4645037934736855,-0.8812210746161635,0.08766780196224001,3,0.48072949605208243,-0.04797794031182588,0.1094363041528675
1768361819.0202172,0.4770306307699455,0.16860183869526965,0.20623564719341378,0.8767857222724786,-0.476064031566754,-0.06789576619743316,-0.46968238781789634,-0.8780814250038866,0.09149571376202809,3,0.48072949605208243,-0.04797794031182588,0.1094363041528675
1768361819.0640998,0.4774619378599302,0.1657467179303193,0.20491294540351157,0.8734665315765089,-0.4820970961303583,-0.0681073279345207,-0.4753608056941829,-0.8746623876803619,0.09485679726338081,3,0.48072949605208243,-0.04797794031182588,0.1094363041528675
1768361819.1080756,0.47829716463756844,0.16041677738905644,0.20228698417093396,0.8669154249023807,-0.49351515165917503,-0.07000315099441232,-0.48613097899208835,-0.8681380733670194,0.10006476320260485,3,0.48072949605208243,-0.04797794031182588,0.1094363041528675
1768361819.152347,0.47881809434979383,0.15786181494532733,0.20104116800998156,0.8646316098415084,-0.4973286479275998,-0.07124882604918938,-0.48964949828350735,-0.8659151372083952,0.10214863672157559,3,0.48072949605208243,-0.04797794031182588,0.1094363041528675
1768361819.15253,0.47881809434979383,0.15786181494532733,0.20104116800998156,0.8646316098415084,-0.4973286479275998,-0.07124882604918938,-0.48964949828350735,-0.8659151372083952,0.10214863672157559,3,0.48072949605208243,-0.04797794031182588,0.1094363041528675
1768361819.1960902,0.479321876845611,0.15536714315207759,0.1998311756707903,0.862254271530082,-0.5011710683848892,-0.07311040583991077,-0.49323311321471275,-0.8637079507591605,0.10358412920874575,3,0.48072949605208243,-0.04797794031182588,0.1094363041528675
1768361819.2114658,0.479321876845611,0.15536714315207759,0.1998311756707903,0.862254271530082,-0.5011710683848892,-0.07311040583991077,-0.49323311321471275,-0.8637079507591605,0.10358412920874575,3,0.48072949605208243,-0.04797794031182588,0.1094363041528675
1768361819.252144,0.47978030100375824,0.15294877617907965,0.1986397983673067,0.8592400670880049,-0.5059329621051356,-0.07575186443992118,-0.4977811595790107,-0.8610100728407561,0.10428600881676889,3,0.48072949605208243,-0.04797794031182588,0.1094363041528675
1768361819.2960763,0.4801696920055936,0.1507248222803229,0.19749004695080072,0.855501181627079,-0.5117102142420374,-0.07918576182016579,-0.5034077423714146,-0.8577440329043986,0.10419126132941223,3,0.48072949605208243,-0.04797794031182588,0.1094363041528675
1768361819.340185,0.480932981221828,0.14633304030237265,0.19537108046897284,0.8481162423307206,-0.5227210119950686,-0.0863804556231895,-0.5142260056582398,-0.8514078600379286,0.10332604207268692,3,0.48072949605208243,-0.04797794031182588,0.1094363041528675
1768361819.3840566,0.48204150716368543,0.1410094530798794,0.1936802329194967,0.8402762930823504,-0.5343516426234228,-0.09167373293061665,-0.5257241962799254,-0.8443896146601801,0.10305458796123107,3,0.48072949605208243,-0.04797794031182588,0.1094363041528675
1768361819.3841403,0.48204150716368543,0.1410094530798794,0.1936802329194967,0.8402762930823504,-0.5343516426234228,-0.09167373293061665,-0.5257241962799254,-0.8443896146601801,0.10305458796123107,3,0.48072949605208243,-0.04797794031182588,0.1094363041528675
1768361819.4280686,0.48274587136577396,0.13796868905885243,0.19303800604332172,0.836163444256835,-0.5404789277462938,-0.09334464714574475,-0.5317938668195812,-0.8405573614192353,0.10324052197180518,3,0.48072949605208243,-0.04797794031182588,0.1094363041528675
1768361819.4457817,0.48274587136577396,0.13796868905885243,0.19303800604332172,0.836163444256835,-0.5404789277462938,-0.09334464714574475,-0.5317938668195812,-0.8405573614192353,0.10324052197180518,3,0.48072949605208243,-0.04797794031182588,0.1094363041528675
1768361819.4881809,0.48348281908847335,0.13484322512698826,0.19253757686486275,0.8321425994370774,-0.5464967897406773,-0.0942335025627194,-0.5377427460016845,-0.8367017756182854,0.10374429044422909,3,0.48072949605208243,-0.04797794031182588,0.1094363041528675
1768361819.5333955,0.48429235870658727,0.1315175384441292,0.19210894812788323,0.8282427623811843,-0.5524011708244866,-0.09416407507601465,-0.543529915067389,-0.832815182835777,0.10485276660655218,3,0.48072949605208243,-0.04797794031182588,0.1094363041528675
1768361819.5760586,0.4863285609376596,0.1233459380174046,0.1914263743595293,0.8208653374048644,-0.5641608605688565,-0.08889668863014823,-0.5547318184778448,-0.8246123902745595,0.11084681039137445,3,0.48072949605208243,-0.04797794031182588,0.1094363041528675
1768361819.6201057,0.4888386762617108,0.11330740954578003,0.19082240937533265,0.8147375281321705,-0.5748595665177363,-0.07575776551694632,-0.564480824172767,-0.8162342651482151,0.12297570304408442,3,0.48072949605208243,-0.04797794031182588,0.1094363041528675
1768361819.6202018,0.4888386762617108,0.11330740954578003,0.19082240937533265,0.8147375281321705,-0.5748595665177363,-0.07575776551694632,-0.564480824172767,-0.8162342651482151,0.12297570304408442,3,0.48072949605208243,-0.04797794031182588,0.1094363041528675
1768361819.6640997,0.49000733648219935,0.10831541610020848,0.1904785605493446,0.8118782680287846,-0.5797906876489111,-0.06853055098409858,-0.5689838492021692,-0.8120675148359968,0.12962920463835073,3,0.48072949605208243,-0.04797794031182588,0.1094363041528675
1768361819.6779873,0.49000733648219935,0.10831541610020848,0.1904785605493446,0.8118782680287846,-0.5797906876489111,-0.06853055098409858,-0.5689838492021692,-0.8120675148359968,0.12962920463835073,3,0.48072949605208243,-0.04797794031182588,0.1094363041528675
1768361819.7201984,0.49117208726337525,0.10323033568198942,0.19012832004385938,0.8093501775365132,-0.584172688135425,-0.06078289692213038,-0.5729937875305973,-0.8080830974551819,0.13667416382981865,3,0.48072949605208243,-0.04797794031182588,0.1094363041528675
1768361819.7641108,0.49317975713013107,0.09378201420889737,0.1893753829571581,0.8052350813556802,-0.5910587026509223,-0.04739276078389864,-0.5793780076149634,-0.801285561035182,0.1492064809874205,3,0.48072949605208243,-0.04797794031182588,0.1094363041528675
1768361819.8081713,0.49388110525759765,0.08928445632770202,0.18889569716643873,0.8013632438241088,-0.596726094580749,-0.04165236480812067,-0.5848503835986262,-0.7962236009277083,0.1548483326686248,3,0.48072949605208243,-0.04797794031182588,0.1094363041528675
1768361819.852111,0.49443114954714706,0.08490270166747962,0.18832450919975824,0.7975464626135158,-0.6021613151062223,-0.036350936194452454,-0.5900952205620361,-0.7912461208017718,0.1603658535536485,3,0.48072949605208243,-0.04797794031182588,0.1094363041528675
1768361819.852211,0.49443114954714706,0.08490270166747962,0.18832450919975824,0.7975464626135158,-0.6021613151062223,-0.036350936194452454,-0.5900952205620361,-0.7912461208017718,0.1603658535536485,3,0.48072949605208243,-0.04797794031182588,0.1094363041528675
1768361819.89614,0.4947960767188132,0.08066713355818422,0.187670872321639,0.7933379742758462,-0.6079555818931105,-0.031699669034653696,-0.5956932914535581,-0.7859680917753713,0.16554051234730485,3,0.48072949605208243,-0.04797794031182588,0.1094363041528675
1768361819.9113355,0.49492714839405805,0.07669259616314189,0.18685599150124202,0.7894528131888796,-0.613159796851757,-0.028272235017352536,-0.6006411829910354,-0.7811844307130382,0.17023822868755512,3,0.48072949605208243,-0.04797794031182588,0.1094363041528675
1768361819.952225,0.4947530903431148,0.07319767862907717,0.18585671853166108,0.7860944682067316,-0.6175226886885384,-0.026855465172925308,-0.6046427786876206,-0.7772645496447027,0.17397393496305777,3,0.48072949605208243,-0.04797794031182588,0.1094363041528675
1768361819.9965417,0.49388723152313574,0.06702420616922453,0.1834705586695555,0.7812090598082443,-0.6236788185700198,-0.027150251207375894,-0.6098456360223276,-0.7717319619482327,0.18032769929230116,3,0.48072949605208243,-0.04797794031182588,0.1094363041528675
1768361820.0440648,0.4932745302774556,0.06396677718231089,0.18209243586014232,0.778867001838996,-0.6265827487333506,-0.027572675533805865,-0.6121833669422629,-0.769056276985342,0.18380415683188456,3,0.48072949605208243,-0.04797794031182588,0.1094363041528675
1768361820.088166,0.492627955805496,0.060858635487487434,0.18061603880101507,0.7764856140617095,-0.6295214377365007,-0.027800190383866497,-0.614518330260437,-0.7662657532621163,0.18762733583240468,3,0.48072949605208243,-0.04797794031182588,0.1094363041528675
1768361820.0882916,0.492627955805496,0.060858635487487434,0.18061603880101507,0.7764856140617095,-0.6295214377365007,-0.027800190383866497,-0.614518330260437,-0.7662657532621163,0.18762733583240468,3,0.48072949605208243,-0.04797794031182588,0.1094363041528675
1768361820.1320817,0.4919355265959898,0.057817119615587,0.1790827492070255,0.7740803886794375,-0.6324654887980438,-0.02805275995945164,-0.6168272022113827,-0.763436399465602,0.19154390249516132,3,0.48072949605208243,-0.04797794031182588,0.1094363041528675
1768361820.1446836,0.4911884682717538,0.054764051418332904,0.17746682683813297,0.7714760602558165,-0.6356393744092299,-0.028058406098823048,-0.6193318233495504,-0.7603259963537131,0.19578680204562987,3,0.48072949605208243,-0.04797794031182588,0.1094363041528675
1768361820.1921546,0.4903454546502395,0.05162379696038444,0.1757318888215279,0.7688464435513899,-0.638835758010344,-0.027640921217081234,-0.6218075305779659,-0.7570338531885176,0.20063683620680942,3,0.48072949605208243,-0.04797794031182588,0.1094363041528675
1768361820.2401917,0.48797487515841226,0.04516007802893998,0.17171739880631925,0.7641197656792709,-0.6444918144598801,-0.027409574831937886,-0.6256786555934697,-0.75081637162976,0.2116624577658272,3,0.48072949605208243,-0.04797794031182588,0.1094363041528675
1768361820.2842395,0.48509101463568627,0.03752414590244618,0.16739340525302243,0.761467209089039,-0.6477270525896035,-0.024846626043290104,-0.6268596313011063,-0.7456081395301976,0.2260873833528945,3,0.48072949605208243,-0.04797794031182588,0.1094363041528675
1768361820.28444,0.48509101463568627,0.03752414590244618,0.16739340525302243,0.761467209089039,-0.6477270525896035,-0.024846626043290104,-0.6268596313011063,-0.7456081395301976,0.2260873833528945,3,0.48072949605208243,-0.04797794031182588,0.1094363041528675
1768361820.3282335,0.48352185735038433,0.03356578023718307,0.16515370894062653,0.759882545124028,-0.6496639666861767,-0.02269907499024658,-0.6277235291484039,-0.7423994507674595,0.2341072968825364,3,0.48072949605208243,-0.04797794031182588,0.1094363041528675
1768361820.344677,0.48352185735038433,0.03356578023718307,0.16515370894062653,0.759882545124028,-0.6496639666861767,-0.02269907499024658,-0.6277235291484039,-0.7423994507674595,0.2341072968825364,3,0.48072949605208243,-0.04797794031182588,0.1094363041528675
1768361820.3881335,0.4819728990248654,0.029923904785776584,0.16300573426892043,0.7580393684334098,-0.6518762913493347,-0.020823464690445645,-0.6288858934130405,-0.739021113235455,0.24155812397497753,3,0.48072949605208243,-0.04797794031182588,0.1094363041528675
1768361820.4320827,0.48037911920905985,0.026322389437317545,0.16083667591300926,0.7567042134435172,-0.6534747278640093,-0.01922273133264503,-0.6293848271143375,-0.7361324394943486,0.2489654010547554,3,0.48072949605208243,-0.04797794031182588,0.1094363041528675
1768361820.4765713,0.47749189318427043,0.019872669586307817,0.15691848551102192,0.753818370199103,-0.656890579831009,-0.01589436628647531,-0.6308030058605527,-0.730230435670062,0.2623948906103221,3,0.48072949605208243,-0.04797794031182588,0.1094363041528675
1768361820.5201478,0.47435018375552496,0.014564141707338635,0.15316214741090828,0.7483767575722053,-0.663117801075741,-0.01438786371169093,-0.6349538399797097,-0.7225254250418582,0.2734787583398446,3,0.48072949605208243,-0.04797794031182588,0.1094363041528675
1768361820.5202866,0.47435018375552496,0.014564141707338635,0.15316214741090828,0.7483767575722053,-0.663117801075741,-0.01438786371169093,-0.6349538399797097,-0.7225254250418582,0.2734787583398446,3,0.48072949605208243,-0.04797794031182588,0.1094363041528675
1768361820.5640917,0.4725304350400692,0.012440845653821336,0.1512143326362459,0.7459219846439129,-0.6658548542772542,-0.015417712550925125,-0.6364588918751133,-0.719430586602092,0.2781001798174047,3,0.48072949605208243,-0.04797794031182588,0.1094363041528675
1768361820.5782082,0.4725304350400692,0.012440845653821336,0.1512143326362459,0.7459219846439129,-0.6658548542772542,-0.015417712550925125,-0.6364588918751133,-0.719430586602092,0.2781001798174047,3,0.48072949605208243,-0.04797794031182588,0.1094363041528675
1768361820.6201503,0.4706926017971843,0.010495874691964668,0.14922599212176965,0.7441401287908399,-0.6677998824401267,-0.017285419754964004,-0.63707993537655,-0.717217115087832,0.2823628264586159,3,0.48072949605208243,-0.04797794031182588,0.1094363041528675
1768361820.664104,0.4688885305331381,0.00867898383284016,0.1473233938103868,0.742862058978451,-0.6691614969557009,-0.01946412911749218,-0.6371120624811415,-0.71561150013141,0.2863361673290675,3,0.48072949605208243,-0.04797794031182588,0.1094363041528675
1768361820.7081263,0.4654731971121963,0.004830055249090054,0.1438436801434526,0.7408831135736247,-0.6712353280905325,-0.023137552693558133,-0.6366310868075131,-0.7128305792502321,0.29423362247721374,3,0.48072949605208243,-0.04797794031182588,0.1094363041528675
1768361820.7522042,0.46237600172385224,0.0013067301934898135,0.14088405445960556,0.7393624022077673,-0.6727898090205255,-0.02640286120261648,-0.6358564014939294,-0.710595895078992,0.30123099205771825,3,0.48072949605208243,-0.04797794031182588,0.1094363041528675
1768361820.752354,0.46237600172385224,0.0013067301934898135,0.14088405445960556,0.7393624022077673,-0.6727898090205255,-0.02640286120261648,-0.6358564014939294,-0.710595895078992,0.30123099205771825,3,0.48072949605208243,-0.04797794031182588,0.1094363041528675
1768361820.796312,0.46071698993315824,-0.00016998032444290323,0.13945923794203513,0.7380250527010375,-0.6741686362173773,-0.028559963698028018,-0.6360358530971608,-0.7091674357423112,0.30420378310869484,3,0.48072949605208243,-0.04797794031182588,0.1094363041528675
1768361820.8112888,0.46071698993315824,-0.00016998032444290323,0.13945923794203513,0.7380250527010375,-0.6741686362173773,-0.028559963698028018,-0.6360358530971608,-0.7091674357423112,0.30420378310869484,3,0.48072949605208243,-0.04797794031182588,0.1094363041528675
1768361820.852251,0.45907328814845116,-0.001408931926523277,0.1380694859471593,0.7366167445070547,-0.6755978771764114,-0.03103675347962631,-0.6362737211161998,-0.7078351142403102,0.3067983097498281,3,0.48072949605208243,-0.04797794031182588,0.1094363041528675
1768361820.9000676,0.45745981471461356,-0.0026687886982088016,0.13677078338946277,0.7349338035760146,-0.6773145276294024,-0.03342656164566099,-0.6368348206987013,-0.7062713934494639,0.309228281275509,3,0.48072949605208243,-0.04797794031182588,0.1094363041528675
1768361820.9442647,0.45593060414658076,-0.004010929578660893,0.13560807791233861,0.7332151681054491,-0.6790717759688225,-0.03545476473829015,-0.6375117968529105,-0.7046110089874624,0.3116119941321961,3,0.48072949605208243,-0.04797794031182588,0.1094363041528675
1768361820.9884038,0.4533217124926556,-0.007197712860838368,0.13368418074679939,0.7294957541560751,-0.6829147326776436,-0.03825457567510482,-0.6394673551686872,-0.7007959194284881,0.31617492150065357,3,0.48072949605208243,-0.04797794031182588,0.1094363041528675
1768361820.9887185,0.4533217124926556,-0.007197712860838368,0.13368418074679939,0.7294957541560751,-0.6829147326776436,-0.03825457567510482,-0.6394673551686872,-0.7007959194284881,0.31617492150065357,3,0.48072949605208243,-0.04797794031182588,0.1094363041528675
1768361821.032104,0.4522879437415279,-0.008961290126532268,0.13290182014794114,0.7278048271924109,-0.6846739870424932,-0.03900852448838789,-0.6404325484211437,-0.6989155208681381,0.3183759501162408,3,0.48072949605208243,-0.04797794031182588,0.1094363041528675
1768361821.04482,0.4522879437415279,-0.008961290126532268,0.13290182014794114,0.7278048271924109,-0.6846739870424932,-0.03900852448838789,-0.6404325484211437,-0.6989155208681381,0.3183759501162408,3,0.48072949605208243,-0.04797794031182588,0.1094363041528675
1768361821.0921803,0.4514684299135824,-0.010971957615297678,0.13226273530039329,0.7263338611342971,-0.6862310336278914,-0.03906521029944236,-0.6413140682434901,-0.6970478328604395,0.3206876745020753,3,0.48072949605208243,-0.04797794031182588,0.1094363041528675
1768361821.1361184,0.45036728945826465,-0.015793902064263343,0.13132027936650703,0.7249201498647553,-0.6878532758302608,-0.036723932927185385,-0.6418812775841839,-0.6938939967510451,0.32634268301856695,3,0.48072949605208243,-0.04797794031182588,0.1094363041528675
1768361821.180235,0.44968063145403325,-0.021085267146022102,0.13068759105851252,0.7237375236939513,-0.6892771729381253,-0.033180953328275156,-0.6425064251509891,-0.690611770659764,0.33202541448793044,3,0.48072949605208243,-0.04797794031182588,0.1094363041528675
1768361821.1803699,0.44968063145403325,-0.021085267146022102,0.13068759105851252,0.7237375236939513,-0.6892771729381253,-0.033180953328275156,-0.6425064251509891,-0.690611770659764,0.33202541448793044,3,0.48072949605208243,-0.04797794031182588,0.1094363041528675
1768361821.2240648,0.4493348944145523,-0.02348799096009213,0.13040015808437416,0.7221935222336049,-0.6909410215393201,-0.032202813510949196,-0.6437797502766431,-0.6884662675965181,0.3340087296994843,3,0.48072949605208243,-0.04797794031182588,0.1094363041528675
1768361821.24474,0.4493348944145523,-0.02348799096009213,0.13040015808437416,0.7221935222336049,-0.6909410215393201,-0.032202813510949196,-0.6437797502766431,-0.6884662675965181,0.3340087296994843,3,0.48072949605208243,-0.04797794031182588,0.1094363041528675
1768361821.2884421,0.448968343704614,-0.025725131074762875,0.13011637536687692,0.7200308955100677,-0.6932150613941028,-0.031755128205382246,-0.6456548458928357,-0.6859980207123916,0.33546465619164717,3,0.48072949605208243,-0.04797794031182588,0.1094363041528675
1768361821.3321738,0.44856092192513264,-0.02771430401780317,0.12981539369417042,0.717461006037444,-0.6958704191727945,-0.03184437997540446,-0.6478943525698833,-0.6833935202415324,0.33646129703123073,3,0.48072949605208243,-0.04797794031182588,0.1094363041528675
1768361821.3770287,0.44771276238042385,-0.031671674464703536,0.12922467447170516,0.7116605559427227,-0.7017763271132914,-0.03239197151569467,-0.652959053376133,-0.6777597017482044,0.33806251093596473,3,0.48072949605208243,-0.04797794031182588,0.1094363041528675
1768361821.420202,0.44704093990662375,-0.0356926941158513,0.12875693522016113,0.7060158841308601,-0.7074446052506034,-0.03261444245634687,-0.657906722570762,-0.6722299588644998,0.33950791861344254,3,0.48072949605208243,-0.04797794031182588,0.1094363041528675
1768361821.4203298,0.44704093990662375,-0.0356926941158513,0.12875693522016113,0.7060158841308601,-0.7074446052506034,-0.03261444245634687,-0.657906722570762,-0.6722299588644998,0.33950791861344254,3,0.48072949605208243,-0.04797794031182588,0.1094363041528675
1768361821.4640822,0.44677104318567123,-0.03764885666448653,0.1285864057392327,0.703165858929267,-0.7102748381572545,-0.03267153374043187,-0.6604342271864435,-0.6694663622079232,0.3400609084160293,3,0.48072949605208243,-0.04797794031182588,0.1094363041528675
1768361821.4787478,0.44677104318567123,-0.03764885666448653,0.1285864057392327,0.703165858929267,-0.7102748381572545,-0.03267153374043187,-0.6604342271864435,-0.6694663622079232,0.3400609084160293,3,0.48072949605208243,-0.04797794031182588,0.1094363041528675
1768361821.5200458,0.44650378233221777,-0.03948993680198874,0.12841733223337445,0.7005758967692707,-0.7128238583661733,-0.032795728531229446,-0.662686661464918,-0.6669698341944733,0.3405842465397929,3,0.48072949605208243,-0.04797794031182588,0.1094363041528675
1768361821.568177,0.44626271141219,-0.041218874347940054,0.12824068230876923,0.6985996972166689,-0.714747651719752,-0.0330795618150998,-0.6643099975469287,-0.6650882085331352,0.3411010144068535,3,0.48072949605208243,-0.04797794031182588,0.1094363041528675
1768361821.6160648,0.4457017193997135,-0.04444899589586311,0.1278735983979223,0.6937595257104903,-0.7194294513013303,-0.03345123444990872,-0.668419650633273,-0.6604735027389206,0.34203789677033536,3,0.48072949605208243,-0.04797794031182588,0.1094363041528675
1768361821.616152,0.4457017193997135,-0.04444899589586311,0.1278735983979223,0.6937595257104903,-0.7194294513013303,-0.03345123444990872,-0.668419650633273,-0.6604735027389206,0.34203789677033536,3,0.48072949605208243,-0.04797794031182588,0.1094363041528675
1768361821.6603646,0.44525139645340794,-0.047703150693428384,0.12764641934993332,0.688664182116151,-0.7243087225135194,-0.03344426350102907,-0.6728498031389945,-0.6555657636439771,0.34279246192660884,3,0.48072949605208243,-0.04797794031182588,0.1094363041528675
1768361821.6782029,0.44525139645340794,-0.047703150693428384,0.12764641934993332,0.688664182116151,-0.7243087225135194,-0.03344426350102907,-0.6728498031389945,-0.6555657636439771,0.34279246192660884,3,0.48072949605208243,-0.04797794031182588,0.1094363041528675
1768361821.720114,0.44500472525900786,-0.04941304297274375,0.12752527541112857,0.6859602862287418,-0.7268696732202901,-0.03345091732092535,-0.6751731070213217,-0.6529668140811026,0.3431845207231088,3,0.48072949605208243,-0.04797794031182588,0.1094363041528675
1768361821.7643292,0.44474179080708437,-0.051199131853260485,0.12740316047832848,0.6831333625528598,-0.7295275459313025,-0.03344201989525307,-0.6775833795280316,-0.6502436275791997,0.34360440710214235,3,0.48072949605208243,-0.04797794031182588,0.1094363041528675
1768361821.808072,0.4444668111662209,-0.05299208123940642,0.12727739340613672,0.6802809888080348,-0.7321878754787824,-0.03344684242540702,-0.679992194145396,-0.6475009048140801,0.3440249906130049,3,0.48072949605208243,-0.04797794031182588,0.1094363041528675
1768361821.8525422,0.4436851171049664,-0.05667361785716815,0.126892628618586,0.6743799280970919,-0.7376154643380569,-0.03369182911499244,-0.6847739185265119,-0.6418341177728704,0.34515742172024544,3,0.48072949605208243,-0.04797794031182588,0.1094363041528675
1768361821.8526783,0.4436851171049664,-0.05667361785716815,0.126892628618586,0.6743799280970919,-0.7376154643380569,-0.03369182911499244,-0.6847739185265119,-0.6418341177728704,0.34515742172024544,3,0.48072949605208243,-0.04797794031182588,0.1094363041528675
1768361821.8960917,0.4426612525653575,-0.06026374303549757,0.12636788384490838,0.6686402146751901,-0.7427938897969035,-0.03431472860888453,-0.6891662298235219,-0.6363744620416038,0.34652193542702625,3,0.48072949605208243,-0.04797794031182588,0.1094363041528675
1768361821.9112256,0.4426612525653575,-0.06026374303549757,0.12636788384490838,0.6686402146751901,-0.7427938897969035,-0.03431472860888453,-0.6891662298235219,-0.6363744620416038,0.34652193542702625,3,0.48072949605208243,-0.04797794031182588,0.1094363041528675
1768361821.9521666,0.4420633684452221,-0.06192036958845604,0.12605507526095822,0.6660887424039709,-0.7450605231954135,-0.03479373533372067,-0.6909877338884378,-0.6339663270763879,0.34730771334509086,3,0.48072949605208243,-0.04797794031182588,0.1094363041528675
1768361821.996136,0.4414307314291339,-0.06339221963195518,0.12570829496230373,0.6637199300954237,-0.7471474852520601,-0.03530566067429747,-0.6926133384471087,-0.6317265924334974,0.34814978934003826,3,0.48072949605208243,-0.04797794031182588,0.1094363041528675
1768361822.0401425,0.4407674001744847,-0.06461613850219401,0.12532267713026243,0.6617606336952853,-0.7488524370264056,-0.035956797004571286,-0.6938369575738332,-0.6299018964160035,0.3490184482175826,3,0.48072949605208243,-0.04797794031182588,0.1094363041528675
1768361822.0842166,0.4394070458574572,-0.06662351552308267,0.12454532504014271,0.6583838738089651,-0.7517612181195513,-0.037225604625160655,-0.6957912200429172,-0.6267378172737039,0.35081945001693104,3,0.48072949605208243,-0.04797794031182588,0.1094363041528675
1768361822.0843475,0.4394070458574572,-0.06662351552308267,0.12454532504014271,0.6583838738089651,-0.7517612181195513,-0.037225604625160655,-0.6957912200429172,-0.6267378172737039,0.35081945001693104,3,0.48072949605208243,-0.04797794031182588,0.1094363041528675
1768361822.1281781,0.4379183512685161,-0.06821775604665593,0.12367487089187379,0.6556436971684898,-0.7540761163483005,-0.0387369735046266,-0.6970743333870877,-0.6242050452951424,0.35278241900785884,3,0.48072949605208243,-0.04797794031182588,0.1094363041528675
1768361822.1469593,0.4379183512685161,-0.06821775604665593,0.12367487089187379,0.6556436971684898,-0.7540761163483005,-0.0387369735046266,-0.6970743333870877,-0.6242050452951424,0.35278241900785884,3,0.48072949605208243,-0.04797794031182588,0.1094363041528675
1768361822.1921675,0.4370843497422086,-0.06885094436439246,0.12317498472709798,0.6545306751157105,-0.7549948727874389,-0.039652709834901295,-0.6974169659831086,-0.6232003753151598,0.3538797363031111,3,0.48072949605208243,-0.04797794031182588,0.1094363041528675
1768361822.2401779,0.43619744528056364,-0.06930655949024259,0.12263789876277764,0.6537040701604929,-0.7556566426471075,-0.04066973172898122,-0.697470977285071,-0.6224773659527302,0.35504389126072716,3,0.48072949605208243,-0.04797794031182588,0.1094363041528675
1768361822.2881792,0.4352633246165111,-0.06958665016274,0.12206739149870516,0.6531372977769645,-0.756084957891473,-0.04179960170688596,-0.6972639184082792,-0.6220202642781012,0.3562496581238132,3,0.48072949605208243,-0.04797794031182588,0.1094363041528675
1768361822.2883246,0.4352633246165111,-0.06958665016274,0.12206739149870516,0.6531372977769645,-0.756084957891473,-0.04179960170688596,-0.6972639184082792,-0.6220202642781012,0.3562496581238132,3,0.48072949605208243,-0.04797794031182588,0.1094363041528675
1768361822.3321545,0.43354523561774566,-0.06961439664224474,0.12098788309693553,0.6529203304053982,-0.7561473556781033,-0.044002484524371194,-0.6961510110448368,-0.6219764445308577,0.3584955679921362,3,0.48072949605208243,-0.04797794031182588,0.1094363041528675
1768361822.3450592,0.4329333504386792,-0.06949814078625544,0.12059698150728818,0.6530493094478335,-0.7559887000130244,-0.04480719676932951,-0.6955721226380277,-0.6221554200195726,0.3593077449055307,3,0.48072949605208243,-0.04797794031182588,0.1094363041528675
1768361822.3884401,0.432404507395483,-0.06918686603093879,0.12024533234627202,0.6534929870485743,-0.7555599960200136,-0.04556323400033424,-0.6947808613101553,-0.6226343004403855,0.3600084480567513,3,0.48072949605208243,-0.04797794031182588,0.1094363041528675
1768361822.432343,0.4324853359420642,-0.06900487138866923,0.12029777885614429,0.6538235446521002,-0.7552793886767469,-0.04547326135920696,-0.6945620961879811,-0.6229318637499116,0.3599158063547911,3,0.48072949605208243,-0.04797794031182588,0.1094363041528675
1768361822.4765108,0.43254949817998584,-0.06884654763873128,0.12033382762264486,0.6540903645675974,-0.7550517819401363,-0.045415873533955264,-0.6943833665696801,-0.6231780138215136,0.35983454992653285,3,0.48072949605208243,-0.04797794031182588,0.1094363041528675
1768361822.5201752,0.43254949817998584,-0.06884654763873128,0.12033382762264486,0.6540903645675974,-0.7550517819401363,-0.045415873533955264,-0.6943833665696801,-0.6231780138215136,0.35983454992653285,3,0.48072949605208243,-0.04797794031182588,0.1094363041528675
1768361822.5203674,0.43254949817998584,-0.06884654763873128,0.12033382762264486,0.6540903645675974,-0.7550517819401363,-0.045415873533955264,-0.6943833665696801,-0.6231780138215136,0.35983454992653285,3,0.48072949605208243,-0.04797794031182588,0.1094363041528675
1768361822.5640678,0.4326177048058412,-0.06850137428142103,0.1203558991730112,0.6546753169520699,-0.7545445629512888,-0.04541730831253163,-0.6939242880980416,-0.6237330301930079,0.35975851544317183,3,0.48072949605208243,-0.04797794031182588,0.1094363041528675
1768361822.5784886,0.4326476051163559,-0.06832261992815572,0.12036318692789344,0.6549740816615996,-0.7542847670497626,-0.045425131240645816,-0.6936856675709346,-0.624017273597052,0.3597257800869559,3,0.48072949605208243,-0.04797794031182588,0.1094363041528675
1768361822.6204252,0.43271309376967587,-0.0679868202078008,0.1203819566212356,0.6555412873541437,-0.7537923888499891,-0.0454164627189175,-0.6932375105810504,-0.624549392936723,0.35966624765990884,3,0.48072949605208243,-0.04797794031182588,0.1094363041528675
1768361822.6641326,0.43271309376967587,-0.0679868202078008,0.1203819566212356,0.6555412873541437,-0.7537923888499891,-0.0454164627189175,-0.6932375105810504,-0.624549392936723,0.35966624765990884,3,0.48072949605208243,-0.04797794031182588,0.1094363041528675
1768361822.7081277,0.4327493747199029,-0.06784581131123373,0.12039512581283779,0.655776088999109,-0.753588934071383,-0.04540307855409814,-0.693059345861923,-0.6247701649490854,0.3596261727168035,3,0.48072949605208243,-0.04797794031182588,0.1094363041528675
1768361822.752198,0.4328152253191673,-0.06770325337706184,0.12042674836666017,0.6560210699333178,-0.7533786983377614,-0.045352978892746365,-0.6928930317763781,-0.6249967337669735,0.35955295756863753,3,0.48072949605208243,-0.04797794031182588,0.1094363041528675
1768361822.7523499,0.4328152253191673,-0.06770325337706184,0.12042674836666017,0.6560210699333178,-0.7533786983377614,-0.045352978892746365,-0.6928930317763781,-0.6249967337669735,0.35955295756863753,3,0.48072949605208243,-0.04797794031182588,0.1094363041528675
1768361822.7960865,0.43293660589339267,-0.06740851330957277,0.12048247136648269,0.6565166886185603,-0.7529522613013827,-0.045262896134193625,-0.6925489897925708,-0.6254556647158469,0.3594177349716455,3,0.48072949605208243,-0.04797794031182588,0.1094363041528675
1768361822.8113575,0.43293660589339267,-0.06740851330957277,0.12048247136648269,0.6565166886185603,-0.7529522613013827,-0.045262896134193625,-0.6925489897925708,-0.6254556647158469,0.3594177349716455,3,0.48072949605208243,-0.04797794031182588,0.1094363041528675
1768361822.8521276,0.43301299821640254,-0.06720554322516005,0.12051491119629412,0.6568596238099383,-0.7526561580562146,-0.045212192474212654,-0.6923035246076241,-0.6257739636111898,0.3593365779908897,3,0.48072949605208243,-0.04797794031182588,0.1094363041528675
1768361822.8961456,0.43310991189762965,-0.0670011306415005,0.12055844648225611,0.6571996156422697,-0.7523646724924161,-0.04512277457152647,-0.692076436748163,-0.6260822155902526,0.35923705964107744,3,0.48072949605208243,-0.04797794031182588,0.1094363041528675
1768361822.9401705,0.4332094672116455,-0.06673577267133844,0.12060008486766868,0.6576481074051062,-0.751977149939219,-0.045048116450871645,-0.6917524521480073,-0.6264930867480363,0.35914475800732043,3,0.48072949605208243,-0.04797794031182588,0.1094363041528675
1768361822.984164,0.43343917969292056,-0.06612682489101616,0.12069387805374329,0.6586969776336228,-0.7510684642292049,-0.044882665882440304,-0.6909903699716125,-0.6274567504206171,0.3589294289384674,3,0.48072949605208243,-0.04797794031182588,0.1094363041528675
1768361822.9843023,0.43343917969292056,-0.06612682489101616,0.12069387805374329,0.6586969776336228,-0.7510684642292049,-0.044882665882440304,-0.6909903699716125,-0.6274567504206171,0.3589294289384674,3,0.48072949605208243,-0.04797794031182588,0.1094363041528675
1768361823.0281866,0.4335545559255971,-0.06552201854961906,0.12073062279400987,0.6596971674843104,-0.7501901672789296,-0.04488162353558514,-0.6901965794299602,-0.6284060891683754,0.3587958595626369,3,0.48072949605208243,-0.04797794031182588,0.1094363041528675
1768361823.044869,0.4335545559255971,-0.06552201854961906,0.12073062279400987,0.6596971674843104,-0.7501901672789296,-0.04488162353558514,-0.6901965794299602,-0.6284060891683754,0.3587958595626369,3,0.48072949605208243,-0.04797794031182588,0.1094363041528675
1768361823.0920985,0.43362699461932086,-0.06519889777463624,0.12076279091979455,0.6602370508905151,-0.7497162710232966,-0.044861448865572334,-0.6897792440873735,-0.6289175457862883,0.35870226515649956,3,0.48072949605208243,-0.04797794031182588,0.1094363041528675
1768361823.1362977,0.433680004963885,-0.06490404810800056,0.12078131768800748,0.6607141157280276,-0.7492960010079929,-0.044859337391015414,-0.6894002680894343,-0.6293703544973901,0.3586366228343755,3,0.48072949605208243,-0.04797794031182588,0.1094363041528675
1768361823.1842852,0.4338051865230016,-0.06432422911631008,0.1208320704920603,0.6616739578976182,-0.748449893722852,-0.04483670400857889,-0.6886501896075085,-0.6302823778805321,0.35847599708600447,3,0.48072949605208243,-0.04797794031182588,0.1094363041528675
1768361823.1845107,0.4338051865230016,-0.06432422911631008,0.1208320704920603,0.6616739578976182,-0.748449893722852,-0.04483670400857889,-0.6886501896075085,-0.6302823778805321,0.35847599708600447,3,0.48072949605208243,-0.04797794031182588,0.1094363041528675
1768361823.2281687,0.43391563364724717,-0.06372137511848867,0.12086961286656525,0.6626749866239171,-0.7475625447581441,-0.04485647977404508,-0.687847975806844,-0.6312421076139013,0.35832745325133436,3,0.48072949605208243,-0.04797794031182588,0.1094363041528675
1768361823.2447255,0.43391563364724717,-0.06372137511848867,0.12086961286656525,0.6626749866239171,-0.7475625447581441,-0.04485647977404508,-0.687847975806844,-0.6312421076139013,0.35832745325133436,3,0.48072949605208243,-0.04797794031182588,0.1094363041528675
1768361823.2881765,0.4339923848196124,-0.06339803083413328,0.12090296612586293,0.6632184948987622,-0.7470820657213069,-0.04482873076281493,-0.6874276714884584,-0.6317561095642635,0.3582281598369704,3,0.48072949605208243,-0.04797794031182588,0.1094363041528675
1768361823.3321388,0.4340908956425128,-0.06306863588822809,0.12094916960628546,0.6637586028917759,-0.7466049001353794,-0.04478437429504073,-0.6870244315200515,-0.6322694672985036,0.358096008378503,3,0.48072949605208243,-0.04797794031182588,0.1094363041528675
1768361823.3760927,0.4343230346576638,-0.06245192351189223,0.12106839584896606,0.6647916272816663,-0.7456941804984788,-0.04463498030577001,-0.6862859060292005,-0.6332448593364415,0.357788489627112,3,0.48072949605208243,-0.04797794031182588,0.1094363041528675
1768361823.4201026,0.4345372803058888,-0.061975633896969445,0.12118258632463857,0.6655892926516354,-0.7449922472355193,-0.04446847272469881,-0.6857418386143539,-0.6339934009676851,0.35750594163346994,3,0.48072949605208243,-0.04797794031182588,0.1094363041528675
1768361823.4202483,0.4345372803058888,-0.061975633896969445,0.12118258632463857,0.6655892926516354,-0.7449922472355193,-0.04446847272469881,-0.6857418386143539,-0.6339934009676851,0.35750594163346994,3,0.48072949605208243,-0.04797794031182588,0.1094363041528675
1768361823.4641695,0.43463093240004175,-0.061773132151770355,0.12123181543777253,0.6659268869616707,-0.7446946115115022,-0.044399513592733225,-0.6855124513458627,-0.6343119679283368,0.35738075828542765,3,0.48072949605208243,-0.04797794031182588,0.1094363041528675
1768361823.4781952,0.43463093240004175,-0.061773132151770355,0.12123181543777253,0.6659268869616707,-0.7446946115115022,-0.044399513592733225,-0.6855124513458627,-0.6343119679283368,0.35738075828542765,3,0.48072949605208243,-0.04797794031182588,0.1094363041528675
1768361823.520431,0.43472584200475306,-0.06160755470811309,0.12128578166798185,0.6662080847659655,-0.7444481471499363,-0.0443141512103164,-0.6853348456897727,-0.6345736129811224,0.35725688095747077,3,0.48072949605208243,-0.04797794031182588,0.1094363041528675
1768361823.5643034,0.4348790670173157,-0.06142728444222914,0.12137380667224529,0.6665114791698098,-0.7441855415023132,-0.04416251752086667,-0.6851807923002807,-0.634854129648417,0.357053939806173,3,0.48072949605208243,-0.04797794031182588,0.1094363041528675
1768361823.6083417,0.43494539220375383,-0.061339567624289895,0.1214099881735114,0.6666607024196081,-0.7440555143543937,-0.04410101368691108,-0.6850979490987161,-0.6349934827102588,0.3569650922096287,3,0.48072949605208243,-0.04797794031182588,0.1094363041528675
1768361823.652234,0.43500340589219577,-0.061260077365855564,0.12144363453987114,0.666796289059715,-0.7439373523774961,-0.04404457553155146,-0.6850214814341653,-0.635119046746901,0.3568884509661939,3,0.48072949605208243,-0.04797794031182588,0.1094363041528675
1768361823.6524074,0.43500340589219577,-0.061260077365855564,0.12144363453987114,0.666796289059715,-0.7439373523774961,-0.04404457553155146,-0.6850214814341653,-0.635119046746901,0.3568884509661939,3,0.48072949605208243,-0.04797794031182588,0.1094363041528675
1768361823.6965125,0.4350795396717126,-0.0611821178618049,0.12148817562210662,0.6669252354601464,-0.7438266530931511,-0.04396180677212666,-0.6849648227555912,-0.6352359373959012,0.35678914701564624,3,0.48072949605208243,-0.04797794031182588,0.1094363041528675
1768361823.7115362,0.4351535999060178,-0.06109374672661727,0.1215291757306628,0.6670763809711577,-0.7436956554434504,-0.04388478124543918,-0.684884302420971,-0.6353726209151969,0.3567003292522926,3,0.48072949605208243,-0.04797794031182588,0.1094363041528675
1768361823.7521713,0.4352210841519277,-0.06092846338420195,0.12155934810818933,0.6673398808382429,-0.7434624583037133,-0.043829858952536965,-0.6846969089348565,-0.6356157661420934,0.35662689288197646,3,0.48072949605208243,-0.04797794031182588,0.1094363041528675
1768361823.7965894,0.43523945502676575,-0.06083333708488728,0.12156556246023048,0.667486157457924,-0.7433315855834663,-0.04382218018338763,-0.6845802172216069,-0.6357527546088034,0.356606731843548,3,0.48072949605208243,-0.04797794031182588,0.1094363041528675
1768361823.8401105,0.4352562683749543,-0.06074885544534907,0.12157181329865416,0.6676245459756929,-0.7432075786059179,-0.043817356304080776,-0.6844685512723266,-0.6358826615957109,0.3565894600252751,3,0.48072949605208243,-0.04797794031182588,0.1094363041528675
1768361823.8844905,0.43527265706688695,-0.060685076584679185,0.1215764547880287,0.667718525426881,-0.7431235671541695,-0.04381021275701087,-0.6843960492705662,-0.6359714110335467,0.3565703466229917,3,0.48072949605208243,-0.04797794031182588,0.1094363041528675
1768361823.8847628,0.43527265706688695,-0.060685076584679185,0.1215764547880287,0.667718525426881,-0.7431235671541695,-0.04381021275701087,-0.6843960492705662,-0.6359714110335467,0.3565703466229917,3,0.48072949605208243,-0.04797794031182588,0.1094363041528675
1768361823.9285529,0.43528710792388325,-0.06063466615163604,0.12158284303099798,0.6678024234547995,-0.7430487872459972,-0.04379980593735269,-0.6843312084459587,-0.6360486377355565,0.3565570467423649,3,0.48072949605208243,-0.04797794031182588,0.1094363041528675
1768361823.9450178,0.4353090683811795,-0.060576229631717285,0.12159309180772948,0.667904170973025,-0.7429581362368608,-0.04378614160081744,-0.6842565410286007,-0.6361446330903832,0.3565290897667079,3,0.48072949605208243,-0.04797794031182588,0.1094363041528675
1768361823.9885294,0.435333691335028,-0.06046108779381351,0.12160523529994402,0.6680877075300606,-0.7427937138467325,-0.043775720633774204,-0.6841116839744134,-0.6363174393522903,0.35649869596652994,3,0.48072949605208243,-0.04797794031182588,0.1094363041528675
1768361824.032757,0.43534189226592157,-0.06040586676918973,0.12160796474611596,0.6681808368475528,-0.7427097301476451,-0.043779287496670385,-0.6840346038479141,-0.6364068513616625,0.35648699875109324,3,0.48072949605208243,-0.04797794031182588,0.1094363041528675
1768361824.0780706,0.4353547617441465,-0.06034048089360794,0.12161277401782666,0.6682853602366349,-0.74261585773197,-0.043776307957634944,-0.6839504196750511,-0.636505524756514,0.3564723557034349,3,0.48072949605208243,-0.04797794031182588,0.1094363041528675
1768361824.1201222,0.43536586366990154,-0.060282684131190284,0.12161442922098048,0.6683834165762791,-0.7425277985499431,-0.043773014819581846,-0.6838692194389987,-0.6365962874063108,0.3564660679004333,3,0.48072949605208243,-0.04797794031182588,0.1094363041528675
1768361824.1202078,0.43536586366990154,-0.060282684131190284,0.12161442922098048,0.6683834165762791,-0.7425277985499431,-0.043773014819581846,-0.6838692194389987,-0.6365962874063108,0.3564660679004333,3,0.48072949605208243,-0.04797794031182588,0.1094363041528675
1768361824.1641269,0.4353631068299123,-0.060236217444750356,0.1216091193088859,0.6684506198494102,-0.7424664934855322,-0.04378669745753598,-0.6838052991081637,-0.636660264519878,0.3564744317522285,3,0.48072949605208243,-0.04797794031182588,0.1094363041528675
1768361824.1780164,0.4353631068299123,-0.060236217444750356,0.1216091193088859,0.6684506198494102,-0.7424664934855322,-0.04378669745753598,-0.6838052991081637,-0.636660264519878,0.3564744317522285,3,0.48072949605208243,-0.04797794031182588,0.1094363041528675
1768361824.2201707,0.43537117317346324,-0.06020726991577473,0.1216126314184591,0.6684933801122025,-0.7424284603832209,-0.04377878434998762,-0.6837734097389118,-0.6366992511189234,0.3564659699867917,3,0.48072949605208243,-0.04797794031182588,0.1094363041528675
1768361824.268119,0.4353619931289337,-0.06019727486047215,0.12160607910644558,0.6685118010720372,-0.7424107433264873,-0.04379794539511704,-0.6837488203629609,-0.6367191550146236,0.3564775845543772,3,0.48072949605208243,-0.04797794031182588,0.1094363041528675
1768361824.3120382,0.43536718436008187,-0.06019601647066454,0.12160943623728915,0.6685160140800026,-0.7424073941533623,-0.04379041019446821,-0.6837494276452426,-0.6367224232117981,0.3564705822001293,3,0.48072949605208243,-0.04797794031182588,0.1094363041528675
1768361824.3121195,0.43536718436008187,-0.06019601647066454,0.12160943623728915,0.6685160140800026,-0.7424073941533623,-0.04379041019446821,-0.6837494276452426,-0.6367224232117981,0.3564705822001293,3,0.48072949605208243,-0.04797794031182588,0.1094363041528675
1768361824.3561208,0.4353582110256824,-0.060193297065310625,0.12160291248318586,0.6685177855488862,-0.7424048336910529,-0.04380677250122482,-0.6837402539600455,-0.636726459357867,0.3564809687321999,3,0.48072949605208243,-0.04797794031182588,0.1094363041528675
1768361824.3780303,0.4353516620537369,-0.06019431822304544,0.12159884727516551,0.668508841340401,-0.7424125096467611,-0.04381317803712609,-0.6837436808836428,-0.6367182750501357,0.3564890139525585,3,0.48072949605208243,-0.04797794031182588,0.1094363041528675
1768361824.420497,0.43534959787730354,-0.060194639301804534,0.1215980276976717,0.66850637739057,-0.7424145198332969,-0.04381671061173527,-0.6837446115780167,-0.6367168599347781,0.3564897563925552,3,0.48072949605208243,-0.04797794031182588,0.1094363041528675
1768361824.4650512,0.435350050699902,-0.06019604789995156,0.1215980891658337,0.6684992659935733,-0.7424209919695515,-0.04381554574578203,-0.6837511749825804,-0.6367100819973195,0.35648927360147525,3,0.48072949605208243,-0.04797794031182588,0.1094363041528675
1768361824.5131032,0.4353493271450007,-0.06019784323398866,0.12159748622922958,0.6684962963425303,-0.7424236348062172,-0.043816073049106674,-0.6837532053643565,-0.6367072324438223,0.35649046874733803,3,0.48072949605208243,-0.04797794031182588,0.1094363041528675
1768361824.51324,0.4353493271450007,-0.06019784323398866,0.12159748622922958,0.6684962963425303,-0.7424236348062172,-0.043816073049106674,-0.6837532053643565,-0.6367072324438223,0.35649046874733803,3,0.48072949605208243,-0.04797794031182588,0.1094363041528675
1768361824.5560708,0.43535341075898515,-0.060200975762849274,0.12160115552087902,0.668494472920774,-0.7424258387203228,-0.04380654830960479,-0.6837589369539597,-0.6367039478654068,0.35648534178588076,3,0.48072949605208243,-0.04797794031182588,0.1094363041528675
1768361824.578201,0.43535217223516065,-0.06019798933687252,0.12159875143184715,0.6684948131981123,-0.7424251355800573,-0.04381327180381166,-0.6837562781156574,-0.6367058038979512,0.3564871265839591,3,0.48072949605208243,-0.04797794031182588,0.1094363041528675
1768361824.62016,0.4353499706971476,-0.060198791817750064,0.12159854679308274,0.6684911722108527,-0.7424285460263246,-0.043811034242506416,-0.6837592062923356,-0.63670123783994,0.3564896654092003,3,0.48072949605208243,-0.04797794031182588,0.1094363041528675
1768361824.6641588,0.43535226864219606,-0.06020289827292913,0.12159937514420738,0.6684747379820962,-0.7424436463960262,-0.04380589693112591,-0.6837758571461225,-0.6366854567509318,0.35648591325035994,3,0.48072949605208243,-0.04797794031182588,0.1094363041528675
1768361824.70891,0.4353564113337822,-0.06019586921642825,0.12160332033161492,0.6684910007921374,-0.7424293705280169,-0.04379967622368136,-0.6837641859640977,-0.6366990680376203,0.3564839894762184,3,0.48072949605208243,-0.04797794031182588,0.1094363041528675
1768361824.7521842,0.43535673574741807,-0.06019120924033357,0.12160254238061818,0.6684938830855007,-0.7424267418874266,-0.043800242096242364,-0.6837624362464425,-0.6367025085856997,0.35648120054079535,3,0.48072949605208243,-0.04797794031182588,0.1094363041528675
1768361824.7523305,0.43535673574741807,-0.06019120924033357,0.12160254238061818,0.6684938830855007,-0.7424267418874266,-0.043800242096242364,-0.6837624362464425,-0.6367025085856997,0.35648120054079535,3,0.48072949605208243,-0.04797794031182588,0.1094363041528675
1768361824.7961884,0.4353631540026213,-0.060190635217601235,0.1216063605934696,0.6684942486480208,-0.7424267764380124,-0.043794076681441224,-0.6837668973647197,-0.6367032855240418,0.35647125588343814,3,0.48072949605208243,-0.04797794031182588,0.1094363041528675
1768361824.811584,0.435360440212494,-0.060185915832417766,0.12160390806964125,0.6685075793478126,-0.7424146420378038,-0.043796297131235964,-0.6837526876279251,-0.6367146510651518,0.35647821150888204,3,0.48072949605208243,-0.04797794031182588,0.1094363041528675
1768361824.8522077,0.4353617071824997,-0.06018363274190035,0.12160526872150634,0.6685128494176832,-0.7424100879192324,-0.04379305332136563,-0.6837494180551968,-0.6367188376497787,0.3564770049962476,3,0.48072949605208243,-0.04797794031182588,0.1094363041528675
1768361824.9001641,0.43535668603459127,-0.06019168881512374,0.12160259276612068,0.6684966373613692,-0.7424242860573226,-0.04379983229211648,-0.6837600470428654,-0.636704829127889,0.3564816385638461,3,0.48072949605208243,-0.04797794031182588,0.1094363041528675
1768361824.9481668,0.4353603591448655,-0.060190844429889104,0.12160566794515323,0.6685055601345579,-0.7424165527015587,-0.04379472963628028,-0.683754956851707,-0.6367124215860934,0.3564778410766836,3,0.48072949605208243,-0.04797794031182588,0.1094363041528675
1768361824.9483755,0.4353603591448655,-0.060190844429889104,0.12160566794515323,0.6685055601345579,-0.7424165527015587,-0.04379472963628028,-0.683754956851707,-0.6367124215860934,0.3564778410766836,3,0.48072949605208243,-0.04797794031182588,0.1094363041528675
1768361824.9923508,0.43536249701832896,-0.06019211148469339,0.12160749326554998,0.6684998277431138,-0.7424218506431204,-0.04379241937905699,-0.683761841749595,-0.6367074350667374,0.356473541652025,3,0.48072949605208243,-0.04797794031182588,0.1094363041528675
1768361825.011276,0.43536249701832896,-0.06019211148469339,0.12160749326554998,0.6684998277431138,-0.7424218506431204,-0.04379241937905699,-0.683761841749595,-0.6367074350667374,0.356473541652025,3,0.48072949605208243,-0.04797794031182588,0.1094363041528675
1768361825.0522673,0.4353597118976874,-0.06019137201310322,0.12160492150308916,0.6684961308962855,-0.7424248564633107,-0.04379789358095901,-0.6837627182286761,-0.6367050249221072,0.3564761652613976,7,0.48072949605208243,-0.04797794031182588,0.1094363041528675
1768361825.100294,0.4353787326028192,-0.06018085398260864,0.12161412284723525,0.668516442713695,-0.7424077244787457,-0.04377826464945736,-0.6837608901149108,-0.6367254130801608,0.3564432542315308,22,0.48072949605208243,-0.04797794031182588,0.1094363041528675
1768361825.1481175,0.43536195980229137,-0.06017568566467364,0.12160194282154604,0.6685145187541665,-0.7424072947385886,-0.04381491679572097,-0.6837466841788534,-0.6367299454475309,0.3564624081790503,44,0.48072949605208243,-0.04797794031182588,0.1094363041528675
1768361825.1482267,0.43536195980229137,-0.06017568566467364,0.12160194282154604,0.6685145187541665,-0.7424072947385886,-0.04381491679572097,-0.6837466841788534,-0.6367299454475309,0.3564624081790503,44,0.48072949605208243,-0.04797794031182588,0.1094363041528675
1768361825.1960776,0.43540613007920254,-0.060135455318466285,0.12162745286406126,0.6685374814980781,-0.7423888905945929,-0.043776374380903385,-0.6837628785444524,-0.636758152766789,0.3563809489992858,66,0.48072949605208243,-0.04797794031182588,0.1094363041528675
1768361825.2117531,0.43540613007920254,-0.060135455318466285,0.12162745286406126,0.6685374814980781,-0.7423888905945929,-0.043776374380903385,-0.6837628785444524,-0.636758152766789,0.3563809489992858,71,0.48072949605208243,-0.04797794031182588,0.1094363041528675
1768361825.2521527,0.43541813845586314,-0.060120948770963245,0.1216318368467712,0.6685553948936466,-0.7423727329190081,-0.04377681323444842,-0.6837541606549428,-0.636779597354732,0.35635935820432774,87,0.48072949605208243,-0.04797794031182588,0.1094363041528675
1768361825.300033,0.4353966854480388,-0.06010621998121318,0.12161428132674151,0.6685497055641807,-0.7423751711866353,-0.04382232759292154,-0.6837402778116879,-0.6367828417615706,0.3563801971715806,104,0.48072949605208243,-0.04797794031182588,0.1094363041528675
1768361825.3444622,0.43541399700868444,-0.060029870319194406,0.12161897193403273,0.6686160362312067,-0.742314152898172,-0.043843979079674675,-0.6836950423293453,-0.6368626362483675,0.3563243910330225,115,0.48072949605208243,-0.04797794031182588,0.1094363041528675
1768361825.3924243,0.4360956842100867,-0.05997045119720136,0.12229448343600369,0.6686194416672032,-0.7424001449884851,-0.04230918275875188,-0.6843360622232922,-0.6365902420278414,0.3555798330834473,115,0.48072949605208243,-0.04797794031182588,0.1094363041528675
1768361825.3926322,0.4360956842100867,-0.05997045119720136,0.12229448343600369,0.6686194416672032,-0.7424001449884851,-0.04230918275875188,-0.6843360622232922,-0.6365902420278414,0.3555798330834473,115,0.48072949605208243,-0.04797794031182588,0.1094363041528675
1768361825.4405637,0.43640759995797995,-0.059890403212895654,0.12251910344131078,0.6688097454163325,-0.7422563783838663,-0.041820965849763095,-0.6844238971601913,-0.6367123981080004,0.3551918511053077,115,0.48072949605208243,-0.04797794031182588,0.1094363041528675
1768361825.4446929,0.43640759995797995,-0.059890403212895654,0.12251910344131078,0.6688097454163325,-0.7422563783838663,-0.041820965849763095,-0.6844238971601913,-0.6367123981080004,0.3551918511053077,115,0.48072949605208243,-0.04797794031182588,0.1094363041528675
1768361825.4880946,0.43639575719493745,-0.05987337583038757,0.12248207955791907,0.6688057006280782,-0.7422541322011991,-0.04192538655314554,-0.6844005686562487,-0.6367393534294167,0.3551884815380308,115,0.48072949605208243,-0.04797794031182588,0.1094363041528675
1768361825.532037,0.43624410610703385,-0.059866269447547554,0.12233399415302357,0.6687492228695686,-0.7422848869368767,-0.0422802972607344,-0.6843028538683603,-0.6367521099020452,0.3553538443902232,115,0.48072949605208243,-0.04797794031182588,0.1094363041528675
1768361825.5760186,0.4360386800528455,-0.05986513607619441,0.12220076134686225,0.668733157407995,-0.7422837396495382,-0.042553660653707415,-0.6841588285639361,-0.6367549926882209,0.35562589414249174,115,0.48072949605208243,-0.04797794031182588,0.1094363041528675
1768361825.6201687,0.43605732916262346,-0.0598650212567602,0.12221463613191211,0.6687341320901398,-0.7422844258661778,-0.042526364694932206,-0.6841725777357408,-0.6367532727734698,0.35560252176651813,115,0.48072949605208243,-0.04797794031182588,0.1094363041528675
1768361825.6202714,0.43605732916262346,-0.0598650212567602,0.12221463613191211,0.6687341320901398,-0.7422844258661778,-0.042526364694932206,-0.6841725777357408,-0.6367532727734698,0.35560252176651813,115,0.48072949605208243,-0.04797794031182588,0.1094363041528675
1768361825.66423,0.43605220117779947,-0.05986455654006932,0.12221583065950642,0.6687409830786117,-0.7422787874998605,-0.04251704574389488,-0.6841659415223934,-0.6367545784772912,0.3556129514640656,115,0.48072949605208243,-0.04797794031182588,0.1094363041528675
1768361825.677999,0.43605220117779947,-0.05986455654006932,0.12221583065950642,0.6687409830786117,-0.7422787874998605,-0.04251704574389488,-0.6841659415223934,-0.6367545784772912,0.3556129514640656,115,0.48072949605208243,-0.04797794031182588,0.1094363041528675
1768361825.7201364,0.4360739426814288,-0.05986959500150402,0.12223982131180944,0.6687418726003715,-0.7422812968516891,-0.04245920601145918,-0.684188065183953,-0.6367441055303027,0.35558913865900643,115,0.48072949605208243,-0.04797794031182588,0.1094363041528675
1768361825.7640803,0.4360633411593008,-0.05987713630387054,0.12223475629568623,0.6687292285581817,-0.7422920426059769,-0.04247048805730838,-0.6841916167008903,-0.6367326229799227,0.35560286622766396,115,0.48072949605208243,-0.04797794031182588,0.1094363041528675
1768361825.8124623,0.43609131051381367,-0.05990746030805967,0.12228422566698938,0.6687144852717908,-0.7423130289034363,-0.04233561512356372,-0.6842460597976665,-0.6366844157395659,0.35558442655118677,115,0.48072949605208243,-0.04797794031182588,0.1094363041528675
1768361825.8125997,0.43609131051381367,-0.05990746030805967,0.12228422566698938,0.6687144852717908,-0.7423130289034363,-0.04233561512356372,-0.6842460597976665,-0.6366844157395659,0.35558442655118677,115,0.48072949605208243,-0.04797794031182588,0.1094363041528675
1768361825.8564312,0.4361959807390019,-0.060085731472940565,0.12254535821867757,0.668617522169736,-0.7424419286337801,-0.041600380456863095,-0.6845351803721623,-0.6363910041074036,0.3555531981631188,115,0.48072949605208243,-0.04797794031182588,0.1094363041528675
1768361825.8779855,0.4361959807390019,-0.060085731472940565,0.12254535821867757,0.668617522169736,-0.7424419286337801,-0.041600380456863095,-0.6845351803721623,-0.6363910041074036,0.3555531981631188,115,0.48072949605208243,-0.04797794031182588,0.1094363041528675
1768361825.9202828,0.4363087522648203,-0.06028747268261071,0.1228390950277462,0.6685108917193784,-0.7425838284016296,-0.040773097122257046,-0.6848558703920827,-0.6360621014329918,0.35552417626674754,115,0.48072949605208243,-0.04797794031182588,0.1094363041528675
1768361825.9641492,0.43649599428738695,-0.06054945095571593,0.12330725787707347,0.6684516917354988,-0.7427084969045028,-0.03945154549322312,-0.6852701238812511,-0.6356387879266878,0.35548303559926153,115,0.48072949605208243,-0.04797794031182588,0.1094363041528675
1768361826.0081208,0.43721109678113856,-0.06127848630916834,0.1248915331179635,0.6684500848511153,-0.7429308206074909,-0.03504682373650336,-0.6865197657054307,-0.6344502593139097,0.3551949883546698,115,0.48072949605208243,-0.04797794031182588,0.1094363041528675
1768361826.0521681,0.43776080041107335,-0.061667500993748986,0.1259477741544995,0.6685652848532113,-0.7429573452092088,-0.03216897711817024,-0.6872675096813855,-0.6338173868665578,0.3548786979264818,115,0.48072949605208243,-0.04797794031182588,0.1094363041528675
1768361826.0523162,0.43776080041107335,-0.061667500993748986,0.1259477741544995,0.6685652848532113,-0.7429573452092088,-0.03216897711817024,-0.6872675096813855,-0.6338173868665578,0.3548786979264818,115,0.48072949605208243,-0.04797794031182588,0.1094363041528675
1768361826.0961232,0.4390362780982396,-0.06256606934133398,0.1284834566813837,0.6691506690017563,-0.7426927712874377,-0.025393496251748804,-0.6887243755565243,-0.632635484051187,0.3541625034268815,115,0.48072949605208243,-0.04797794031182588,0.1094363041528675
1768361826.1114314,0.4390362780982396,-0.06256606934133398,0.1284834566813837,0.6691506690017563,-0.7426927712874377,-0.025393496251748804,-0.6887243755565243,-0.632635484051187,0.3541625034268815,115,0.48072949605208243,-0.04797794031182588,0.1094363041528675
1768361826.1523888,0.4390362780982396,-0.06256606934133398,0.1284834566813837,0.6691506690017563,-0.7426927712874377,-0.025393496251748804,-0.6887243755565243,-0.632635484051187,0.3541625034268815,115,0.48072949605208243,-0.04797794031182588,0.1094363041528675
1768361826.1960576,0.439737715474272,-0.06297766257689026,0.1298639728532474,0.6695600872051608,-0.7424400189139275,-0.021728044939766905,-0.6894250730433504,-0.6321020254485006,0.3537514637186313,115,0.48072949605208243,-0.04797794031182588,0.1094363041528675
1768361826.241063,0.4413165949264446,-0.0634789719917182,0.13273781912813873,0.6711872197997668,-0.7411479130294334,-0.014404408685376208,-0.6901764149075438,-0.6318815816749197,0.3526785831963323,115,0.48072949605208243,-0.04797794031182588,0.1094363041528675
1768361826.2840877,0.4430850714746383,-0.06375322279658824,0.13590285573548863,0.6725824374071354,-0.7399970686780507,-0.006099445824756383,-0.6913729857913141,-0.6312845068057387,0.3514018582549596,115,0.48072949605208243,-0.04797794031182588,0.1094363041528675
1768361826.2842038,0.4430850714746383,-0.06375322279658824,0.13590285573548863,0.6725824374071354,-0.7399970686780507,-0.006099445824756383,-0.6913729857913141,-0.6312845068057387,0.3514018582549596,115,0.48072949605208243,-0.04797794031182588,0.1094363041528675
1768361826.3280892,0.44409572382429097,-0.06387407751898552,0.13766737602340845,0.673324428793058,-0.7393454829560886,-0.0015717579109634783,-0.6920503150455928,-0.6309978549945074,0.35058247023721373,115,0.48072949605208243,-0.04797794031182588,0.1094363041528675
1768361826.3446724,0.44409572382429097,-0.06387407751898552,0.13766737602340845,0.673324428793058,-0.7393454829560886,-0.0015717579109634783,-0.6920503150455928,-0.6309978549945074,0.35058247023721373,115,0.48072949605208243,-0.04797794031182588,0.1094363041528675
1768361826.3881047,0.4451667109477059,-0.06412765380414845,0.13962949742382805,0.6737943378953045,-0.7389107522386469,0.003477131913690479,-0.6930837652759552,-0.6303603088714703,0.3496866816313843,115,0.48072949605208243,-0.04797794031182588,0.1094363041528675
1768361826.4321349,0.44630717242540774,-0.0645600720304403,0.1417980961615548,0.6739288828968222,-0.738741857648271,0.008962619919590076,-0.6945229731900556,-0.6293598138616674,0.3486317031012135,115,0.48072949605208243,-0.04797794031182588,0.1094363041528675
1768361826.4802704,0.4488883418298885,-0.06556176792532085,0.14676333282199316,0.6737184098749497,-0.7387003618654707,0.02062230771258633,-0.6981232470836068,-0.6270636396402481,0.3455649341622596,115,0.48072949605208243,-0.04797794031182588,0.1094363041528675
1768361826.4805238,0.4488883418298885,-0.06556176792532085,0.14676333282199316,0.6737184098749497,-0.7387003618654707,0.02062230771258633,-0.6981232470836068,-0.6270636396402481,0.3455649341622596,115,0.48072949605208243,-0.04797794031182588,0.1094363041528675
1768361826.5240698,0.4521287318898808,-0.06632845768179776,0.15232931909060843,0.671676254194837,-0.7401156387860063,0.032861082988462076,-0.7037379150969304,-0.6235438720653609,0.3405084234857669,115,0.48072949605208243,-0.04797794031182588,0.1094363041528675
1768361826.5452425,0.4521287318898808,-0.06632845768179776,0.15232931909060843,0.671676254194837,-0.7401156387860063,0.032861082988462076,-0.7037379150969304,-0.6235438720653609,0.3405084234857669,115,0.48072949605208243,-0.04797794031182588,0.1094363041528675
1768361826.5880637,0.4540490896809398,-0.0664527333531436,0.15526943059857382,0.6704312980458577,-0.7409602338971746,0.03872733380431982,-0.7068197942502372,-0.6219229987555036,0.3370720428558482,115,0.48072949605208243,-0.04797794031182588,0.1094363041528675
1768361826.6321285,0.45606819348011185,-0.06661212180212907,0.1582933338802281,0.6694577239013114,-0.7414999158738697,0.0447686348677286,-0.7096553207291022,-0.6205658523293881,0.3335975849486555,115,0.48072949605208243,-0.04797794031182588,0.1094363041528675
1768361826.677882,0.45817061154899585,-0.06677346885848352,0.16133208774670915,0.6689310132814664,-0.7415962259912563,0.05065902748530071,-0.7120367780010215,-0.6197201490629342,0.3300766026535947,115,0.48072949605208243,-0.04797794031182588,0.1094363041528675
1768361826.7201679,0.4626242075413072,-0.06701922367701761,0.16754141708586084,0.6681755981147798,-0.741411729028116,0.062048514434236285,-0.7164356538138809,-0.618684011883753,0.32241285238603773,115,0.48072949605208243,-0.04797794031182588,0.1094363041528675
1768361826.720326,0.4626242075413072,-0.06701922367701761,0.16754141708586084,0.6681755981147798,-0.741411729028116,0.062048514434236285,-0.7164356538138809,-0.618684011883753,0.32241285238603773,115,0.48072949605208243,-0.04797794031182588,0.1094363041528675
1768361826.768099,0.4668434592268472,-0.06654969029238433,0.1735715661726233,0.6658373698097823,-0.7427512760835735,0.07057718357241982,-0.7218451200414528,-0.6173835759250917,0.3126933687341123,115,0.48072949605208243,-0.04797794031182588,0.1094363041528675
1768361826.7781343,0.4668434592268472,-0.06654969029238433,0.1735715661726233,0.6658373698097823,-0.7427512760835735,0.07057718357241982,-0.7218451200414528,-0.6173835759250917,0.3126933687341123,115,0.48072949605208243,-0.04797794031182588,0.1094363041528675
1768361826.8203325,0.4687366874840203,-0.06576366823235381,0.1763235856148897,0.6644826054209183,-0.7437875283310059,0.07240842348982238,-0.7244481209508727,-0.6173492950806079,0.30668349794898697,115,0.48072949605208243,-0.04797794031182588,0.1094363041528675
1768361826.8644617,0.4705349730227271,-0.06487587451609962,0.17889273273773199,0.6634675261459199,-0.7446052969735342,0.0733061625565554,-0.7266043552001447,-0.6178409521926614,0.30053064535559026,115,0.48072949605208243,-0.04797794031182588,0.1094363041528675
1768361826.9094782,0.4737527211098342,-0.06233353452921321,0.18354986253343564,0.6631402327939437,-0.7450932366874252,0.07128183704598501,-0.7290087766655118,-0.6213515129523886,0.2871732941908623,115,0.48072949605208243,-0.04797794031182588,0.1094363041528675
1768361826.9521239,0.4766956266891786,-0.058830476796517414,0.18762753224966866,0.6650039235948941,-0.7440129424785117,0.06491935788240147,-0.729085964069322,-0.6278973528740579,0.27235743289078473,115,0.48072949605208243,-0.04797794031182588,0.1094363041528675
1768361826.9522238,0.4766956266891786,-0.058830476796517414,0.18762753224966866,0.6650039235948941,-0.7440129424785117,0.06491935788240147,-0.729085964069322,-0.6278973528740579,0.27235743289078473,115,0.48072949605208243,-0.04797794031182588,0.1094363041528675
1768361826.9960673,0.47800970093277545,-0.057172950966071764,0.18953956245599823,0.6648926516161705,-0.7443425790089168,0.06222448795427848,-0.7299921966585593,-0.6299039870406044,0.26520248854028783,115,0.48072949605208243,-0.04797794031182588,0.1094363041528675
1768361827.011319,0.47800970093277545,-0.057172950966071764,0.18953956245599823,0.6648926516161705,-0.7443425790089168,0.06222448795427848,-0.7299921966585593,-0.6299039870406044,0.26520248854028783,115,0.48072949605208243,-0.04797794031182588,0.1094363041528675
1768361827.05208,0.4792411273335723,-0.055434518734334054,0.19133634130629282,0.6634483871659127,-0.7458355717573071,0.05971212162032331,-0.7320493330289977,-0.6305346592475869,0.257933746336786,115,0.48072949605208243,-0.04797794031182588,0.1094363041528675
1768361827.0960624,0.48042832764654175,-0.05380994785146963,0.19307225804893346,0.6621069558529501,-0.7472054124760302,0.05743213889160807,-0.7339717275218703,-0.6310855563120182,0.25103092202537824,115,0.48072949605208243,-0.04797794031182588,0.1094363041528675
1768361827.1441476,0.48289492862472255,-0.051512227752144285,0.19669430527421547,0.6630169774591266,-0.7465268712400414,0.055732558863906954,-0.734629069003741,-0.6345156156861165,0.24022919145092536,115,0.48072949605208243,-0.04797794031182588,0.1094363041528675
1768361827.1881027,0.4852097128128923,-0.05017688336504822,0.20036617117408584,0.6634014258789078,-0.7460732832626212,0.05721192308919932,-0.735699997029657,-0.6364008767060108,0.23181768374820644,115,0.48072949605208243,-0.04797794031182588,0.1094363041528675
1768361827.188252,0.4852097128128923,-0.05017688336504822,0.20036617117408584,0.6634014258789078,-0.7460732832626212,0.05721192308919932,-0.735699997029657,-0.6364008767060108,0.23181768374820644,115,0.48072949605208243,-0.04797794031182588,0.1094363041528675
1768361827.2320888,0.48638057838548177,-0.04979566305913169,0.20224557240201108,0.6633994183668686,-0.7459439371469218,0.0588969807736354,-0.7363984624800893,-0.6368901448264832,0.22822849927180813,115,0.48072949605208243,-0.04797794031182588,0.1094363041528675
1768361827.2447653,0.48638057838548177,-0.04979566305913169,0.20224557240201108,0.6633994183668686,-0.7459439371469218,0.0588969807736354,-0.7363984624800893,-0.6368901448264832,0.22822849927180813,115,0.48072949605208243,-0.04797794031182588,0.1094363041528675
1768361827.2881167,0.4876895656246116,-0.04957552359788811,0.20422893755872354,0.6633644244031615,-0.7457750346247439,0.06137783123184236,-0.7371555341132948,-0.6371848242534374,0.22493825434385165,115,0.48072949605208243,-0.04797794031182588,0.1094363041528675
1768361827.3320768,0.4890500599638623,-0.04938514213320763,0.20628611012650547,0.6629675383428842,-0.7458912790830962,0.06418911816935569,-0.7382405728466958,-0.6370967914436457,0.22160445603641313,115,0.48072949605208243,-0.04797794031182588,0.1094363041528675
1768361827.3762066,0.49147401713683764,-0.048860350594504165,0.21010165539009618,0.6603321178656155,-0.747798682748421,0.06898278187227276,-0.7418636806551634,-0.6352992238828491,0.21455343264236834,115,0.48072949605208243,-0.04797794031182588,0.1094363041528675
1768361827.4200983,0.49386760279940695,-0.04803468260145771,0.21367841086101896,0.6584137464480451,-0.749152523325206,0.07253850897093499,-0.7446907918470108,-0.6344289123245967,0.20720902428442045,115,0.48072949605208243,-0.04797794031182588,0.1094363041528675
1768361827.420213,0.49386760279940695,-0.04803468260145771,0.21367841086101896,0.6584137464480451,-0.749152523325206,0.07253850897093499,-0.7446907918470108,-0.6344289123245967,0.20720902428442045,115,0.48072949605208243,-0.04797794031182588,0.1094363041528675
1768361827.464291,0.49506656819319983,-0.04778475493467435,0.21541252962691787,0.6580230180193245,-0.7492846867179044,0.07468712075580616,-0.7455585110553162,-0.6344014088348928,0.20415033446282574,115,0.48072949605208243,-0.04797794031182588,0.1094363041528675
1768361827.4780068,0.49506656819319983,-0.04778475493467435,0.21541252962691787,0.6580230180193245,-0.7492846867179044,0.07468712075580616,-0.7455585110553162,-0.6344014088348928,0.20415033446282574,115,0.48072949605208243,-0.04797794031182588,0.1094363041528675
1768361827.520086,0.4961946847977129,-0.04761935333150069,0.21702087399776943,0.6580585898839564,-0.7490132663591601,0.07705854331558666,-0.746000044832332,-0.6346576186659096,0.2017266471725415,115,0.48072949605208243,-0.04797794031182588,0.1094363041528675
1768361827.5641665,0.498015821399,-0.047479402651127434,0.2197387604324884,0.6577389322727407,-0.7487953031766695,0.081762405256171,-0.7470380285426189,-0.6345565624017184,0.19817202886399296,115,0.48072949605208243,-0.04797794031182588,0.1094363041528675
1768361827.6091318,0.49864998655248693,-0.04742554539581295,0.22068870371942714,0.6575209546934342,-0.7488034521378623,0.08342412244342544,-0.747483677131665,-0.6344241830111841,0.19691142280811716,115,0.48072949605208243,-0.04797794031182588,0.1094363041528675
1768361827.6524503,0.49906599340804275,-0.0473662443304399,0.2213087611726559,0.6573376406554153,-0.7488476207338651,0.08446577471853035,-0.7478078887257898,-0.6343132153464216,0.19603598240211165,115,0.48072949605208243,-0.04797794031182588,0.1094363041528675
1768361827.6525605,0.49906599340804275,-0.0473662443304399,0.2213087611726559,0.6573376406554153,-0.7488476207338651,0.08446577471853035,-0.7478078887257898,-0.6343132153464216,0.19603598240211165,115,0.48072949605208243,-0.04797794031182588,0.1094363041528675
1768361827.6961007,0.49923033233743214,-0.04727750923866644,0.22154597058130815,0.657221478503257,-0.7489161377054737,0.08476170643816244,-0.7479734456644752,-0.6342585395863497,0.19558074941722503,115,0.48072949605208243,-0.04797794031182588,0.1094363041528675
1768361827.7115736,0.499188626556511,-0.04720779408840867,0.22148487127988187,0.6571901782527757,-0.7489669134963021,0.08455549713595366,-0.7479859501567295,-0.6342521688930601,0.19555358504150325,115,0.48072949605208243,-0.04797794031182588,0.1094363041528675
1768361827.7520707,0.4990425240199757,-0.04721557863249726,0.22133553269098155,0.6571797266247372,-0.7490025851996619,0.08432042621843971,-0.7479527182352684,-0.6342163813337582,0.19579661113611382,115,0.48072949605208243,-0.04797794031182588,0.1094363041528675
1768361827.7960606,0.4987317233099285,-0.047226984579181064,0.22102427738953212,0.6568039672027671,-0.7493731385715958,0.08395503471539008,-0.7481942118300495,-0.6337799813786288,0.19628641467945798,115,0.48072949605208243,-0.04797794031182588,0.1094363041528675
1768361827.8416386,0.4985782894418669,-0.04721796470950407,0.22087157058181361,0.656284426302125,-0.7498376272769349,0.08387064154391076,-0.7486069477483446,-0.6332296944601594,0.196488655745823,115,0.48072949605208243,-0.04797794031182588,0.1094363041528675
1768361827.8881598,0.4985782894418669,-0.04721796470950407,0.22087157058181361,0.656284426302125,-0.7498376272769349,0.08387064154391076,-0.7486069477483446,-0.6332296944601594,0.196488655745823,115,0.48072949605208243,-0.04797794031182588,0.1094363041528675
1768361827.8882782,0.4985782894418669,-0.04721796470950407,0.22087157058181361,0.656284426302125,-0.7498376272769349,0.08387064154391076,-0.7486069477483446,-0.6332296944601594,0.196488655745823,115,0.48072949605208243,-0.04797794031182588,0.1094363041528675
1768361827.9320922,0.49845104580015487,-0.047178411313530316,0.22074537070740086,0.655881980649862,-0.750194981585187,0.08382312964340417,-0.7489252935439562,-0.6327970513720519,0.196669256532219,115,0.48072949605208243,-0.04797794031182588,0.1094363041528675
1768361827.9446535,0.4983182907629058,-0.04711668407977995,0.22059085365205994,0.6558596901400364,-0.7502368539378858,0.08362254386706482,-0.7489046394944853,-0.6327474808547906,0.19690725333402948,115,0.48072949605208243,-0.04797794031182588,0.1094363041528675
1768361827.9882271,0.49806050274497554,-0.04708131478607297,0.22027444326402534,0.6559380378512185,-0.7502296811546683,0.0830705484179443,-0.7487501917260797,-0.6327926853742707,0.19734884779744227,115,0.48072949605208243,-0.04797794031182588,0.1094363041528675
1768361828.0320916,0.49766002225735373,-0.04678729395212247,0.21976401839048232,0.6564397338051549,-0.749884712189523,0.08221796826882498,-0.7481817168807713,-0.63322850959514,0.19810545969573656,115,0.48072949605208243,-0.04797794031182588,0.1094363041528675
